CREATE DATABASE  IF NOT EXISTS `EMM` /*!40100 DEFAULT CHARACTER SET utf8 */;
USE `EMM`;
-- MySQL dump 10.13  Distrib 8.0.18, for Win64 (x86_64)
--
-- Host: 198.71.225.61    Database: EMM
-- ------------------------------------------------------
-- Server version	5.5.51-38.1-log

/*!40101 SET @OLD_CHARACTER_SET_CLIENT=@@CHARACTER_SET_CLIENT */;
/*!40101 SET @OLD_CHARACTER_SET_RESULTS=@@CHARACTER_SET_RESULTS */;
/*!40101 SET @OLD_COLLATION_CONNECTION=@@COLLATION_CONNECTION */;
/*!50503 SET NAMES utf8 */;
/*!40103 SET @OLD_TIME_ZONE=@@TIME_ZONE */;
/*!40103 SET TIME_ZONE='+00:00' */;
/*!40014 SET @OLD_UNIQUE_CHECKS=@@UNIQUE_CHECKS, UNIQUE_CHECKS=0 */;
/*!40014 SET @OLD_FOREIGN_KEY_CHECKS=@@FOREIGN_KEY_CHECKS, FOREIGN_KEY_CHECKS=0 */;
/*!40101 SET @OLD_SQL_MODE=@@SQL_MODE, SQL_MODE='NO_AUTO_VALUE_ON_ZERO' */;
/*!40111 SET @OLD_SQL_NOTES=@@SQL_NOTES, SQL_NOTES=0 */;

--
-- Table structure for table `Account`
--

DROP TABLE IF EXISTS `Account`;
/*!40101 SET @saved_cs_client     = @@character_set_client */;
/*!50503 SET character_set_client = utf8mb4 */;
CREATE TABLE `Account` (
  `id` char(36) NOT NULL,
  `email` varchar(255) NOT NULL,
  `password` varchar(100) NOT NULL,
  `last_modified_date` timestamp NOT NULL DEFAULT CURRENT_TIMESTAMP,
  `store_domain` varchar(255) NOT NULL,
  `store_name` varchar(100) DEFAULT NULL,
  `role_id` char(36) NOT NULL,
  `status_id` char(36) NOT NULL,
  PRIMARY KEY (`id`),
  UNIQUE KEY `store_domain_UNIQUE` (`store_domain`),
  KEY `FK_Account_has_Role` (`role_id`),
  KEY `FK_Account_has_Status` (`status_id`),
  CONSTRAINT `FK_Account_has_Role` FOREIGN KEY (`role_id`) REFERENCES `Role` (`id`) ON DELETE NO ACTION ON UPDATE NO ACTION,
  CONSTRAINT `FK_Account_has_Status` FOREIGN KEY (`status_id`) REFERENCES `AccountActivationStatus` (`id`) ON DELETE NO ACTION ON UPDATE NO ACTION
) ENGINE=InnoDB DEFAULT CHARSET=utf8;
/*!40101 SET character_set_client = @saved_cs_client */;

--
-- Dumping data for table `Account`
--
-- ORDER BY:  `id`

LOCK TABLES `Account` WRITE;
/*!40000 ALTER TABLE `Account` DISABLE KEYS */;
INSERT INTO `Account` (`id`, `email`, `password`, `last_modified_date`, `store_domain`, `store_name`, `role_id`, `status_id`) VALUES ('25ff4170-0ae7-11ea-b0dc-399f3e401e24','xzczx@gmail.com','a665a45920422f9d417e4867efdc4fb8a04a1f3fff1fa07e998e86f7f7a27ae3','2019-11-19 16:10:51','sssssss','dsadas','ecb017ee-8cd4-49d3-b73b-424bab2c6422','ecb017ee-8cd4-49d3-b73b-424bab2c6422'),('35ac03b0-fe5d-11e9-82a5-4593d38a162e','1111@gmail.com','a665a45920422f9d417e4867efdc4fb8a04a1f3fff1fa07e998e86f7f7a27ae3','2019-11-03 17:13:10','111','111','ecb017ee-8cd4-49d3-b73b-424bab2c6422','ecb017ee-8cd4-49d3-b73b-424bab2c6422'),('4e88a811-3ac3-4e9b-a98a-9e5364011059','admin@emm.com','a665a45920422f9d417e4867efdc4fb8a04a1f3fff1fa07e998e86f7f7a27ae3','2019-09-27 19:29:42','admin',NULL,'d02e63f4-dc98-42b7-ac1a-6c01229510df','ecb017ee-8cd4-49d3-b73b-424bab2c6422'),('5a4ce720-fa39-11e9-9b2f-67ef4eefbdce','cac@gmail.com','a665a45920422f9d417e4867efdc4fb8a04a1f3fff1fa07e998e86f7f7a27ae3','2019-10-29 10:46:25','',NULL,'ecb017ee-8cd4-49d3-b73b-424bab2c6422','ecb017ee-8cd4-49d3-b73b-424bab2c6422'),('9a2a1f40-025c-11ea-bc8e-b9b5910cd4e5','quangvinh.nguyen1218@gmail.com','ca978112ca1bbdcafac231b39a23dc4da786eff8147c4e72b9807785afee48bb','2019-11-19 09:09:23','teststoreemm.myshopify.com','TestStoreEMM','ecb017ee-8cd4-49d3-b73b-424bab2c6422','ecb017ee-8cd4-49d3-b73b-424bab2c6422'),('c9f3edb0-f694-11e9-b5bf-3ba2fcda0117','halo@gmail.com','a665a45920422f9d417e4867efdc4fb8a04a1f3fff1fa07e998e86f7f7a27ae3','2019-10-24 19:30:51','ko','halo.shopify.com','ecb017ee-8cd4-49d3-b73b-424bab2c6422','ecb017ee-8cd4-49d3-b73b-424bab2c6422');
/*!40000 ALTER TABLE `Account` ENABLE KEYS */;
UNLOCK TABLES;

--
-- Table structure for table `AccountActivationStatus`
--

DROP TABLE IF EXISTS `AccountActivationStatus`;
/*!40101 SET @saved_cs_client     = @@character_set_client */;
/*!50503 SET character_set_client = utf8mb4 */;
CREATE TABLE `AccountActivationStatus` (
  `id` char(36) NOT NULL,
  `name` varchar(100) NOT NULL,
  PRIMARY KEY (`id`),
  UNIQUE KEY `name_UNIQUE` (`name`)
) ENGINE=InnoDB DEFAULT CHARSET=utf8;
/*!40101 SET character_set_client = @saved_cs_client */;

--
-- Dumping data for table `AccountActivationStatus`
--
-- ORDER BY:  `id`

LOCK TABLES `AccountActivationStatus` WRITE;
/*!40000 ALTER TABLE `AccountActivationStatus` DISABLE KEYS */;
INSERT INTO `AccountActivationStatus` (`id`, `name`) VALUES ('a43113d0-644e-4122-a81f-14759e5407d8','Deactivated'),('ecb017ee-8cd4-49d3-b73b-424bab2c6422','Activated');
/*!40000 ALTER TABLE `AccountActivationStatus` ENABLE KEYS */;
UNLOCK TABLES;

--
-- Table structure for table `Action`
--

DROP TABLE IF EXISTS `Action`;
/*!40101 SET @saved_cs_client     = @@character_set_client */;
/*!50503 SET character_set_client = utf8mb4 */;
CREATE TABLE `Action` (
  `id` char(36) NOT NULL,
  `next_step_id` char(36) DEFAULT NULL,
  `campaign_id` char(36) DEFAULT NULL,
  PRIMARY KEY (`id`),
  KEY `FK_Action_next_Step_idx` (`next_step_id`),
  KEY `FK_Aciton_contains_Campaign_idx` (`campaign_id`),
  CONSTRAINT `FK_Aciton_contains_Campaign` FOREIGN KEY (`campaign_id`) REFERENCES `Campaign` (`id`) ON DELETE NO ACTION ON UPDATE NO ACTION,
  CONSTRAINT `FK_Action_is_Step` FOREIGN KEY (`id`) REFERENCES `Step` (`id`) ON DELETE CASCADE ON UPDATE CASCADE,
  CONSTRAINT `FK_Action_next_Step` FOREIGN KEY (`next_step_id`) REFERENCES `Step` (`id`) ON DELETE CASCADE ON UPDATE NO ACTION
) ENGINE=InnoDB DEFAULT CHARSET=utf8;
/*!40101 SET character_set_client = @saved_cs_client */;

--
-- Dumping data for table `Action`
--
-- ORDER BY:  `id`

LOCK TABLES `Action` WRITE;
/*!40000 ALTER TABLE `Action` DISABLE KEYS */;
/*!40000 ALTER TABLE `Action` ENABLE KEYS */;
UNLOCK TABLES;

--
-- Table structure for table `Audience`
--

DROP TABLE IF EXISTS `Audience`;
/*!40101 SET @saved_cs_client     = @@character_set_client */;
/*!50503 SET character_set_client = utf8mb4 */;
CREATE TABLE `Audience` (
  `id` char(36) NOT NULL,
  `name` varchar(100) NOT NULL,
  `description` varchar(255) NOT NULL,
  `last_modified_date` timestamp NOT NULL DEFAULT CURRENT_TIMESTAMP,
  `status_id` char(36) NOT NULL,
  `criterion_id` char(36) DEFAULT NULL,
  `owner_id` char(36) NOT NULL,
  PRIMARY KEY (`id`),
  KEY `FK_Audience_has_Status` (`status_id`),
  KEY `FK_Audience_has_Criterion` (`criterion_id`),
  KEY `FK_Audience_belongs_to_Account_idx` (`owner_id`),
  CONSTRAINT `FK_Audience_belongs_to_Account` FOREIGN KEY (`owner_id`) REFERENCES `Account` (`id`) ON DELETE NO ACTION ON UPDATE NO ACTION,
  CONSTRAINT `FK_Audience_has_Criterion` FOREIGN KEY (`criterion_id`) REFERENCES `Criterion` (`id`) ON DELETE NO ACTION ON UPDATE NO ACTION,
  CONSTRAINT `FK_Audience_has_Status` FOREIGN KEY (`status_id`) REFERENCES `AudienceActivationStatus` (`id`) ON DELETE NO ACTION ON UPDATE NO ACTION
) ENGINE=InnoDB DEFAULT CHARSET=utf8;
/*!40101 SET character_set_client = @saved_cs_client */;

--
-- Dumping data for table `Audience`
--
-- ORDER BY:  `id`

LOCK TABLES `Audience` WRITE;
/*!40000 ALTER TABLE `Audience` DISABLE KEYS */;
INSERT INTO `Audience` (`id`, `name`, `description`, `last_modified_date`, `status_id`, `criterion_id`, `owner_id`) VALUES ('03ad4fc0-0bd9-11ea-81d3-81b6100dedea','nguyen','','2019-11-20 21:02:08','dd4c512d-483a-4a66-aa34-b074080541fe','0346c5c0-0bd9-11ea-81d3-81b6100dedea','c9f3edb0-f694-11e9-b5bf-3ba2fcda0117'),('04c214c0-0bd1-11ea-be1f-c957403d62c3','order count 3','','2019-11-20 20:04:54','573600b1-a19e-48ed-ba62-cea9ddaaa3df','04781370-0bd1-11ea-be1f-c957403d62c3','c9f3edb0-f694-11e9-b5bf-3ba2fcda0117'),('0508b450-0bc9-11ea-ac62-4981142366a4','can  = 2','','2019-11-20 19:07:38','573600b1-a19e-48ed-ba62-cea9ddaaa3df','04a585b0-0bc9-11ea-ac62-4981142366a4','c9f3edb0-f694-11e9-b5bf-3ba2fcda0117'),('0dbf3c50-0e84-11ea-860a-cba7270a9dc3','order count  =1','','2019-11-24 06:31:31','573600b1-a19e-48ed-ba62-cea9ddaaa3df','0d7031f0-0e84-11ea-860a-cba7270a9dc3','c9f3edb0-f694-11e9-b5bf-3ba2fcda0117'),('0f6b4d00-0bc3-11ea-be8f-e10fe3eb2574','Cancelled order < 2','','2019-11-20 18:24:59','dd4c512d-483a-4a66-aa34-b074080541fe','0f14efa0-0bc3-11ea-be8f-e10fe3eb2574','c9f3edb0-f694-11e9-b5bf-3ba2fcda0117'),('17f557b0-0e87-11ea-891a-b5e6f4da08ab','order = 2','','2019-11-24 06:53:17','573600b1-a19e-48ed-ba62-cea9ddaaa3df','17973220-0e87-11ea-891a-b5e6f4da08ab','c9f3edb0-f694-11e9-b5bf-3ba2fcda0117'),('18160660-11b9-11ea-85a0-3b618e150440','new','','2019-11-28 08:28:45','dd4c512d-483a-4a66-aa34-b074080541fe','17b34cf0-11b9-11ea-85a0-3b618e150440','c9f3edb0-f694-11e9-b5bf-3ba2fcda0117'),('1db32780-061d-11ea-8777-7dceab78a303','Test3','','2019-11-13 13:54:31','dd4c512d-483a-4a66-aa34-b074080541fe','1afce120-061d-11ea-8777-7dceab78a303','c9f3edb0-f694-11e9-b5bf-3ba2fcda0117'),('23ef07a0-061c-11ea-a203-391228193963','Test','','2019-11-13 13:47:31','dd4c512d-483a-4a66-aa34-b074080541fe','23974ab0-061c-11ea-a203-391228193963','c9f3edb0-f694-11e9-b5bf-3ba2fcda0117'),('2ebaf1f0-0bd3-11ea-be1f-c957403d62c3','spent 3','','2019-11-20 20:20:23','573600b1-a19e-48ed-ba62-cea9ddaaa3df','2e6f42f0-0bd3-11ea-be1f-c957403d62c3','c9f3edb0-f694-11e9-b5bf-3ba2fcda0117'),('32125820-0bc4-11ea-be8f-e10fe3eb2574','tonguyet','','2019-11-20 18:33:06','dd4c512d-483a-4a66-aa34-b074080541fe','31b89f60-0bc4-11ea-be8f-e10fe3eb2574','c9f3edb0-f694-11e9-b5bf-3ba2fcda0117'),('34ea0cb0-11b8-11ea-9630-29c4d4cb5257','new','','2019-11-28 08:22:24','dd4c512d-483a-4a66-aa34-b074080541fe','348d46b0-11b8-11ea-9630-29c4d4cb5257','c9f3edb0-f694-11e9-b5bf-3ba2fcda0117'),('3ba11dc0-0626-11ea-86e3-dbb3e7504d58','Test4','','2019-11-13 14:59:47','dd4c512d-483a-4a66-aa34-b074080541fe','3944b730-0626-11ea-86e3-dbb3e7504d58','c9f3edb0-f694-11e9-b5bf-3ba2fcda0117'),('3d9faa00-0e83-11ea-9d40-0769689711dc','test on 2','','2019-11-24 06:25:42','573600b1-a19e-48ed-ba62-cea9ddaaa3df','3d3f6190-0e83-11ea-9d40-0769689711dc','c9f3edb0-f694-11e9-b5bf-3ba2fcda0117'),('46ffc290-11b9-11ea-bda7-db6625ba0ada','new','','2019-11-28 08:30:04','573600b1-a19e-48ed-ba62-cea9ddaaa3df','46ae6e40-11b9-11ea-bda7-db6625ba0ada','c9f3edb0-f694-11e9-b5bf-3ba2fcda0117'),('49800150-0bc5-11ea-a4c9-9394f8104b96','toanhnguyet','','2019-11-20 18:40:57','dd4c512d-483a-4a66-aa34-b074080541fe','47feb880-0bc5-11ea-a4c9-9394f8104b96','c9f3edb0-f694-11e9-b5bf-3ba2fcda0117'),('4f014b70-061b-11ea-b672-451a6c39b765','Test','','2019-11-13 13:41:35','dd4c512d-483a-4a66-aa34-b074080541fe','47eed6e0-061b-11ea-b672-451a6c39b765','c9f3edb0-f694-11e9-b5bf-3ba2fcda0117'),('5064a0c0-0e86-11ea-9c31-a17886d2f9f6','order = 3','','2019-11-24 06:47:42','dd4c512d-483a-4a66-aa34-b074080541fe','4fefe5f0-0e86-11ea-9c31-a17886d2f9f6','c9f3edb0-f694-11e9-b5bf-3ba2fcda0117'),('53554c20-0bd5-11ea-be1f-c957403d62c3','ninomax','','2019-11-20 20:35:44','dd4c512d-483a-4a66-aa34-b074080541fe','530382a0-0bd5-11ea-be1f-c957403d62c3','c9f3edb0-f694-11e9-b5bf-3ba2fcda0117'),('56126190-0bdb-11ea-bf65-e31183cf275d','kj','','2019-11-20 21:18:45','dd4c512d-483a-4a66-aa34-b074080541fe','55bec350-0bdb-11ea-bf65-e31183cf275d','c9f3edb0-f694-11e9-b5bf-3ba2fcda0117'),('56f3c670-0e84-11ea-b694-adca6a150466','spent < 3','','2019-11-24 06:33:34','573600b1-a19e-48ed-ba62-cea9ddaaa3df','56a5a670-0e84-11ea-b694-adca6a150466','c9f3edb0-f694-11e9-b5bf-3ba2fcda0117'),('5ad2b760-1721-11ea-bf38-d114c9a65cf1','12312','','2019-12-05 05:37:41','dd4c512d-483a-4a66-aa34-b074080541fe','5a7c32f0-1721-11ea-bf38-d114c9a65cf1','c9f3edb0-f694-11e9-b5bf-3ba2fcda0117'),('5bd4b5a0-0bbe-11ea-bc2e-c3c5ba364285','OrderCount > 1','','2019-11-20 17:51:27','dd4c512d-483a-4a66-aa34-b074080541fe','5b807b20-0bbe-11ea-bc2e-c3c5ba364285','c9f3edb0-f694-11e9-b5bf-3ba2fcda0117'),('5c679b40-0bc8-11ea-ac62-4981142366a4','total =2','','2019-11-20 19:02:55','573600b1-a19e-48ed-ba62-cea9ddaaa3df','5c0f4210-0bc8-11ea-ac62-4981142366a4','c9f3edb0-f694-11e9-b5bf-3ba2fcda0117'),('6ad8ba80-0bc6-11ea-ac62-4981142366a4','test','','2019-11-20 18:49:01','573600b1-a19e-48ed-ba62-cea9ddaaa3df','6a753dc0-0bc6-11ea-ac62-4981142366a4','c9f3edb0-f694-11e9-b5bf-3ba2fcda0117'),('6b3b9400-0e84-11ea-b694-adca6a150466','spent < 3','','2019-11-24 06:34:08','dd4c512d-483a-4a66-aa34-b074080541fe','6aeefaa0-0e84-11ea-b694-adca6a150466','c9f3edb0-f694-11e9-b5bf-3ba2fcda0117'),('6bd98590-061c-11ea-8d59-e7a59a172581','Test2','','2019-11-13 13:49:33','dd4c512d-483a-4a66-aa34-b074080541fe','69ec82a0-061c-11ea-8d59-e7a59a172581','c9f3edb0-f694-11e9-b5bf-3ba2fcda0117'),('712dd7e0-0bd9-11ea-98a2-efba05f1f6c8','kui','','2019-11-20 21:05:16','dd4c512d-483a-4a66-aa34-b074080541fe','6fcc9a30-0bd9-11ea-98a2-efba05f1f6c8','c9f3edb0-f694-11e9-b5bf-3ba2fcda0117'),('71c940d0-0e87-11ea-89df-a3a928457997','Cancel = 3','','2019-11-24 06:55:48','573600b1-a19e-48ed-ba62-cea9ddaaa3df','716bde90-0e87-11ea-89df-a3a928457997','c9f3edb0-f694-11e9-b5bf-3ba2fcda0117'),('72011890-128b-11ea-a354-d144ac7a4391','Cancelled order greater then 2','','2019-11-29 09:34:31','dd4c512d-483a-4a66-aa34-b074080541fe','719e5f20-128b-11ea-a354-d144ac7a4391','c9f3edb0-f694-11e9-b5bf-3ba2fcda0117'),('74949d20-11b9-11ea-bda7-db6625ba0ada','old','','2019-11-28 08:31:21','573600b1-a19e-48ed-ba62-cea9ddaaa3df','74267200-11b9-11ea-bda7-db6625ba0ada','c9f3edb0-f694-11e9-b5bf-3ba2fcda0117'),('79290780-0e86-11ea-b18f-d9efeca33dbd','order >2','','2019-11-24 06:48:50','dd4c512d-483a-4a66-aa34-b074080541fe','78d430c0-0e86-11ea-b18f-d9efeca33dbd','c9f3edb0-f694-11e9-b5bf-3ba2fcda0117'),('79925470-0bc4-11ea-be8f-e10fe3eb2574','tonguyet','','2019-11-20 18:35:06','573600b1-a19e-48ed-ba62-cea9ddaaa3df','793fc7a0-0bc4-11ea-be8f-e10fe3eb2574','c9f3edb0-f694-11e9-b5bf-3ba2fcda0117'),('7cb888c0-0bc6-11ea-ac62-4981142366a4','cancelorder','','2019-11-20 18:49:31','573600b1-a19e-48ed-ba62-cea9ddaaa3df','7c6a1aa0-0bc6-11ea-ac62-4981142366a4','c9f3edb0-f694-11e9-b5bf-3ba2fcda0117'),('865fb580-0e85-11ea-8c8f-f7fca777e5c8','orderr = 1','','2019-11-24 06:42:03','573600b1-a19e-48ed-ba62-cea9ddaaa3df','860f2480-0e85-11ea-8c8f-f7fca777e5c8','c9f3edb0-f694-11e9-b5bf-3ba2fcda0117'),('8ddb8520-0e83-11ea-a6cd-c91a3f43b3f6','Cancel > 2','','2019-11-24 06:27:57','dd4c512d-483a-4a66-aa34-b074080541fe','8d7bb1e0-0e83-11ea-a6cd-c91a3f43b3f6','c9f3edb0-f694-11e9-b5bf-3ba2fcda0117'),('9c2c6eb0-061c-11ea-b1d3-b3848489dcad','Test2','','2019-11-13 13:50:53','dd4c512d-483a-4a66-aa34-b074080541fe','9bd1f2a0-061c-11ea-b1d3-b3848489dcad','c9f3edb0-f694-11e9-b5bf-3ba2fcda0117'),('9e5831d0-0bce-11ea-be1f-c957403d62c3','123','','2019-11-20 19:47:43','573600b1-a19e-48ed-ba62-cea9ddaaa3df','9df2e050-0bce-11ea-be1f-c957403d62c3','c9f3edb0-f694-11e9-b5bf-3ba2fcda0117'),('a4012ba0-0589-11ea-8427-0f31618256e7','hello son','','2019-11-12 20:18:50','573600b1-a19e-48ed-ba62-cea9ddaaa3df','a39e2410-0589-11ea-8427-0f31618256e7','c9f3edb0-f694-11e9-b5bf-3ba2fcda0117'),('a441c7b0-0bd7-11ea-be1f-c957403d62c3','PT200','','2019-11-20 20:52:18','dd4c512d-483a-4a66-aa34-b074080541fe','a3f75130-0bd7-11ea-be1f-c957403d62c3','c9f3edb0-f694-11e9-b5bf-3ba2fcda0117'),('a86e0090-0616-11ea-b992-69c15e91792a','demo','','2019-11-13 13:08:17','573600b1-a19e-48ed-ba62-cea9ddaaa3df','a811fde0-0616-11ea-b992-69c15e91792a','c9f3edb0-f694-11e9-b5bf-3ba2fcda0117'),('b1032000-0e86-11ea-a025-455f7da904dc','order <2','','2019-11-24 06:50:24','dd4c512d-483a-4a66-aa34-b074080541fe','b0a82ec0-0e86-11ea-a025-455f7da904dc','c9f3edb0-f694-11e9-b5bf-3ba2fcda0117'),('b18544c0-0bc7-11ea-ac62-4981142366a4','total order > 2','','2019-11-20 18:58:09','573600b1-a19e-48ed-ba62-cea9ddaaa3df','b13b9190-0bc7-11ea-ac62-4981142366a4','c9f3edb0-f694-11e9-b5bf-3ba2fcda0117'),('b7b526e0-0bda-11ea-bf65-e31183cf275d','khm','','2019-11-20 21:14:20','dd4c512d-483a-4a66-aa34-b074080541fe','b76ad770-0bda-11ea-bf65-e31183cf275d','c9f3edb0-f694-11e9-b5bf-3ba2fcda0117'),('b7bb5ab0-0bd5-11ea-be1f-c957403d62c3','heroku','','2019-11-20 20:38:32','dd4c512d-483a-4a66-aa34-b074080541fe','b7713250-0bd5-11ea-be1f-c957403d62c3','c9f3edb0-f694-11e9-b5bf-3ba2fcda0117'),('b92d58b0-0bbe-11ea-bc2e-c3c5ba364285','OrderCount > 1','','2019-11-20 17:54:03','573600b1-a19e-48ed-ba62-cea9ddaaa3df','b8d9e180-0bbe-11ea-bc2e-c3c5ba364285','c9f3edb0-f694-11e9-b5bf-3ba2fcda0117'),('be4074a0-0bdb-11ea-bf65-e31183cf275d','co','','2019-11-20 21:21:40','dd4c512d-483a-4a66-aa34-b074080541fe','bddd1ef0-0bdb-11ea-bf65-e31183cf275d','c9f3edb0-f694-11e9-b5bf-3ba2fcda0117'),('c3dcf790-0bc6-11ea-ac62-4981142366a4','cancel = 2','','2019-11-20 18:51:30','573600b1-a19e-48ed-ba62-cea9ddaaa3df','c3920be0-0bc6-11ea-ac62-4981142366a4','c9f3edb0-f694-11e9-b5bf-3ba2fcda0117'),('c6af0030-061c-11ea-8777-7dceab78a303','Test3','','2019-11-13 13:52:05','dd4c512d-483a-4a66-aa34-b074080541fe','c31314c0-061c-11ea-8777-7dceab78a303','c9f3edb0-f694-11e9-b5bf-3ba2fcda0117'),('c7dbe760-0bc2-11ea-be8f-e10fe3eb2574','Cancelled order < 2','','2019-11-20 18:22:59','dd4c512d-483a-4a66-aa34-b074080541fe','c790ad90-0bc2-11ea-be8f-e10fe3eb2574','c9f3edb0-f694-11e9-b5bf-3ba2fcda0117'),('d02cd7f0-0bd9-11ea-bf65-e31183cf275d','gui','','2019-11-20 21:07:51','dd4c512d-483a-4a66-aa34-b074080541fe','cfd56920-0bd9-11ea-bf65-e31183cf275d','c9f3edb0-f694-11e9-b5bf-3ba2fcda0117'),('d0d0ebb0-0bcf-11ea-be1f-c957403d62c3','cancel < 3','','2019-11-20 19:56:17','573600b1-a19e-48ed-ba62-cea9ddaaa3df','d084ee90-0bcf-11ea-be1f-c957403d62c3','c9f3edb0-f694-11e9-b5bf-3ba2fcda0117'),('d8729a90-0e85-11ea-96f9-3701c763bc6e','or = 2','','2019-11-24 06:44:21','573600b1-a19e-48ed-ba62-cea9ddaaa3df','d8245380-0e85-11ea-96f9-3701c763bc6e','c9f3edb0-f694-11e9-b5bf-3ba2fcda0117'),('e756a310-0e87-11ea-a145-df9c3095b372','order = 1','','2019-11-24 06:59:05','573600b1-a19e-48ed-ba62-cea9ddaaa3df','e6fb3ca0-0e87-11ea-a145-df9c3095b372','c9f3edb0-f694-11e9-b5bf-3ba2fcda0117'),('e879afd0-0bd5-11ea-be1f-c957403d62c3','koko','','2019-11-20 20:39:54','dd4c512d-483a-4a66-aa34-b074080541fe','e82ffca0-0bd5-11ea-be1f-c957403d62c3','c9f3edb0-f694-11e9-b5bf-3ba2fcda0117'),('ed4f5c20-0bc7-11ea-ac62-4981142366a4','total order = 2','','2019-11-20 18:59:49','573600b1-a19e-48ed-ba62-cea9ddaaa3df','ecfa1030-0bc7-11ea-ac62-4981142366a4','c9f3edb0-f694-11e9-b5bf-3ba2fcda0117'),('ee1472f0-044a-11ea-95d0-47fd494da26f','Minh mong mo','','2019-11-11 06:17:25','573600b1-a19e-48ed-ba62-cea9ddaaa3df','edc652f0-044a-11ea-95d0-47fd494da26f','c9f3edb0-f694-11e9-b5bf-3ba2fcda0117'),('ef83d510-0bd7-11ea-be1f-c957403d62c3','nhutmoi','','2019-11-20 20:54:25','dd4c512d-483a-4a66-aa34-b074080541fe','ef3a21e0-0bd7-11ea-be1f-c957403d62c3','c9f3edb0-f694-11e9-b5bf-3ba2fcda0117'),('efc4f660-0bcf-11ea-be1f-c957403d62c3','cancel =3','','2019-11-20 19:57:09','573600b1-a19e-48ed-ba62-cea9ddaaa3df','ef701fa0-0bcf-11ea-be1f-c957403d62c3','c9f3edb0-f694-11e9-b5bf-3ba2fcda0117'),('f078b000-0e82-11ea-82e9-afd259bd1c88','Cancel <2','','2019-11-24 06:23:33','dd4c512d-483a-4a66-aa34-b074080541fe','f01fe1a0-0e82-11ea-82e9-afd259bd1c88','c9f3edb0-f694-11e9-b5bf-3ba2fcda0117'),('f1795e20-0bc4-11ea-a4c9-9394f8104b96','toanhnguyet','','2019-11-20 18:38:30','dd4c512d-483a-4a66-aa34-b074080541fe','efb84d30-0bc4-11ea-a4c9-9394f8104b96','c9f3edb0-f694-11e9-b5bf-3ba2fcda0117');
/*!40000 ALTER TABLE `Audience` ENABLE KEYS */;
UNLOCK TABLES;

--
-- Table structure for table `AudienceActivationStatus`
--

DROP TABLE IF EXISTS `AudienceActivationStatus`;
/*!40101 SET @saved_cs_client     = @@character_set_client */;
/*!50503 SET character_set_client = utf8mb4 */;
CREATE TABLE `AudienceActivationStatus` (
  `id` char(36) NOT NULL,
  `name` varchar(100) NOT NULL,
  PRIMARY KEY (`id`),
  UNIQUE KEY `name_UNIQUE` (`name`)
) ENGINE=InnoDB DEFAULT CHARSET=utf8;
/*!40101 SET character_set_client = @saved_cs_client */;

--
-- Dumping data for table `AudienceActivationStatus`
--
-- ORDER BY:  `id`

LOCK TABLES `AudienceActivationStatus` WRITE;
/*!40000 ALTER TABLE `AudienceActivationStatus` DISABLE KEYS */;
INSERT INTO `AudienceActivationStatus` (`id`, `name`) VALUES ('573600b1-a19e-48ed-ba62-cea9ddaaa3df','Activated'),('dd4c512d-483a-4a66-aa34-b074080541fe','Deactivated');
/*!40000 ALTER TABLE `AudienceActivationStatus` ENABLE KEYS */;
UNLOCK TABLES;

--
-- Table structure for table `Audience_Campaign_Subscriber`
--

DROP TABLE IF EXISTS `Audience_Campaign_Subscriber`;
/*!40101 SET @saved_cs_client     = @@character_set_client */;
/*!50503 SET character_set_client = utf8mb4 */;
CREATE TABLE `Audience_Campaign_Subscriber` (
  `campaign_id` char(36) NOT NULL DEFAULT '',
  `subscriber_id` char(36) NOT NULL DEFAULT '',
  `audience_id` char(36) NOT NULL,
  PRIMARY KEY (`audience_id`,`campaign_id`,`subscriber_id`),
  KEY `Pk_Audience_Campaign_CampaignID` (`campaign_id`),
  KEY `PK_Campaign_Subscriber_SubscriberID_idx` (`subscriber_id`),
  KEY `PK_Audience_Campaign_Subscriber_idx` (`audience_id`),
  CONSTRAINT `FK_Audience_Campaign_Audience_CampaignID` FOREIGN KEY (`campaign_id`) REFERENCES `Campaign` (`id`),
  CONSTRAINT `FK_Audience_Campaign_Subscriber_AudienceID` FOREIGN KEY (`audience_id`) REFERENCES `Audience` (`id`) ON DELETE NO ACTION ON UPDATE NO ACTION,
  CONSTRAINT `FK_Audience_Campaign_Subscriber_SubscriberID` FOREIGN KEY (`subscriber_id`) REFERENCES `Subscriber` (`id`)
) ENGINE=InnoDB DEFAULT CHARSET=utf8;
/*!40101 SET character_set_client = @saved_cs_client */;

--
-- Dumping data for table `Audience_Campaign_Subscriber`
--
-- ORDER BY:  `audience_id`,`campaign_id`,`subscriber_id`

LOCK TABLES `Audience_Campaign_Subscriber` WRITE;
/*!40000 ALTER TABLE `Audience_Campaign_Subscriber` DISABLE KEYS */;
/*!40000 ALTER TABLE `Audience_Campaign_Subscriber` ENABLE KEYS */;
UNLOCK TABLES;

--
-- Table structure for table `Audience_Subscriber`
--

DROP TABLE IF EXISTS `Audience_Subscriber`;
/*!40101 SET @saved_cs_client     = @@character_set_client */;
/*!50503 SET character_set_client = utf8mb4 */;
CREATE TABLE `Audience_Subscriber` (
  `audience_id` char(36) NOT NULL,
  `subscriber_id` char(36) NOT NULL,
  PRIMARY KEY (`audience_id`,`subscriber_id`),
  KEY `FK_Audience_Subscriber_SubscriberID` (`subscriber_id`),
  KEY `FK_Audience_VIsitor_AudienceID` (`audience_id`),
  CONSTRAINT `FK_Audience_Subscriber_AudienceID` FOREIGN KEY (`audience_id`) REFERENCES `Audience` (`id`) ON DELETE NO ACTION ON UPDATE NO ACTION,
  CONSTRAINT `FK_Audience_Subscriber_SubscriberID` FOREIGN KEY (`subscriber_id`) REFERENCES `Subscriber` (`id`) ON DELETE CASCADE ON UPDATE NO ACTION
) ENGINE=InnoDB DEFAULT CHARSET=utf8;
/*!40101 SET character_set_client = @saved_cs_client */;

--
-- Dumping data for table `Audience_Subscriber`
--
-- ORDER BY:  `audience_id`,`subscriber_id`

LOCK TABLES `Audience_Subscriber` WRITE;
/*!40000 ALTER TABLE `Audience_Subscriber` DISABLE KEYS */;
INSERT INTO `Audience_Subscriber` (`audience_id`, `subscriber_id`) VALUES ('04c214c0-0bd1-11ea-be1f-c957403d62c3','3a19e9d0-0bbe-11ea-bc2e-c3c5ba364285'),('17f557b0-0e87-11ea-891a-b5e6f4da08ab','1dc5ad50-09bb-11ea-9274-edc9d0b6c283'),('17f557b0-0e87-11ea-891a-b5e6f4da08ab','77172060-0794-11ea-a89e-5ff58f72d78a'),('2ebaf1f0-0bd3-11ea-be1f-c957403d62c3','3a19e9d0-0bbe-11ea-bc2e-c3c5ba364285'),('3d9faa00-0e83-11ea-9d40-0769689711dc','d36409f0-1a86-11ea-8697-0f460c479463'),('3d9faa00-0e83-11ea-9d40-0769689711dc','ef5e1a50-128a-11ea-a354-d144ac7a4391'),('46ffc290-11b9-11ea-bda7-db6625ba0ada','1dc5ad50-09bb-11ea-9274-edc9d0b6c283'),('46ffc290-11b9-11ea-bda7-db6625ba0ada','bc1ed910-f893-11e9-a507-f1a6dbfc62ec'),('46ffc290-11b9-11ea-bda7-db6625ba0ada','dca0bc70-09ba-11ea-a9e4-c102a6fd2cc1'),('56f3c670-0e84-11ea-b694-adca6a150466','b8364480-09bb-11ea-9af9-051763449530'),('6ad8ba80-0bc6-11ea-ac62-4981142366a4','21015a90-1272-11ea-95c7-e5e1411dda59'),('6ad8ba80-0bc6-11ea-ac62-4981142366a4','47c8cab0-1a87-11ea-8697-0f460c479463'),('6ad8ba80-0bc6-11ea-ac62-4981142366a4','5ca18da0-1a87-11ea-8697-0f460c479463'),('6ad8ba80-0bc6-11ea-ac62-4981142366a4','92fe9880-1a86-11ea-8697-0f460c479463'),('6ad8ba80-0bc6-11ea-ac62-4981142366a4','bb2d9d10-1a86-11ea-8697-0f460c479463'),('6ad8ba80-0bc6-11ea-ac62-4981142366a4','d36409f0-1a86-11ea-8697-0f460c479463'),('6ad8ba80-0bc6-11ea-ac62-4981142366a4','d41b57d0-128a-11ea-a354-d144ac7a4391'),('6ad8ba80-0bc6-11ea-ac62-4981142366a4','d41bf410-128a-11ea-a354-d144ac7a4391'),('6ad8ba80-0bc6-11ea-ac62-4981142366a4','dd49b0e0-1271-11ea-95c7-e5e1411dda59'),('6ad8ba80-0bc6-11ea-ac62-4981142366a4','ef5e1a50-128a-11ea-a354-d144ac7a4391'),('71c940d0-0e87-11ea-89df-a3a928457997','21015a90-1272-11ea-95c7-e5e1411dda59'),('71c940d0-0e87-11ea-89df-a3a928457997','77172060-0794-11ea-a89e-5ff58f72d78a'),('71c940d0-0e87-11ea-89df-a3a928457997','b8364480-09bb-11ea-9af9-051763449530'),('71c940d0-0e87-11ea-89df-a3a928457997','dd49b0e0-1271-11ea-95c7-e5e1411dda59'),('74949d20-11b9-11ea-bda7-db6625ba0ada','1dc5ad50-09bb-11ea-9274-edc9d0b6c283'),('74949d20-11b9-11ea-bda7-db6625ba0ada','bc1ed910-f893-11e9-a507-f1a6dbfc62ec'),('74949d20-11b9-11ea-bda7-db6625ba0ada','ed9b0aa0-f97d-11e9-bf46-ddba147d707b'),('79925470-0bc4-11ea-be8f-e10fe3eb2574','3a19e9d0-0bbe-11ea-bc2e-c3c5ba364285'),('865fb580-0e85-11ea-8c8f-f7fca777e5c8','77172060-0794-11ea-a89e-5ff58f72d78a'),('865fb580-0e85-11ea-8c8f-f7fca777e5c8','bc1ed910-f893-11e9-a507-f1a6dbfc62ec'),('865fb580-0e85-11ea-8c8f-f7fca777e5c8','dca0bc70-09ba-11ea-a9e4-c102a6fd2cc1'),('a4012ba0-0589-11ea-8427-0f31618256e7','77172060-0794-11ea-a89e-5ff58f72d78a'),('b18544c0-0bc7-11ea-ac62-4981142366a4','3a19e9d0-0bbe-11ea-bc2e-c3c5ba364285'),('d8729a90-0e85-11ea-96f9-3701c763bc6e','3a19e9d0-0bbe-11ea-bc2e-c3c5ba364285'),('e756a310-0e87-11ea-a145-df9c3095b372','1dc5ad50-09bb-11ea-9274-edc9d0b6c283'),('e756a310-0e87-11ea-a145-df9c3095b372','3a19e9d0-0bbe-11ea-bc2e-c3c5ba364285'),('e756a310-0e87-11ea-a145-df9c3095b372','b8364480-09bb-11ea-9af9-051763449530'),('e756a310-0e87-11ea-a145-df9c3095b372','ed9b0aa0-f97d-11e9-bf46-ddba147d707b'),('ee1472f0-044a-11ea-95d0-47fd494da26f','bc1ed910-f893-11e9-a507-f1a6dbfc62ec');
/*!40000 ALTER TABLE `Audience_Subscriber` ENABLE KEYS */;
UNLOCK TABLES;

--
-- Table structure for table `AutomationFlow`
--

DROP TABLE IF EXISTS `AutomationFlow`;
/*!40101 SET @saved_cs_client     = @@character_set_client */;
/*!50503 SET character_set_client = utf8mb4 */;
CREATE TABLE `AutomationFlow` (
  `id` char(36) NOT NULL,
  `name` varchar(100) NOT NULL,
  `last_modified_date` timestamp NOT NULL DEFAULT CURRENT_TIMESTAMP,
  `owner_id` char(36) NOT NULL,
  `status_id` char(36) NOT NULL,
  `first_step_id` char(36) DEFAULT NULL,
  PRIMARY KEY (`id`),
  KEY `FK_AutomationFlow_belong_to_Owner_idx` (`owner_id`),
  KEY `FK_AutomationFlow_has_Status_idx` (`status_id`),
  KEY `FK_AutomationFlow_first_Step_idx` (`first_step_id`),
  CONSTRAINT `FK_AutomationFlow_belong_to_Owner` FOREIGN KEY (`owner_id`) REFERENCES `Account` (`id`) ON DELETE NO ACTION ON UPDATE NO ACTION,
  CONSTRAINT `FK_AutomationFlow_first_Step` FOREIGN KEY (`first_step_id`) REFERENCES `Step` (`id`) ON DELETE CASCADE ON UPDATE NO ACTION,
  CONSTRAINT `FK_AutomationFlow_has_Status` FOREIGN KEY (`status_id`) REFERENCES `AutomationFlowOperationStatus` (`id`) ON DELETE NO ACTION ON UPDATE NO ACTION
) ENGINE=InnoDB DEFAULT CHARSET=utf8;
/*!40101 SET character_set_client = @saved_cs_client */;

--
-- Dumping data for table `AutomationFlow`
--
-- ORDER BY:  `id`

LOCK TABLES `AutomationFlow` WRITE;
/*!40000 ALTER TABLE `AutomationFlow` DISABLE KEYS */;
/*!40000 ALTER TABLE `AutomationFlow` ENABLE KEYS */;
UNLOCK TABLES;

--
-- Table structure for table `AutomationFlowOperationStatus`
--

DROP TABLE IF EXISTS `AutomationFlowOperationStatus`;
/*!40101 SET @saved_cs_client     = @@character_set_client */;
/*!50503 SET character_set_client = utf8mb4 */;
CREATE TABLE `AutomationFlowOperationStatus` (
  `id` char(36) NOT NULL,
  `name` varchar(100) NOT NULL,
  PRIMARY KEY (`id`),
  UNIQUE KEY `name` (`name`)
) ENGINE=InnoDB DEFAULT CHARSET=utf8;
/*!40101 SET character_set_client = @saved_cs_client */;

--
-- Dumping data for table `AutomationFlowOperationStatus`
--
-- ORDER BY:  `id`

LOCK TABLES `AutomationFlowOperationStatus` WRITE;
/*!40000 ALTER TABLE `AutomationFlowOperationStatus` DISABLE KEYS */;
INSERT INTO `AutomationFlowOperationStatus` (`id`, `name`) VALUES ('66691239-62eb-4d32-a003-c47aa61e5ab9','Available'),('a960e1ac-d8bc-4e8f-855d-4206458b8030','Running'),('dfcd7682-b63c-4444-9890-44abe0fc8c30','Deleted');
/*!40000 ALTER TABLE `AutomationFlowOperationStatus` ENABLE KEYS */;
UNLOCK TABLES;

--
-- Table structure for table `Campaign`
--

DROP TABLE IF EXISTS `Campaign`;
/*!40101 SET @saved_cs_client     = @@character_set_client */;
/*!50503 SET character_set_client = utf8mb4 */;
CREATE TABLE `Campaign` (
  `id` char(36) NOT NULL,
  `name` varchar(100) NOT NULL,
  `last_modified_date` timestamp NOT NULL DEFAULT CURRENT_TIMESTAMP,
  `status_id` char(36) NOT NULL,
  `owner_id` char(36) NOT NULL,
  `email_id` char(36) DEFAULT NULL,
  `is_news_letter` tinyint(1) NOT NULL DEFAULT '0',
  `is_tracking_click` tinyint(1) NOT NULL DEFAULT '0',
  `is_tracking_open` tinyint(1) NOT NULL DEFAULT '0',
  PRIMARY KEY (`id`),
  KEY `FK_Campaign_has_Owner` (`owner_id`),
  KEY `FK_Campaign_has_Status` (`status_id`),
  KEY `FK_Campaign_has_Email_idx` (`email_id`),
  CONSTRAINT `FK_Campaign_has_Email` FOREIGN KEY (`email_id`) REFERENCES `Email` (`id`) ON DELETE NO ACTION ON UPDATE NO ACTION,
  CONSTRAINT `FK_Campaign_has_Owner` FOREIGN KEY (`owner_id`) REFERENCES `Account` (`id`) ON DELETE NO ACTION ON UPDATE NO ACTION,
  CONSTRAINT `FK_Campaign_has_Status` FOREIGN KEY (`status_id`) REFERENCES `CampaignOperationStatus` (`id`) ON DELETE NO ACTION ON UPDATE NO ACTION
) ENGINE=InnoDB DEFAULT CHARSET=utf8;
/*!40101 SET character_set_client = @saved_cs_client */;

--
-- Dumping data for table `Campaign`
--
-- ORDER BY:  `id`

LOCK TABLES `Campaign` WRITE;
/*!40000 ALTER TABLE `Campaign` DISABLE KEYS */;
INSERT INTO `Campaign` (`id`, `name`, `last_modified_date`, `status_id`, `owner_id`, `email_id`, `is_news_letter`, `is_tracking_click`, `is_tracking_open`) VALUES ('1dc866d0-18ed-11ea-99c3-8fdc68ee7539','TRY_1','2019-12-10 15:34:00','c0316ed0-5fb4-491c-a581-62a251b1be8d','c9f3edb0-f694-11e9-b5bf-3ba2fcda0117','1ceb2630-18ed-11ea-99c3-8fdc68ee7539',1,0,0),('222266d0-18ed-11ea-99c3-8fdc68ee7539','DESIGN','2019-12-09 12:25:39','c0316ed0-5fb4-491c-a581-62a251b1be8d','c9f3edb0-f694-11e9-b5bf-3ba2fcda0117','1ceb2630-18ed-11ea-99c3-8fdc68ee7539',0,0,0),('b0fb8930-1b5b-11ea-9f90-4b68e34c4ae2','TRY_2','2019-12-10 14:45:21','c0316ed0-5fb4-491c-a581-62a251b1be8d','c9f3edb0-f694-11e9-b5bf-3ba2fcda0117','b0afda30-1b5b-11ea-9f90-4b68e34c4ae2',1,0,0);
/*!40000 ALTER TABLE `Campaign` ENABLE KEYS */;
UNLOCK TABLES;

--
-- Table structure for table `CampaignOperationStatus`
--

DROP TABLE IF EXISTS `CampaignOperationStatus`;
/*!40101 SET @saved_cs_client     = @@character_set_client */;
/*!50503 SET character_set_client = utf8mb4 */;
CREATE TABLE `CampaignOperationStatus` (
  `id` char(36) NOT NULL,
  `name` varchar(100) NOT NULL,
  PRIMARY KEY (`id`),
  UNIQUE KEY `name` (`name`)
) ENGINE=InnoDB DEFAULT CHARSET=utf8;
/*!40101 SET character_set_client = @saved_cs_client */;

--
-- Dumping data for table `CampaignOperationStatus`
--
-- ORDER BY:  `id`

LOCK TABLES `CampaignOperationStatus` WRITE;
/*!40000 ALTER TABLE `CampaignOperationStatus` DISABLE KEYS */;
INSERT INTO `CampaignOperationStatus` (`id`, `name`) VALUES ('4cece002-1ae6-4bad-9633-ab30dc55b4e5','Running'),('a6ee5994-1e42-467e-8cf7-e9132f08e292','Deleted'),('bd1b5402-4de9-44b3-8804-38b8ff271a17','Paused'),('c0316ed0-5fb4-491c-a581-62a251b1be8d','Available');
/*!40000 ALTER TABLE `CampaignOperationStatus` ENABLE KEYS */;
UNLOCK TABLES;

--
-- Table structure for table `CampaignTrigger`
--

DROP TABLE IF EXISTS `CampaignTrigger`;
/*!40101 SET @saved_cs_client     = @@character_set_client */;
/*!50503 SET character_set_client = utf8mb4 */;
CREATE TABLE `CampaignTrigger` (
  `id` char(36) NOT NULL,
  `scheduled_expression` varchar(255) DEFAULT NULL,
  `email_id` char(36) NOT NULL,
  `type_id` char(36) NOT NULL,
  `campaign_id` char(36) NOT NULL,
  `status_id` char(36) NOT NULL,
  PRIMARY KEY (`id`),
  KEY `FK_CampaignTrigger_has_Type_idx` (`type_id`),
  KEY `FK_CampaignTrigger_has_Status_idx` (`status_id`),
  KEY `FK_CampaignTrigger_has_Email_idx` (`email_id`),
  KEY `FK_CampaignTrigger_belongs_to_Capaign_idx` (`campaign_id`),
  CONSTRAINT `FK_CampaignTrigger_belongs_to_Campaign` FOREIGN KEY (`campaign_id`) REFERENCES `Campaign` (`id`) ON DELETE CASCADE ON UPDATE CASCADE,
  CONSTRAINT `FK_CampaignTrigger_has_Email` FOREIGN KEY (`email_id`) REFERENCES `Email` (`id`) ON DELETE NO ACTION ON UPDATE NO ACTION,
  CONSTRAINT `FK_CampaignTrigger_has_Status` FOREIGN KEY (`status_id`) REFERENCES `CampaignTriggerOperationStatus` (`id`) ON DELETE NO ACTION ON UPDATE NO ACTION,
  CONSTRAINT `FK_CampaignTrigger_has_Type` FOREIGN KEY (`type_id`) REFERENCES `CampaignTriggerType` (`id`) ON DELETE NO ACTION ON UPDATE NO ACTION
) ENGINE=InnoDB DEFAULT CHARSET=utf8;
/*!40101 SET character_set_client = @saved_cs_client */;

--
-- Dumping data for table `CampaignTrigger`
--
-- ORDER BY:  `id`

LOCK TABLES `CampaignTrigger` WRITE;
/*!40000 ALTER TABLE `CampaignTrigger` DISABLE KEYS */;
INSERT INTO `CampaignTrigger` (`id`, `scheduled_expression`, `email_id`, `type_id`, `campaign_id`, `status_id`) VALUES ('2021ff20-1b1a-11ea-bde8-fd232beeadb0',NULL,'1ceb2630-18ed-11ea-99c3-8fdc68ee7539','81365fec-0297-4f30-94b7-56fdfd454e38','222266d0-18ed-11ea-99c3-8fdc68ee7539','f8b1fe1f-2d0e-4698-be2e-43aa4af144b9');
/*!40000 ALTER TABLE `CampaignTrigger` ENABLE KEYS */;
UNLOCK TABLES;

--
-- Table structure for table `CampaignTriggerOperationStatus`
--

DROP TABLE IF EXISTS `CampaignTriggerOperationStatus`;
/*!40101 SET @saved_cs_client     = @@character_set_client */;
/*!50503 SET character_set_client = utf8mb4 */;
CREATE TABLE `CampaignTriggerOperationStatus` (
  `id` char(36) NOT NULL,
  `name` varchar(100) NOT NULL,
  PRIMARY KEY (`id`),
  UNIQUE KEY `name` (`name`)
) ENGINE=InnoDB DEFAULT CHARSET=utf8;
/*!40101 SET character_set_client = @saved_cs_client */;

--
-- Dumping data for table `CampaignTriggerOperationStatus`
--
-- ORDER BY:  `id`

LOCK TABLES `CampaignTriggerOperationStatus` WRITE;
/*!40000 ALTER TABLE `CampaignTriggerOperationStatus` DISABLE KEYS */;
INSERT INTO `CampaignTriggerOperationStatus` (`id`, `name`) VALUES ('37fd62de-9e23-48a4-a037-c75a536a247a','Deactivated'),('f8b1fe1f-2d0e-4698-be2e-43aa4af144b9','Activated');
/*!40000 ALTER TABLE `CampaignTriggerOperationStatus` ENABLE KEYS */;
UNLOCK TABLES;

--
-- Table structure for table `CampaignTriggerType`
--

DROP TABLE IF EXISTS `CampaignTriggerType`;
/*!40101 SET @saved_cs_client     = @@character_set_client */;
/*!50503 SET character_set_client = utf8mb4 */;
CREATE TABLE `CampaignTriggerType` (
  `id` char(36) NOT NULL,
  `name` varchar(100) NOT NULL,
  PRIMARY KEY (`id`),
  UNIQUE KEY `name` (`name`)
) ENGINE=InnoDB DEFAULT CHARSET=utf8;
/*!40101 SET character_set_client = @saved_cs_client */;

--
-- Dumping data for table `CampaignTriggerType`
--
-- ORDER BY:  `id`

LOCK TABLES `CampaignTriggerType` WRITE;
/*!40000 ALTER TABLE `CampaignTriggerType` DISABLE KEYS */;
INSERT INTO `CampaignTriggerType` (`id`, `name`) VALUES ('538b13e6-945e-468e-a0c1-f4463ae339e0','PaidOrder'),('70730fd9-16e6-4db7-a8f3-bb69e6b0d479','NewSubscription'),('73d656b3-1b43-4a09-b667-68ab6269df5e','DateTime'),('81365fec-0297-4f30-94b7-56fdfd454e38','CancelledOrder'),('cc0184f6-f0a3-4b95-9dc3-9dce9ccf5b9d','AbandonedCheckout');
/*!40000 ALTER TABLE `CampaignTriggerType` ENABLE KEYS */;
UNLOCK TABLES;

--
-- Table structure for table `Condition`
--

DROP TABLE IF EXISTS `Condition`;
/*!40101 SET @saved_cs_client     = @@character_set_client */;
/*!50503 SET character_set_client = utf8mb4 */;
CREATE TABLE `Condition` (
  `id` char(36) NOT NULL,
  `condition_match_step_id` char(36) DEFAULT NULL,
  `condition_failed_step_id` char(36) DEFAULT NULL,
  `condition_type_id` char(36) NOT NULL,
  PRIMARY KEY (`id`),
  KEY `FK_Condition_has_Type_idx` (`condition_type_id`),
  KEY `FK_Condition_match_Step_idx` (`condition_match_step_id`),
  KEY `FK_Condition_failed_Step_idx` (`condition_failed_step_id`),
  CONSTRAINT `FK_Condition_is_Step` FOREIGN KEY (`id`) REFERENCES `Step` (`id`) ON DELETE CASCADE ON UPDATE CASCADE,
  CONSTRAINT `FK_Condition_failed_Step` FOREIGN KEY (`condition_failed_step_id`) REFERENCES `Step` (`id`) ON DELETE CASCADE ON UPDATE NO ACTION,
  CONSTRAINT `FK_Condition_has_Type` FOREIGN KEY (`condition_type_id`) REFERENCES `ConditionType` (`id`) ON DELETE NO ACTION ON UPDATE NO ACTION,
  CONSTRAINT `FK_Condition_match_Step` FOREIGN KEY (`condition_match_step_id`) REFERENCES `Step` (`id`) ON DELETE CASCADE ON UPDATE NO ACTION
) ENGINE=InnoDB DEFAULT CHARSET=utf8;
/*!40101 SET character_set_client = @saved_cs_client */;

--
-- Dumping data for table `Condition`
--
-- ORDER BY:  `id`

LOCK TABLES `Condition` WRITE;
/*!40000 ALTER TABLE `Condition` DISABLE KEYS */;
/*!40000 ALTER TABLE `Condition` ENABLE KEYS */;
UNLOCK TABLES;

--
-- Table structure for table `ConditionType`
--

DROP TABLE IF EXISTS `ConditionType`;
/*!40101 SET @saved_cs_client     = @@character_set_client */;
/*!50503 SET character_set_client = utf8mb4 */;
CREATE TABLE `ConditionType` (
  `id` char(36) NOT NULL,
  `name` varchar(100) NOT NULL,
  `description` varchar(255) DEFAULT NULL,
  PRIMARY KEY (`id`),
  UNIQUE KEY `name_UNIQUE` (`name`)
) ENGINE=InnoDB DEFAULT CHARSET=utf8;
/*!40101 SET character_set_client = @saved_cs_client */;

--
-- Dumping data for table `ConditionType`
--
-- ORDER BY:  `id`

LOCK TABLES `ConditionType` WRITE;
/*!40000 ALTER TABLE `ConditionType` DISABLE KEYS */;
INSERT INTO `ConditionType` (`id`, `name`, `description`) VALUES ('53935626-0108-46d6-9b1b-eca69da88ff5','Opened','Recipient has opened e-mail yet?'),('9b4eafbf-89c2-47c8-b4d1-2079a1984457','Clicked','Recipient has clicked in any link in the e-mail yet?');
/*!40000 ALTER TABLE `ConditionType` ENABLE KEYS */;
UNLOCK TABLES;

--
-- Table structure for table `Criterion`
--

DROP TABLE IF EXISTS `Criterion`;
/*!40101 SET @saved_cs_client     = @@character_set_client */;
/*!50503 SET character_set_client = utf8mb4 */;
CREATE TABLE `Criterion` (
  `id` char(36) NOT NULL,
  `type_id` char(36) NOT NULL,
  `filter_id` char(36) NOT NULL,
  `has_follower` tinyint(1) NOT NULL DEFAULT '0',
  `follower_id` char(36) DEFAULT NULL,
  `follower_expression_id` char(36) DEFAULT NULL,
  PRIMARY KEY (`id`),
  KEY `FK_Criterion_has_Type` (`type_id`),
  KEY `FK_Criterion_has_Filter` (`filter_id`),
  KEY `FK_Criterion_has_Follower` (`follower_id`),
  KEY `FK_Criterion_Follower_has_Expression` (`follower_expression_id`),
  CONSTRAINT `FK_Criterion_Follower_has_Expression` FOREIGN KEY (`follower_expression_id`) REFERENCES `CriterionFollowerExpression` (`id`) ON DELETE NO ACTION ON UPDATE NO ACTION,
  CONSTRAINT `FK_Criterion_has_Filter` FOREIGN KEY (`filter_id`) REFERENCES `Filter` (`id`) ON DELETE NO ACTION ON UPDATE NO ACTION,
  CONSTRAINT `FK_Criterion_has_Follower` FOREIGN KEY (`follower_id`) REFERENCES `Criterion` (`id`) ON DELETE NO ACTION ON UPDATE NO ACTION,
  CONSTRAINT `FK_Criterion_has_Type` FOREIGN KEY (`type_id`) REFERENCES `CriterionType` (`id`) ON DELETE NO ACTION ON UPDATE NO ACTION
) ENGINE=InnoDB DEFAULT CHARSET=utf8;
/*!40101 SET character_set_client = @saved_cs_client */;

--
-- Dumping data for table `Criterion`
--
-- ORDER BY:  `id`

LOCK TABLES `Criterion` WRITE;
/*!40000 ALTER TABLE `Criterion` DISABLE KEYS */;
INSERT INTO `Criterion` (`id`, `type_id`, `filter_id`, `has_follower`, `follower_id`, `follower_expression_id`) VALUES ('0346c5c0-0bd9-11ea-81d3-81b6100dedea','fee67a7c-cbf5-4deb-abd3-33add96c35f7','02fb3dd0-0bd9-11ea-81d3-81b6100dedea',0,NULL,'81ddd0e0-7b6a-49f1-bb9a-9457aab09f0c'),('04781370-0bd1-11ea-be1f-c957403d62c3','fee67a7c-cbf5-4deb-abd3-33add96c35f7','0390e7c0-0bd1-11ea-be1f-c957403d62c3',0,NULL,'81ddd0e0-7b6a-49f1-bb9a-9457aab09f0c'),('04a585b0-0bc9-11ea-ac62-4981142366a4','fee67a7c-cbf5-4deb-abd3-33add96c35f7','045012b0-0bc9-11ea-ac62-4981142366a4',0,NULL,'81ddd0e0-7b6a-49f1-bb9a-9457aab09f0c'),('0d7031f0-0e84-11ea-860a-cba7270a9dc3','fee67a7c-cbf5-4deb-abd3-33add96c35f7','0c8583d0-0e84-11ea-860a-cba7270a9dc3',0,NULL,'81ddd0e0-7b6a-49f1-bb9a-9457aab09f0c'),('0f14efa0-0bc3-11ea-be8f-e10fe3eb2574','fee67a7c-cbf5-4deb-abd3-33add96c35f7','0e39d1e0-0bc3-11ea-be8f-e10fe3eb2574',0,NULL,'81ddd0e0-7b6a-49f1-bb9a-9457aab09f0c'),('17973220-0e87-11ea-891a-b5e6f4da08ab','fee67a7c-cbf5-4deb-abd3-33add96c35f7','1747b290-0e87-11ea-891a-b5e6f4da08ab',0,NULL,'81ddd0e0-7b6a-49f1-bb9a-9457aab09f0c'),('17b34cf0-11b9-11ea-85a0-3b618e150440','fee67a7c-cbf5-4deb-abd3-33add96c35f7','17398910-11b9-11ea-85a0-3b618e150440',0,NULL,'81ddd0e0-7b6a-49f1-bb9a-9457aab09f0c'),('1afce120-061d-11ea-8777-7dceab78a303','fee67a7c-cbf5-4deb-abd3-33add96c35f7','18bab950-061d-11ea-8777-7dceab78a303',0,NULL,'81ddd0e0-7b6a-49f1-bb9a-9457aab09f0c'),('23974ab0-061c-11ea-a203-391228193963','fee67a7c-cbf5-4deb-abd3-33add96c35f7','21d6aef0-061c-11ea-a203-391228193963',0,NULL,'81ddd0e0-7b6a-49f1-bb9a-9457aab09f0c'),('2e6f42f0-0bd3-11ea-be1f-c957403d62c3','fee67a7c-cbf5-4deb-abd3-33add96c35f7','2d942530-0bd3-11ea-be1f-c957403d62c3',0,NULL,'81ddd0e0-7b6a-49f1-bb9a-9457aab09f0c'),('31b89f60-0bc4-11ea-be8f-e10fe3eb2574','fee67a7c-cbf5-4deb-abd3-33add96c35f7','30dd0c70-0bc4-11ea-be8f-e10fe3eb2574',1,NULL,'81ddd0e0-7b6a-49f1-bb9a-9457aab09f0c'),('348d46b0-11b8-11ea-9630-29c4d4cb5257','fee67a7c-cbf5-4deb-abd3-33add96c35f7','33b0c960-11b8-11ea-9630-29c4d4cb5257',0,NULL,'81ddd0e0-7b6a-49f1-bb9a-9457aab09f0c'),('3944b730-0626-11ea-86e3-dbb3e7504d58','fee67a7c-cbf5-4deb-abd3-33add96c35f7','3480c680-0626-11ea-86e3-dbb3e7504d58',0,NULL,'81ddd0e0-7b6a-49f1-bb9a-9457aab09f0c'),('3d3f6190-0e83-11ea-9d40-0769689711dc','fee67a7c-cbf5-4deb-abd3-33add96c35f7','3c51a630-0e83-11ea-9d40-0769689711dc',0,NULL,'81ddd0e0-7b6a-49f1-bb9a-9457aab09f0c'),('46ae6e40-11b9-11ea-bda7-db6625ba0ada','fee67a7c-cbf5-4deb-abd3-33add96c35f7','450b1e80-11b9-11ea-bda7-db6625ba0ada',0,NULL,'81ddd0e0-7b6a-49f1-bb9a-9457aab09f0c'),('47eed6e0-061b-11ea-b672-451a6c39b765','fee67a7c-cbf5-4deb-abd3-33add96c35f7','44ac2f00-061b-11ea-b672-451a6c39b765',0,NULL,'81ddd0e0-7b6a-49f1-bb9a-9457aab09f0c'),('47feb880-0bc5-11ea-a4c9-9394f8104b96','fee67a7c-cbf5-4deb-abd3-33add96c35f7','471fca30-0bc5-11ea-a4c9-9394f8104b96',0,NULL,'81ddd0e0-7b6a-49f1-bb9a-9457aab09f0c'),('4fefe5f0-0e86-11ea-9c31-a17886d2f9f6','fee67a7c-cbf5-4deb-abd3-33add96c35f7','4f973ea0-0e86-11ea-9c31-a17886d2f9f6',0,NULL,'81ddd0e0-7b6a-49f1-bb9a-9457aab09f0c'),('530382a0-0bd5-11ea-be1f-c957403d62c3','fee67a7c-cbf5-4deb-abd3-33add96c35f7','520b18e0-0bd5-11ea-be1f-c957403d62c3',0,NULL,'81ddd0e0-7b6a-49f1-bb9a-9457aab09f0c'),('55bec350-0bdb-11ea-bf65-e31183cf275d','fee67a7c-cbf5-4deb-abd3-33add96c35f7','5574e910-0bdb-11ea-bf65-e31183cf275d',0,NULL,'81ddd0e0-7b6a-49f1-bb9a-9457aab09f0c'),('56a5a670-0e84-11ea-b694-adca6a150466','fee67a7c-cbf5-4deb-abd3-33add96c35f7','55bdb770-0e84-11ea-b694-adca6a150466',0,NULL,'81ddd0e0-7b6a-49f1-bb9a-9457aab09f0c'),('5a7c32f0-1721-11ea-bf38-d114c9a65cf1','fee67a7c-cbf5-4deb-abd3-33add96c35f7','5a088990-1721-11ea-bf38-d114c9a65cf1',0,NULL,'81ddd0e0-7b6a-49f1-bb9a-9457aab09f0c'),('5b807b20-0bbe-11ea-bc2e-c3c5ba364285','fee67a7c-cbf5-4deb-abd3-33add96c35f7','5aa1daf0-0bbe-11ea-bc2e-c3c5ba364285',0,NULL,'81ddd0e0-7b6a-49f1-bb9a-9457aab09f0c'),('5c0f4210-0bc8-11ea-ac62-4981142366a4','fee67a7c-cbf5-4deb-abd3-33add96c35f7','5b33af20-0bc8-11ea-ac62-4981142366a4',0,NULL,'81ddd0e0-7b6a-49f1-bb9a-9457aab09f0c'),('644c9eb0-044c-11ea-ac20-8d733eb7a43d','fee67a7c-cbf5-4deb-abd3-33add96c35f7','5ff21e30-044c-11ea-ac20-8d733eb7a43d',1,NULL,'81ddd0e0-7b6a-49f1-bb9a-9457aab09f0c'),('664b4b50-0440-11ea-968e-75a10a83c9ad','fee67a7c-cbf5-4deb-abd3-33add96c35f7','61b177e0-0440-11ea-968e-75a10a83c9ad',0,NULL,'81ddd0e0-7b6a-49f1-bb9a-9457aab09f0c'),('69ec82a0-061c-11ea-8d59-e7a59a172581','fee67a7c-cbf5-4deb-abd3-33add96c35f7','67bf6970-061c-11ea-8d59-e7a59a172581',0,NULL,'81ddd0e0-7b6a-49f1-bb9a-9457aab09f0c'),('6a753dc0-0bc6-11ea-ac62-4981142366a4','fee67a7c-cbf5-4deb-abd3-33add96c35f7','6a1d0ba0-0bc6-11ea-ac62-4981142366a4',0,NULL,'81ddd0e0-7b6a-49f1-bb9a-9457aab09f0c'),('6aeefaa0-0e84-11ea-b694-adca6a150466','fee67a7c-cbf5-4deb-abd3-33add96c35f7','6aa26140-0e84-11ea-b694-adca6a150466',0,NULL,'81ddd0e0-7b6a-49f1-bb9a-9457aab09f0c'),('6fcc9a30-0bd9-11ea-98a2-efba05f1f6c8','fee67a7c-cbf5-4deb-abd3-33add96c35f7','6e37c960-0bd9-11ea-98a2-efba05f1f6c8',0,NULL,'81ddd0e0-7b6a-49f1-bb9a-9457aab09f0c'),('6fe314c0-044c-11ea-ac20-8d733eb7a43d','fee67a7c-cbf5-4deb-abd3-33add96c35f7','6e0c31e0-044c-11ea-ac20-8d733eb7a43d',0,'644c9eb0-044c-11ea-ac20-8d733eb7a43d','81ddd0e0-7b6a-49f1-bb9a-9457aab09f0c'),('716bde90-0e87-11ea-89df-a3a928457997','fee67a7c-cbf5-4deb-abd3-33add96c35f7','71155a20-0e87-11ea-89df-a3a928457997',0,NULL,'81ddd0e0-7b6a-49f1-bb9a-9457aab09f0c'),('719e5f20-128b-11ea-a354-d144ac7a4391','fee67a7c-cbf5-4deb-abd3-33add96c35f7','709c3160-128b-11ea-a354-d144ac7a4391',0,NULL,'81ddd0e0-7b6a-49f1-bb9a-9457aab09f0c'),('7292cb70-044c-11ea-ac20-8d733eb7a43d','fee67a7c-cbf5-4deb-abd3-33add96c35f7','719afdf0-044c-11ea-ac20-8d733eb7a43d',0,'644c9eb0-044c-11ea-ac20-8d733eb7a43d','81ddd0e0-7b6a-49f1-bb9a-9457aab09f0c'),('74267200-11b9-11ea-bda7-db6625ba0ada','fee67a7c-cbf5-4deb-abd3-33add96c35f7','73ce8e00-11b9-11ea-bda7-db6625ba0ada',0,NULL,'81ddd0e0-7b6a-49f1-bb9a-9457aab09f0c'),('78d430c0-0e86-11ea-b18f-d9efeca33dbd','fee67a7c-cbf5-4deb-abd3-33add96c35f7','77ed5330-0e86-11ea-b18f-d9efeca33dbd',0,NULL,'81ddd0e0-7b6a-49f1-bb9a-9457aab09f0c'),('793fc7a0-0bc4-11ea-be8f-e10fe3eb2574','fee67a7c-cbf5-4deb-abd3-33add96c35f7','786482d0-0bc4-11ea-be8f-e10fe3eb2574',1,NULL,'81ddd0e0-7b6a-49f1-bb9a-9457aab09f0c'),('7c6a1aa0-0bc6-11ea-ac62-4981142366a4','fee67a7c-cbf5-4deb-abd3-33add96c35f7','7b900e50-0bc6-11ea-ac62-4981142366a4',0,NULL,'81ddd0e0-7b6a-49f1-bb9a-9457aab09f0c'),('7c83d780-039f-11ea-b4c0-d984ea7e00c9','fee67a7c-cbf5-4deb-abd3-33add96c35f7','7c2a93f0-039f-11ea-b4c0-d984ea7e00c9',0,NULL,'81ddd0e0-7b6a-49f1-bb9a-9457aab09f0c'),('860f2480-0e85-11ea-8c8f-f7fca777e5c8','fee67a7c-cbf5-4deb-abd3-33add96c35f7','851dbfa0-0e85-11ea-8c8f-f7fca777e5c8',0,NULL,'81ddd0e0-7b6a-49f1-bb9a-9457aab09f0c'),('8d7bb1e0-0e83-11ea-a6cd-c91a3f43b3f6','fee67a7c-cbf5-4deb-abd3-33add96c35f7','8c945f20-0e83-11ea-a6cd-c91a3f43b3f6',0,NULL,'81ddd0e0-7b6a-49f1-bb9a-9457aab09f0c'),('91ea7060-0440-11ea-a14e-0db266fffd95','fee67a7c-cbf5-4deb-abd3-33add96c35f7','918d3530-0440-11ea-a14e-0db266fffd95',0,NULL,'81ddd0e0-7b6a-49f1-bb9a-9457aab09f0c'),('9bd1f2a0-061c-11ea-b1d3-b3848489dcad','fee67a7c-cbf5-4deb-abd3-33add96c35f7','9a106c80-061c-11ea-b1d3-b3848489dcad',0,NULL,'81ddd0e0-7b6a-49f1-bb9a-9457aab09f0c'),('9df2e050-0bce-11ea-be1f-c957403d62c3','fee67a7c-cbf5-4deb-abd3-33add96c35f7','9d9e7ec0-0bce-11ea-be1f-c957403d62c3',0,NULL,'81ddd0e0-7b6a-49f1-bb9a-9457aab09f0c'),('a39e2410-0589-11ea-8427-0f31618256e7','fee67a7c-cbf5-4deb-abd3-33add96c35f7','a2a9b1f0-0589-11ea-8427-0f31618256e7',0,NULL,'81ddd0e0-7b6a-49f1-bb9a-9457aab09f0c'),('a3f75130-0bd7-11ea-be1f-c957403d62c3','fee67a7c-cbf5-4deb-abd3-33add96c35f7','a31aacd0-0bd7-11ea-be1f-c957403d62c3',0,NULL,'81ddd0e0-7b6a-49f1-bb9a-9457aab09f0c'),('a811fde0-0616-11ea-b992-69c15e91792a','fee67a7c-cbf5-4deb-abd3-33add96c35f7','a71d1690-0616-11ea-b992-69c15e91792a',0,NULL,'81ddd0e0-7b6a-49f1-bb9a-9457aab09f0c'),('a85740d0-0440-11ea-a14e-0db266fffd95','fee67a7c-cbf5-4deb-abd3-33add96c35f7','a73f8f40-0440-11ea-a14e-0db266fffd95',1,'a85740d0-0440-11ea-a14e-0db266fffd95','81ddd0e0-7b6a-49f1-bb9a-9457aab09f0c'),('a95242a0-0440-11ea-a14e-0db266fffd95','fee67a7c-cbf5-4deb-abd3-33add96c35f7','a8bc6b40-0440-11ea-a14e-0db266fffd95',1,'a95242a0-0440-11ea-a14e-0db266fffd95','81ddd0e0-7b6a-49f1-bb9a-9457aab09f0c'),('aa3fa550-043f-11ea-968e-75a10a83c9ad','fee67a7c-cbf5-4deb-abd3-33add96c35f7','a9e17fc0-043f-11ea-968e-75a10a83c9ad',0,NULL,'81ddd0e0-7b6a-49f1-bb9a-9457aab09f0c'),('b0a82ec0-0e86-11ea-a025-455f7da904dc','fee67a7c-cbf5-4deb-abd3-33add96c35f7','afc03fc0-0e86-11ea-a025-455f7da904dc',0,NULL,'81ddd0e0-7b6a-49f1-bb9a-9457aab09f0c'),('b13b9190-0bc7-11ea-ac62-4981142366a4','fee67a7c-cbf5-4deb-abd3-33add96c35f7','b05ec620-0bc7-11ea-ac62-4981142366a4',0,NULL,'81ddd0e0-7b6a-49f1-bb9a-9457aab09f0c'),('b76ad770-0bda-11ea-bf65-e31183cf275d','fee67a7c-cbf5-4deb-abd3-33add96c35f7','b6802950-0bda-11ea-bf65-e31183cf275d',0,NULL,'81ddd0e0-7b6a-49f1-bb9a-9457aab09f0c'),('b7713250-0bd5-11ea-be1f-c957403d62c3','fee67a7c-cbf5-4deb-abd3-33add96c35f7','b6963ba0-0bd5-11ea-be1f-c957403d62c3',0,NULL,'81ddd0e0-7b6a-49f1-bb9a-9457aab09f0c'),('b8d9e180-0bbe-11ea-bc2e-c3c5ba364285','fee67a7c-cbf5-4deb-abd3-33add96c35f7','b7ea2a50-0bbe-11ea-bc2e-c3c5ba364285',0,NULL,'81ddd0e0-7b6a-49f1-bb9a-9457aab09f0c'),('bdd61290-03a2-11ea-8968-b5da15135f7a','fee67a7c-cbf5-4deb-abd3-33add96c35f7','b9d60e20-03a2-11ea-8968-b5da15135f7a',0,NULL,'81ddd0e0-7b6a-49f1-bb9a-9457aab09f0c'),('bddd1ef0-0bdb-11ea-bf65-e31183cf275d','fee67a7c-cbf5-4deb-abd3-33add96c35f7','bd92a870-0bdb-11ea-bf65-e31183cf275d',0,NULL,'81ddd0e0-7b6a-49f1-bb9a-9457aab09f0c'),('c31314c0-061c-11ea-8777-7dceab78a303','fee67a7c-cbf5-4deb-abd3-33add96c35f7','c05f1850-061c-11ea-8777-7dceab78a303',0,NULL,'81ddd0e0-7b6a-49f1-bb9a-9457aab09f0c'),('c3920be0-0bc6-11ea-ac62-4981142366a4','fee67a7c-cbf5-4deb-abd3-33add96c35f7','c2a9cec0-0bc6-11ea-ac62-4981142366a4',0,NULL,'81ddd0e0-7b6a-49f1-bb9a-9457aab09f0c'),('c790ad90-0bc2-11ea-be8f-e10fe3eb2574','fee67a7c-cbf5-4deb-abd3-33add96c35f7','c6b12300-0bc2-11ea-be8f-e10fe3eb2574',0,NULL,'81ddd0e0-7b6a-49f1-bb9a-9457aab09f0c'),('cfd56920-0bd9-11ea-bf65-e31183cf275d','fee67a7c-cbf5-4deb-abd3-33add96c35f7','cf89ba20-0bd9-11ea-bf65-e31183cf275d',0,NULL,'81ddd0e0-7b6a-49f1-bb9a-9457aab09f0c'),('d084ee90-0bcf-11ea-be1f-c957403d62c3','fee67a7c-cbf5-4deb-abd3-33add96c35f7','cfa93490-0bcf-11ea-be1f-c957403d62c3',0,NULL,'81ddd0e0-7b6a-49f1-bb9a-9457aab09f0c'),('d7479ea0-043e-11ea-9b03-e9dba755c401','fee67a7c-cbf5-4deb-abd3-33add96c35f7','d61befe0-043e-11ea-9b03-e9dba755c401',1,'d7479ea0-043e-11ea-9b03-e9dba755c401','81ddd0e0-7b6a-49f1-bb9a-9457aab09f0c'),('d8245380-0e85-11ea-96f9-3701c763bc6e','fee67a7c-cbf5-4deb-abd3-33add96c35f7','d72707c0-0e85-11ea-96f9-3701c763bc6e',0,NULL,'81ddd0e0-7b6a-49f1-bb9a-9457aab09f0c'),('d83ea8d0-043e-11ea-9b03-e9dba755c401','fee67a7c-cbf5-4deb-abd3-33add96c35f7','d7adb370-043e-11ea-9b03-e9dba755c401',1,'d83ea8d0-043e-11ea-9b03-e9dba755c401','81ddd0e0-7b6a-49f1-bb9a-9457aab09f0c'),('e6fb3ca0-0e87-11ea-a145-df9c3095b372','fee67a7c-cbf5-4deb-abd3-33add96c35f7','e6ab20d0-0e87-11ea-a145-df9c3095b372',0,NULL,'81ddd0e0-7b6a-49f1-bb9a-9457aab09f0c'),('e82ffca0-0bd5-11ea-be1f-c957403d62c3','fee67a7c-cbf5-4deb-abd3-33add96c35f7','e7555410-0bd5-11ea-be1f-c957403d62c3',0,NULL,'81ddd0e0-7b6a-49f1-bb9a-9457aab09f0c'),('eb9fa360-043f-11ea-968e-75a10a83c9ad','fee67a7c-cbf5-4deb-abd3-33add96c35f7','eb46fc10-043f-11ea-968e-75a10a83c9ad',0,NULL,'81ddd0e0-7b6a-49f1-bb9a-9457aab09f0c'),('ecfa1030-0bc7-11ea-ac62-4981142366a4','fee67a7c-cbf5-4deb-abd3-33add96c35f7','ec1db9f0-0bc7-11ea-ac62-4981142366a4',0,NULL,'81ddd0e0-7b6a-49f1-bb9a-9457aab09f0c'),('edc652f0-044a-11ea-95d0-47fd494da26f','fee67a7c-cbf5-4deb-abd3-33add96c35f7','ecd62690-044a-11ea-95d0-47fd494da26f',1,NULL,'81ddd0e0-7b6a-49f1-bb9a-9457aab09f0c'),('ee5f1b10-044b-11ea-ab2a-e394f82a0e87','fee67a7c-cbf5-4deb-abd3-33add96c35f7','ed621d70-044b-11ea-ab2a-e394f82a0e87',0,NULL,'81ddd0e0-7b6a-49f1-bb9a-9457aab09f0c'),('eedddd70-044a-11ea-95d0-47fd494da26f','fee67a7c-cbf5-4deb-abd3-33add96c35f7','ee16e3f0-044a-11ea-95d0-47fd494da26f',1,'edc652f0-044a-11ea-95d0-47fd494da26f','81ddd0e0-7b6a-49f1-bb9a-9457aab09f0c'),('ef39c3a0-044b-11ea-ab2a-e394f82a0e87','fee67a7c-cbf5-4deb-abd3-33add96c35f7','eeb0e490-044b-11ea-ab2a-e394f82a0e87',0,'ee5f1b10-044b-11ea-ab2a-e394f82a0e87','81ddd0e0-7b6a-49f1-bb9a-9457aab09f0c'),('ef3a21e0-0bd7-11ea-be1f-c957403d62c3','fee67a7c-cbf5-4deb-abd3-33add96c35f7','ee5eb600-0bd7-11ea-be1f-c957403d62c3',0,NULL,'81ddd0e0-7b6a-49f1-bb9a-9457aab09f0c'),('ef701fa0-0bcf-11ea-be1f-c957403d62c3','fee67a7c-cbf5-4deb-abd3-33add96c35f7','ee935430-0bcf-11ea-be1f-c957403d62c3',0,NULL,'81ddd0e0-7b6a-49f1-bb9a-9457aab09f0c'),('efabe660-044b-11ea-ab2a-e394f82a0e87','fee67a7c-cbf5-4deb-abd3-33add96c35f7','ef6f2b80-044b-11ea-ab2a-e394f82a0e87',0,'ee5f1b10-044b-11ea-ab2a-e394f82a0e87','81ddd0e0-7b6a-49f1-bb9a-9457aab09f0c'),('efb84d30-0bc4-11ea-a4c9-9394f8104b96','fee67a7c-cbf5-4deb-abd3-33add96c35f7','eeda7050-0bc4-11ea-a4c9-9394f8104b96',0,NULL,'81ddd0e0-7b6a-49f1-bb9a-9457aab09f0c'),('f01fe1a0-0e82-11ea-82e9-afd259bd1c88','fee67a7c-cbf5-4deb-abd3-33add96c35f7','ef347030-0e82-11ea-82e9-afd259bd1c88',0,NULL,'81ddd0e0-7b6a-49f1-bb9a-9457aab09f0c');
/*!40000 ALTER TABLE `Criterion` ENABLE KEYS */;
UNLOCK TABLES;

--
-- Table structure for table `CriterionFollowerExpression`
--

DROP TABLE IF EXISTS `CriterionFollowerExpression`;
/*!40101 SET @saved_cs_client     = @@character_set_client */;
/*!50503 SET character_set_client = utf8mb4 */;
CREATE TABLE `CriterionFollowerExpression` (
  `id` char(36) NOT NULL,
  `value` varchar(100) NOT NULL,
  PRIMARY KEY (`id`),
  UNIQUE KEY `value` (`value`)
) ENGINE=InnoDB DEFAULT CHARSET=utf8;
/*!40101 SET character_set_client = @saved_cs_client */;

--
-- Dumping data for table `CriterionFollowerExpression`
--
-- ORDER BY:  `id`

LOCK TABLES `CriterionFollowerExpression` WRITE;
/*!40000 ALTER TABLE `CriterionFollowerExpression` DISABLE KEYS */;
INSERT INTO `CriterionFollowerExpression` (`id`, `value`) VALUES ('81ddd0e0-7b6a-49f1-bb9a-9457aab09f0c','And'),('acaf4056-cee0-4cdb-ada1-360b07f3c275','Or');
/*!40000 ALTER TABLE `CriterionFollowerExpression` ENABLE KEYS */;
UNLOCK TABLES;

--
-- Table structure for table `CriterionType`
--

DROP TABLE IF EXISTS `CriterionType`;
/*!40101 SET @saved_cs_client     = @@character_set_client */;
/*!50503 SET character_set_client = utf8mb4 */;
CREATE TABLE `CriterionType` (
  `id` char(36) NOT NULL,
  `name` varchar(100) NOT NULL,
  PRIMARY KEY (`id`),
  UNIQUE KEY `name` (`name`)
) ENGINE=InnoDB DEFAULT CHARSET=utf8;
/*!40101 SET character_set_client = @saved_cs_client */;

--
-- Dumping data for table `CriterionType`
--
-- ORDER BY:  `id`

LOCK TABLES `CriterionType` WRITE;
/*!40000 ALTER TABLE `CriterionType` DISABLE KEYS */;
INSERT INTO `CriterionType` (`id`, `name`) VALUES ('fee67a7c-cbf5-4deb-abd3-33add96c35f7','E-Commerce'),('fee67a7c-cbf5-4deb-abd3-33add96c35f8','PersonalInformation');
/*!40000 ALTER TABLE `CriterionType` ENABLE KEYS */;
UNLOCK TABLES;

--
-- Table structure for table `Email`
--

DROP TABLE IF EXISTS `Email`;
/*!40101 SET @saved_cs_client     = @@character_set_client */;
/*!50503 SET character_set_client = utf8mb4 */;
CREATE TABLE `Email` (
  `id` char(36) NOT NULL,
  `from` varchar(100) NOT NULL,
  `subject` varchar(255) NOT NULL,
  `template_id` char(36) DEFAULT NULL,
  `body` text,
  `raw_content` text,
  `status_id` char(36) NOT NULL,
  `origin_id` char(36) NOT NULL,
  PRIMARY KEY (`id`),
  KEY `FK_Email_has_Template` (`template_id`),
  KEY `FK_Email_has_Status` (`status_id`),
  KEY `FK_Email_has_Origin_idx` (`origin_id`),
  CONSTRAINT `FK_Email_has_Origin` FOREIGN KEY (`origin_id`) REFERENCES `Email` (`id`) ON DELETE CASCADE ON UPDATE CASCADE,
  CONSTRAINT `FK_Email_has_Status` FOREIGN KEY (`status_id`) REFERENCES `EmailActivationStatus` (`id`) ON DELETE NO ACTION ON UPDATE NO ACTION,
  CONSTRAINT `FK_Email_has_Template` FOREIGN KEY (`template_id`) REFERENCES `EmailTemplate` (`id`) ON DELETE NO ACTION ON UPDATE NO ACTION
) ENGINE=InnoDB DEFAULT CHARSET=utf8;
/*!40101 SET character_set_client = @saved_cs_client */;

--
-- Dumping data for table `Email`
--
-- ORDER BY:  `id`

LOCK TABLES `Email` WRITE;
/*!40000 ALTER TABLE `Email` DISABLE KEYS */;
INSERT INTO `Email` (`id`, `from`, `subject`, `template_id`, `body`, `raw_content`, `status_id`, `origin_id`) VALUES ('1ceb2630-18ed-11ea-99c3-8fdc68ee7539','EMM_Capstone_Project <vinhnqse63033@fpt.edu.vn>','Default Template','4cb41560-1759-11ea-9ea4-511c993f2dae','\n<!DOCTYPE HTML PUBLIC \"-//W3C//DTD XHTML 1.0 Transitional //EN\" \"http://www.w3.org/TR/xhtml1/DTD/xhtml1-transitional.dtd\">\n<html xmlns=\"http://www.w3.org/1999/xhtml\" xmlns:v=\"urn:schemas-microsoft-com:vml\" xmlns:o=\"urn:schemas-microsoft-com:office:office\">\n<head>\n<!--[if gte mso 9]>\n<xml>\n  <o:OfficeDocumentSettings>\n    <o:AllowPNG/>\n    <o:PixelsPerInch>96</o:PixelsPerInch>\n  </o:OfficeDocumentSettings>\n</xml>\n<![endif]-->\n  <meta http-equiv=\"Content-Type\" content=\"text/html; charset=UTF-8\">\n  <meta name=\"viewport\" content=\"width=device-width, initial-scale=1.0\">\n  <meta name=\"x-apple-disable-message-reformatting\">\n  <!--[if !mso]><!--><meta http-equiv=\"X-UA-Compatible\" content=\"IE=edge\"><!--<![endif]-->\n  <title></title>\n  \n    <style type=\"text/css\">\n      a { color: #0000ee; text-decoration: underline; }\nbody {\n  margin: 0;\n  padding: 0;\n}\n\ntable, tr, td {\n  vertical-align: top;\n  border-collapse: collapse;\n}\n\np, ul {\n  margin: 0;\n}\n\n.ie-container table, .mso-container table {\n  table-layout: fixed;\n}\n\n* {\n  line-height: inherit;\n}\n\na[x-apple-data-detectors=true] {\n  color: inherit !important;\n  text-decoration: none !important;\n}\n\n.ExternalClass, .ExternalClass p, .ExternalClass span, .ExternalClass font, .ExternalClass td, .ExternalClass div {\n  line-height: 100%;\n}\n\n[owa] .email-row .email-col {\n  display: table-cell;\n  float: none !important;\n  vertical-align: top;\n}\n\n.ie-container .email-col-100, .ie-container .email-row, [owa] .email-col-100, [owa] .email-row { width: 600px !important; }\n.ie-container .email-col-17, [owa] .email-col-17 { width: 102.00000000000001px !important; }\n.ie-container .email-col-25, [owa] .email-col-25 { width: 150px !important; }\n.ie-container .email-col-33, [owa] .email-col-33 { width: 198px !important; }\n.ie-container .email-col-50, [owa] .email-col-50 { width: 300px !important; }\n.ie-container .email-col-67, [owa] .email-col-67 { width: 402px !important; }\n\n@media only screen and (min-width: 620px) {\n  .email-row { width: 600px !important; }\n  .email-row .email-col { vertical-align: top; }\n  .email-row .email-col-100 { width: 600px !important; }\n  .email-row .email-col-67 { width: 402px !important; }\n  .email-row .email-col-50 { width: 300px !important; }\n  .email-row .email-col-33 { width: 198px !important; }\n  .email-row .email-col-25 { width: 150px !important; }\n  .email-row .email-col-17 { width: 102.00000000000001px !important; }\n}\n\n@media (max-width: 620px) {\n  .email-row-container {\n    padding-left: 0px !important;\n    padding-right: 0px !important;\n  }\n  .email-row .email-col {\n    min-width: 320px !important;\n    max-width: 100% !important;\n    display: block !important;\n  }\n  .email-row { width: calc(100% - 40px) !important; }\n  .email-col { width: 100% !important; }\n  .email-col > div { margin: 0 auto; }\n  .no-stack .email-col { min-width: 0 !important; display: table-cell !important; }\n  .no-stack .email-col-50 { width: 50% !important; }\n  .no-stack .email-col-33 { width: 33% !important; }\n  .no-stack .email-col-67 { width: 67% !important; }\n  .no-stack .email-col-25 { width: 25% !important; }\n  .no-stack .email-col-17 { width: 17% !important; }\n}\n\n@media (max-width: 480px) {\n  .hide-mobile {\n    display: none !important;\n    max-height: 0px;\n    overflow: hidden;\n  }\n}\n\n@media (min-width: 980px) {\n  .hide-desktop {\n    display: none !important;\n    max-height: none !important;\n  }\n}\n\n    </style>\n  \n  \n<!--[if mso]>\n<style type=\"text/css\">\n  ul li {\n    list-style:disc inside;\n    mso-special-format:bullet;\n  }\n</style>\n<![endif]-->\n\n<!--[if !mso]><!--><link href=\"https://fonts.googleapis.com/css?family=Montserrat:400,700\" rel=\"stylesheet\" type=\"text/css\">\n<style type=\"text/css\">\n  @import url(\'https://fonts.googleapis.com/css?family=Montserrat:400,700\');\n</style><link href=\"https://fonts.googleapis.com/css?family=Pacifico\" rel=\"stylesheet\" type=\"text/css\">\n<style type=\"text/css\">\n  @import url(\'https://fonts.googleapis.com/css?family=Pacifico\');\n</style><!--<![endif]-->\n\n</head>\n\n<body class=\"clean-body\" style=\"margin: 0;padding: 0;-webkit-text-size-adjust: 100%;background-color: #ffffff\">\n  <!--[if IE]><div class=\"ie-container\"><![endif]-->\n  <!--[if mso]><div class=\"mso-container\"><![endif]-->\n  <table class=\"nl-container\" style=\"border-collapse: collapse;table-layout: fixed;border-spacing: 0;mso-table-lspace: 0pt;mso-table-rspace: 0pt;vertical-align: top;min-width: 320px;Margin: 0 auto;background-color: #ffffff;width:100%\" cellpadding=\"0\" cellspacing=\"0\">\n  <tbody>\n  <tr style=\"vertical-align: top\">\n    <td style=\"word-break: break-word;border-collapse: collapse !important;vertical-align: top\">\n    <!--[if (mso)|(IE)]><table width=\"100%\" cellpadding=\"0\" cellspacing=\"0\" border=\"0\"><tr><td align=\"center\" style=\"background-color: #ffffff;\"><![endif]-->\n    \n\n<div class=\"email-row-container\" style=\"padding: 10px;background-color: rgba(255,255,255,0)\">\n  <div style=\"Margin: 0 auto;min-width: 320px;max-width: 600px;overflow-wrap: break-word;word-wrap: break-word;word-break: break-word;background-color: transparent;\" class=\"email-row\">\n    <div style=\"border-collapse: collapse;display: table;width: 100%;background-color: transparent;\">\n      <!--[if (mso)|(IE)]><table width=\"100%\" cellpadding=\"0\" cellspacing=\"0\" border=\"0\"><tr><td style=\"padding: 10px;background-color: rgba(255,255,255,0);\" align=\"center\"><table cellpadding=\"0\" cellspacing=\"0\" border=\"0\" style=\"width:600px;\"><tr style=\"background-color: transparent;\"><![endif]-->\n      \n<!--[if (mso)|(IE)]><td align=\"center\" width=\"600\" style=\"width: 600px;padding: 0px;border-top: 0px solid transparent;border-left: 0px solid transparent;border-right: 0px solid transparent;border-bottom: 0px solid transparent;\" valign=\"top\"><![endif]-->\n<div class=\"email-col email-col-100\" style=\"max-width: 320px;min-width: 600px;display: table-cell;vertical-align: top;\">\n  <div style=\"width: 100% !important;\">\n  <!--[if (!mso)&(!IE)]><!--><div style=\"padding: 0px;border-top: 0px solid transparent;border-left: 0px solid transparent;border-right: 0px solid transparent;border-bottom: 0px solid transparent;\"><!--<![endif]-->\n  \n<table id=\"u_content_html_1\" class=\"u_content_html\" style=\"font-family:\'Montserrat\',sans-serif;\" role=\"presentation\" cellpadding=\"0\" cellspacing=\"0\" width=\"100%\" border=\"0\">\n  <tbody>\n    <tr>\n      <td style=\"overflow-wrap:break-word;word-break:break-word;padding:10px;font-family:\'Montserrat\',sans-serif;\" align=\"left\">\n        \n  <div>\n    <img id=\"emm-opened-email-tracking\" src=\"/\" style=\"display:none\"/>\n  </div>\n\n      </td>\n    </tr>\n  </tbody>\n</table>\n\n<table id=\"u_content_image_1\" class=\"u_content_image\" style=\"font-family:\'Montserrat\',sans-serif;\" role=\"presentation\" cellpadding=\"0\" cellspacing=\"0\" width=\"100%\" border=\"0\">\n  <tbody>\n    <tr>\n      <td style=\"overflow-wrap:break-word;word-break:break-word;padding:10px 10px 20px;font-family:\'Montserrat\',sans-serif;\" align=\"left\">\n        \n<table width=\"100%\" cellpadding=\"0\" cellspacing=\"0\" border=\"0\">\n  <tr>\n    <td style=\"padding-right: 0px;padding-left: 0px;\" align=\"center\">\n      \n      <img align=\"center\" border=\"0\" src=\"https://upload.wikimedia.org/wikipedia/vi/1/1d/Logo_%C4%90%E1%BA%A1i_h%E1%BB%8Dc_FPT.png\" alt=\"Image\" title=\"Image\" style=\"outline: none;text-decoration: none;-ms-interpolation-mode: bicubic;clear: both;display: block !important;border: none;height: auto;float: none;width: 100%;max-width: 580px;\" width=\"580\"/>\n      \n    </td>\n  </tr>\n</table>\n\n      </td>\n    </tr>\n  </tbody>\n</table>\n\n  <!--[if (!mso)&(!IE)]><!--></div><!--<![endif]-->\n  </div>\n</div>\n<!--[if (mso)|(IE)]></td><![endif]-->\n      <!--[if (mso)|(IE)]></tr></table></td></tr></table><![endif]-->\n    </div>\n  </div>\n</div>\n\n\n\n<div class=\"email-row-container\" style=\"padding: 10px;background-color: rgba(255,255,255,0)\">\n  <div style=\"Margin: 0 auto;min-width: 320px;max-width: 600px;overflow-wrap: break-word;word-wrap: break-word;word-break: break-word;background-color: transparent;\" class=\"email-row\">\n    <div style=\"border-collapse: collapse;display: table;width: 100%;background-color: transparent;\">\n      <!--[if (mso)|(IE)]><table width=\"100%\" cellpadding=\"0\" cellspacing=\"0\" border=\"0\"><tr><td style=\"padding: 10px;background-color: rgba(255,255,255,0);\" align=\"center\"><table cellpadding=\"0\" cellspacing=\"0\" border=\"0\" style=\"width:600px;\"><tr style=\"background-color: transparent;\"><![endif]-->\n      \n<!--[if (mso)|(IE)]><td align=\"center\" width=\"600\" style=\"width: 600px;padding: 0px;border-top: 0px solid transparent;border-left: 0px solid transparent;border-right: 0px solid transparent;border-bottom: 0px solid transparent;\" valign=\"top\"><![endif]-->\n<div class=\"email-col email-col-100\" style=\"max-width: 320px;min-width: 600px;display: table-cell;vertical-align: top;\">\n  <div style=\"width: 100% !important;\">\n  <!--[if (!mso)&(!IE)]><!--><div style=\"padding: 0px;border-top: 0px solid transparent;border-left: 0px solid transparent;border-right: 0px solid transparent;border-bottom: 0px solid transparent;\"><!--<![endif]-->\n  \n<table id=\"u_content_text_2\" class=\"u_content_text\" style=\"font-family:\'Montserrat\',sans-serif;\" role=\"presentation\" cellpadding=\"0\" cellspacing=\"0\" width=\"100%\" border=\"0\">\n  <tbody>\n    <tr>\n      <td style=\"overflow-wrap:break-word;word-break:break-word;padding:10px;font-family:\'Montserrat\',sans-serif;\" align=\"left\">\n        \n  <div style=\"color: #000; line-height: 120%; text-align: center; word-wrap: break-word;\">\n    <div><span style=\"color: #6fbb7b; font-family: Pacifico, cursive; font-size: 58px; text-align: center; line-height: 69.6px;\">Default Email</span></div>\n  </div>\n\n      </td>\n    </tr>\n  </tbody>\n</table>\n\n<table id=\"u_content_divider_1\" class=\"u_content_divider\" style=\"font-family:\'Montserrat\',sans-serif;\" role=\"presentation\" cellpadding=\"0\" cellspacing=\"0\" width=\"100%\" border=\"0\">\n  <tbody>\n    <tr>\n      <td style=\"overflow-wrap:break-word;word-break:break-word;padding:20px;font-family:\'Montserrat\',sans-serif;\" align=\"left\">\n        \n  <table height=\"0px\" align=\"center\" border=\"0\" cellpadding=\"0\" cellspacing=\"0\" width=\"100%\" style=\"border-collapse: collapse;table-layout: fixed;border-spacing: 0;mso-table-lspace: 0pt;mso-table-rspace: 0pt;vertical-align: top;border-top: 1px solid #CCC;-ms-text-size-adjust: 100%;-webkit-text-size-adjust: 100%\">\n    <tbody>\n      <tr style=\"vertical-align: top\">\n        <td style=\"word-break: break-word;border-collapse: collapse !important;vertical-align: top;font-size: 0px;line-height: 0px;mso-line-height-rule: exactly;-ms-text-size-adjust: 100%;-webkit-text-size-adjust: 100%\">\n          <span>&#160;</span>\n        </td>\n      </tr>\n    </tbody>\n  </table>\n\n      </td>\n    </tr>\n  </tbody>\n</table>\n\n  <!--[if (!mso)&(!IE)]><!--></div><!--<![endif]-->\n  </div>\n</div>\n<!--[if (mso)|(IE)]></td><![endif]-->\n      <!--[if (mso)|(IE)]></tr></table></td></tr></table><![endif]-->\n    </div>\n  </div>\n</div>\n\n\n\n<div class=\"email-row-container\" style=\"padding: 0px;background-color: rgba(255,255,255,0)\">\n  <div style=\"Margin: 0 auto;min-width: 320px;max-width: 600px;overflow-wrap: break-word;word-wrap: break-word;word-break: break-word;background-color: transparent;\" class=\"email-row\">\n    <div style=\"border-collapse: collapse;display: table;width: 100%;background-color: transparent;\">\n      <!--[if (mso)|(IE)]><table width=\"100%\" cellpadding=\"0\" cellspacing=\"0\" border=\"0\"><tr><td style=\"padding: 0px;background-color: rgba(255,255,255,0);\" align=\"center\"><table cellpadding=\"0\" cellspacing=\"0\" border=\"0\" style=\"width:600px;\"><tr style=\"background-color: transparent;\"><![endif]-->\n      \n<!--[if (mso)|(IE)]><td align=\"center\" width=\"600\" style=\"width: 600px;padding: 0px;border-top: 0px solid transparent;border-left: 0px solid transparent;border-right: 0px solid transparent;border-bottom: 0px solid transparent;\" valign=\"top\"><![endif]-->\n<div class=\"email-col email-col-100\" style=\"max-width: 320px;min-width: 600px;display: table-cell;vertical-align: top;\">\n  <div style=\"width: 100% !important;\">\n  <!--[if (!mso)&(!IE)]><!--><div style=\"padding: 0px;border-top: 0px solid transparent;border-left: 0px solid transparent;border-right: 0px solid transparent;border-bottom: 0px solid transparent;\"><!--<![endif]-->\n  \n<table id=\"u_content_text_5\" class=\"u_content_text\" style=\"font-family:\'Montserrat\',sans-serif;\" role=\"presentation\" cellpadding=\"0\" cellspacing=\"0\" width=\"100%\" border=\"0\">\n  <tbody>\n    <tr>\n      <td style=\"overflow-wrap:break-word;word-break:break-word;padding:20px;font-family:\'Montserrat\',sans-serif;\" align=\"left\">\n        \n  <div style=\"color: #000; line-height: 120%; text-align: left; word-wrap: break-word;\">\n    <div><strong><span style=\"font-size: 30px; font-family: Montserrat, sans-serif; color: #2790d2; line-height: 36px;\">Upcoming Events:</span></strong></div>\n  </div>\n\n      </td>\n    </tr>\n  </tbody>\n</table>\n\n  <!--[if (!mso)&(!IE)]><!--></div><!--<![endif]-->\n  </div>\n</div>\n<!--[if (mso)|(IE)]></td><![endif]-->\n      <!--[if (mso)|(IE)]></tr></table></td></tr></table><![endif]-->\n    </div>\n  </div>\n</div>\n\n\n\n<div class=\"email-row-container\" style=\"padding: 10px;background-color: rgba(255,255,255,0)\">\n  <div style=\"Margin: 0 auto;min-width: 320px;max-width: 600px;overflow-wrap: break-word;word-wrap: break-word;word-break: break-word;background-color: transparent;\" class=\"email-row\">\n    <div style=\"border-collapse: collapse;display: table;width: 100%;background-color: transparent;\">\n      <!--[if (mso)|(IE)]><table width=\"100%\" cellpadding=\"0\" cellspacing=\"0\" border=\"0\"><tr><td style=\"padding: 10px;background-color: rgba(255,255,255,0);\" align=\"center\"><table cellpadding=\"0\" cellspacing=\"0\" border=\"0\" style=\"width:600px;\"><tr style=\"background-color: transparent;\"><![endif]-->\n      \n<!--[if (mso)|(IE)]><td align=\"center\" width=\"200\" style=\"width: 200px;padding: 0px;border-top: 0px solid transparent;border-left: 0px solid transparent;border-right: 0px solid transparent;border-bottom: 0px solid transparent;\" valign=\"top\"><![endif]-->\n<div class=\"email-col email-col-33\" style=\"max-width: 320px;min-width: 200px;display: table-cell;vertical-align: top;\">\n  <div style=\"width: 100% !important;\">\n  <!--[if (!mso)&(!IE)]><!--><div style=\"padding: 0px;border-top: 0px solid transparent;border-left: 0px solid transparent;border-right: 0px solid transparent;border-bottom: 0px solid transparent;\"><!--<![endif]-->\n  \n<table id=\"u_content_image_2\" class=\"u_content_image\" style=\"font-family:\'Montserrat\',sans-serif;\" role=\"presentation\" cellpadding=\"0\" cellspacing=\"0\" width=\"100%\" border=\"0\">\n  <tbody>\n    <tr>\n      <td style=\"overflow-wrap:break-word;word-break:break-word;padding:0px;font-family:\'Montserrat\',sans-serif;\" align=\"left\">\n        \n<table width=\"100%\" cellpadding=\"0\" cellspacing=\"0\" border=\"0\">\n  <tr>\n    <td style=\"padding-right: 0px;padding-left: 0px;\" align=\"center\">\n      \n      <img align=\"center\" border=\"0\" src=\"https://a.mailmunch.co/user_data/landing_pages/1500313461528-1.png\" alt=\"Image\" title=\"Image\" style=\"outline: none;text-decoration: none;-ms-interpolation-mode: bicubic;clear: both;display: block !important;border: none;height: auto;float: none;width: 100%;max-width: 200px;\" width=\"200\" class=\"fullwidth\"/>\n      \n    </td>\n  </tr>\n</table>\n\n      </td>\n    </tr>\n  </tbody>\n</table>\n\n  <!--[if (!mso)&(!IE)]><!--></div><!--<![endif]-->\n  </div>\n</div>\n<!--[if (mso)|(IE)]></td><![endif]-->\n<!--[if (mso)|(IE)]><td align=\"center\" width=\"400\" style=\"width: 400px;padding: 0px;border-top: 0px solid transparent;border-left: 0px solid transparent;border-right: 0px solid transparent;border-bottom: 0px solid transparent;\" valign=\"top\"><![endif]-->\n<div class=\"email-col email-col-67\" style=\"max-width: 320px;min-width: 400px;display: table-cell;vertical-align: top;\">\n  <div style=\"width: 100% !important;\">\n  <!--[if (!mso)&(!IE)]><!--><div style=\"padding: 0px;border-top: 0px solid transparent;border-left: 0px solid transparent;border-right: 0px solid transparent;border-bottom: 0px solid transparent;\"><!--<![endif]-->\n  \n<table id=\"u_content_text_6\" class=\"u_content_text\" style=\"font-family:\'Montserrat\',sans-serif;\" role=\"presentation\" cellpadding=\"0\" cellspacing=\"0\" width=\"100%\" border=\"0\">\n  <tbody>\n    <tr>\n      <td style=\"overflow-wrap:break-word;word-break:break-word;padding:10px 15px 8px;font-family:\'Montserrat\',sans-serif;\" align=\"left\">\n        \n  <div style=\"color: #6eba79; line-height: 160%; text-align: left; word-wrap: break-word;\">\n    <div><span style=\"font-size: 20px; line-height: 32px;\">JET SKI RIDE</span></div>\n  </div>\n\n      </td>\n    </tr>\n  </tbody>\n</table>\n\n<table id=\"u_content_text_7\" class=\"u_content_text\" style=\"font-family:\'Montserrat\',sans-serif;\" role=\"presentation\" cellpadding=\"0\" cellspacing=\"0\" width=\"100%\" border=\"0\">\n  <tbody>\n    <tr>\n      <td style=\"overflow-wrap:break-word;word-break:break-word;padding:10px 15px;font-family:\'Montserrat\',sans-serif;\" align=\"left\">\n        \n  <div style=\"color: #4f4f4f; line-height: 150%; text-align: left; word-wrap: break-word;\">\n    <div>Lorem ipsum dolor sit amet, consectetur adipiscing elit, sed do eiusmod tempor incididunt ut labore et dolore magna aliqua. Ut enim ad minim veniam, quis nostrud exercitation.</div>\n  </div>\n\n      </td>\n    </tr>\n  </tbody>\n</table>\n\n<table id=\"u_content_button_1\" class=\"u_content_button\" style=\"font-family:\'Montserrat\',sans-serif;\" role=\"presentation\" cellpadding=\"0\" cellspacing=\"0\" width=\"100%\" border=\"0\">\n  <tbody>\n    <tr>\n      <td style=\"overflow-wrap:break-word;word-break:break-word;padding:5px 15px;font-family:\'Montserrat\',sans-serif;\" align=\"left\">\n        \n<div align=\"left\">\n  <!--[if mso]><table width=\"100%\" cellpadding=\"0\" cellspacing=\"0\" border=\"0\" style=\"border-spacing: 0; border-collapse: collapse; mso-table-lspace:0pt; mso-table-rspace:0pt;font-family:\'Montserrat\',sans-serif;\"><tr><td style=\"font-family:\'Montserrat\',sans-serif;\" align=\"left\"><v:roundrect xmlns:v=\"urn:schemas-microsoft-com:vml\" xmlns:w=\"urn:schemas-microsoft-com:office:word\" href=\"/emm-clicked-email-tracking\" style=\"height:37px; v-text-anchor:middle; width:134px;\" arcsize=\"54%\" stroke=\"f\" fillcolor=\"#fa9302\"><w:anchorlock/><center style=\"color:#FFF;font-family:\'Montserrat\',sans-serif;\"><![endif]-->\n    <a href=\"/emm-clicked-email-tracking\" target=\"_self\" style=\"display: inline-block;font-family:\'Montserrat\',sans-serif;text-decoration: none;-webkit-text-size-adjust: none;text-align: center;color: #FFF; background-color: #fa9302; border-radius: 20px; -webkit-border-radius: 20px; -moz-border-radius: 20px; width: auto; padding: 10px 20px; mso-border-alt: none;\">\n      <span style=\"line-height:120%;\">ORDER NOW<br /></span>\n    </a>\n  <!--[if mso]></center></v:roundrect></td></tr></table><![endif]-->\n</div>\n\n      </td>\n    </tr>\n  </tbody>\n</table>\n\n  <!--[if (!mso)&(!IE)]><!--></div><!--<![endif]-->\n  </div>\n</div>\n<!--[if (mso)|(IE)]></td><![endif]-->\n      <!--[if (mso)|(IE)]></tr></table></td></tr></table><![endif]-->\n    </div>\n  </div>\n</div>\n\n\n\n<div class=\"email-row-container\" style=\"padding: 0px;background-color: rgba(255,255,255,0)\">\n  <div style=\"Margin: 0 auto;min-width: 320px;max-width: 600px;overflow-wrap: break-word;word-wrap: break-word;word-break: break-word;background-color: transparent;\" class=\"email-row\">\n    <div style=\"border-collapse: collapse;display: table;width: 100%;background-color: transparent;\">\n      <!--[if (mso)|(IE)]><table width=\"100%\" cellpadding=\"0\" cellspacing=\"0\" border=\"0\"><tr><td style=\"padding: 0px;background-color: rgba(255,255,255,0);\" align=\"center\"><table cellpadding=\"0\" cellspacing=\"0\" border=\"0\" style=\"width:600px;\"><tr style=\"background-color: transparent;\"><![endif]-->\n      \n<!--[if (mso)|(IE)]><td align=\"center\" width=\"600\" style=\"width: 600px;padding: 0px;border-top: 0px solid transparent;border-left: 0px solid transparent;border-right: 0px solid transparent;border-bottom: 0px solid transparent;\" valign=\"top\"><![endif]-->\n<div class=\"email-col email-col-100\" style=\"max-width: 320px;min-width: 600px;display: table-cell;vertical-align: top;\">\n  <div style=\"width: 100% !important;\">\n  <!--[if (!mso)&(!IE)]><!--><div style=\"padding: 0px;border-top: 0px solid transparent;border-left: 0px solid transparent;border-right: 0px solid transparent;border-bottom: 0px solid transparent;\"><!--<![endif]-->\n  \n<table id=\"u_content_divider_2\" class=\"u_content_divider\" style=\"font-family:\'Montserrat\',sans-serif;\" role=\"presentation\" cellpadding=\"0\" cellspacing=\"0\" width=\"100%\" border=\"0\">\n  <tbody>\n    <tr>\n      <td style=\"overflow-wrap:break-word;word-break:break-word;padding:1px 20px 5px;font-family:\'Montserrat\',sans-serif;\" align=\"left\">\n        \n  <table height=\"0px\" align=\"center\" border=\"0\" cellpadding=\"0\" cellspacing=\"0\" width=\"100%\" style=\"border-collapse: collapse;table-layout: fixed;border-spacing: 0;mso-table-lspace: 0pt;mso-table-rspace: 0pt;vertical-align: top;border-top: 1px solid #CCC;-ms-text-size-adjust: 100%;-webkit-text-size-adjust: 100%\">\n    <tbody>\n      <tr style=\"vertical-align: top\">\n        <td style=\"word-break: break-word;border-collapse: collapse !important;vertical-align: top;font-size: 0px;line-height: 0px;mso-line-height-rule: exactly;-ms-text-size-adjust: 100%;-webkit-text-size-adjust: 100%\">\n          <span>&#160;</span>\n        </td>\n      </tr>\n    </tbody>\n  </table>\n\n      </td>\n    </tr>\n  </tbody>\n</table>\n\n  <!--[if (!mso)&(!IE)]><!--></div><!--<![endif]-->\n  </div>\n</div>\n<!--[if (mso)|(IE)]></td><![endif]-->\n      <!--[if (mso)|(IE)]></tr></table></td></tr></table><![endif]-->\n    </div>\n  </div>\n</div>\n\n\n\n<div class=\"email-row-container\" style=\"padding: 10px;background-color: rgba(255,255,255,0)\">\n  <div style=\"Margin: 0 auto;min-width: 320px;max-width: 600px;overflow-wrap: break-word;word-wrap: break-word;word-break: break-word;background-color: transparent;\" class=\"email-row\">\n    <div style=\"border-collapse: collapse;display: table;width: 100%;background-color: transparent;\">\n      <!--[if (mso)|(IE)]><table width=\"100%\" cellpadding=\"0\" cellspacing=\"0\" border=\"0\"><tr><td style=\"padding: 10px;background-color: rgba(255,255,255,0);\" align=\"center\"><table cellpadding=\"0\" cellspacing=\"0\" border=\"0\" style=\"width:600px;\"><tr style=\"background-color: transparent;\"><![endif]-->\n      \n<!--[if (mso)|(IE)]><td align=\"center\" width=\"400\" style=\"width: 400px;padding: 0px;border-top: 0px solid transparent;border-left: 0px solid transparent;border-right: 0px solid transparent;border-bottom: 0px solid transparent;\" valign=\"top\"><![endif]-->\n<div class=\"email-col email-col-67\" style=\"max-width: 320px;min-width: 400px;display: table-cell;vertical-align: top;\">\n  <div style=\"width: 100% !important;\">\n  <!--[if (!mso)&(!IE)]><!--><div style=\"padding: 0px;border-top: 0px solid transparent;border-left: 0px solid transparent;border-right: 0px solid transparent;border-bottom: 0px solid transparent;\"><!--<![endif]-->\n  \n<table id=\"u_content_text_8\" class=\"u_content_text\" style=\"font-family:\'Montserrat\',sans-serif;\" role=\"presentation\" cellpadding=\"0\" cellspacing=\"0\" width=\"100%\" border=\"0\">\n  <tbody>\n    <tr>\n      <td style=\"overflow-wrap:break-word;word-break:break-word;padding:10px 15px 8px;font-family:\'Montserrat\',sans-serif;\" align=\"left\">\n        \n  <div style=\"color: #6eba79; line-height: 160%; text-align: left; word-wrap: break-word;\">\n    <div><span style=\"font-size: 20px; line-height: 32px;\">BOAT RIDE</span></div>\n  </div>\n\n      </td>\n    </tr>\n  </tbody>\n</table>\n\n<table id=\"u_content_text_9\" class=\"u_content_text\" style=\"font-family:\'Montserrat\',sans-serif;\" role=\"presentation\" cellpadding=\"0\" cellspacing=\"0\" width=\"100%\" border=\"0\">\n  <tbody>\n    <tr>\n      <td style=\"overflow-wrap:break-word;word-break:break-word;padding:10px 15px;font-family:\'Montserrat\',sans-serif;\" align=\"left\">\n        \n  <div style=\"color: #4f4f4f; line-height: 150%; text-align: left; word-wrap: break-word;\">\n    <div>Lorem ipsum dolor sit amet, consectetur adipiscing elit, sed do eiusmod tempor incididunt ut labore et dolore magna aliqua. Ut enim ad minim veniam, quis nostrud exercitation</div>\n  </div>\n\n      </td>\n    </tr>\n  </tbody>\n</table>\n\n<table id=\"u_content_button_2\" class=\"u_content_button\" style=\"font-family:\'Montserrat\',sans-serif;\" role=\"presentation\" cellpadding=\"0\" cellspacing=\"0\" width=\"100%\" border=\"0\">\n  <tbody>\n    <tr>\n      <td style=\"overflow-wrap:break-word;word-break:break-word;padding:5px 15px;font-family:\'Montserrat\',sans-serif;\" align=\"left\">\n        \n<div align=\"left\">\n  <!--[if mso]><table width=\"100%\" cellpadding=\"0\" cellspacing=\"0\" border=\"0\" style=\"border-spacing: 0; border-collapse: collapse; mso-table-lspace:0pt; mso-table-rspace:0pt;font-family:\'Montserrat\',sans-serif;\"><tr><td style=\"font-family:\'Montserrat\',sans-serif;\" align=\"left\"><v:roundrect xmlns:v=\"urn:schemas-microsoft-com:vml\" xmlns:w=\"urn:schemas-microsoft-com:office:word\" href=\"\" style=\"height:36px; v-text-anchor:middle; width:132px;\" arcsize=\"55.5%\" stroke=\"f\" fillcolor=\"#fa9302\"><w:anchorlock/><center style=\"color:#FFF;font-family:\'Montserrat\',sans-serif;\"><![endif]-->\n    <a href=\"\" target=\"_blank\" style=\"display: inline-block;font-family:\'Montserrat\',sans-serif;text-decoration: none;-webkit-text-size-adjust: none;text-align: center;color: #FFF; background-color: #fa9302; border-radius: 20px; -webkit-border-radius: 20px; -moz-border-radius: 20px; width: auto; padding: 10px 20px; mso-border-alt: none;\">\n      <span style=\"line-height:120%;\">ORDER NOW<br /></span>\n    </a>\n  <!--[if mso]></center></v:roundrect></td></tr></table><![endif]-->\n</div>\n\n      </td>\n    </tr>\n  </tbody>\n</table>\n\n  <!--[if (!mso)&(!IE)]><!--></div><!--<![endif]-->\n  </div>\n</div>\n<!--[if (mso)|(IE)]></td><![endif]-->\n<!--[if (mso)|(IE)]><td align=\"center\" width=\"200\" style=\"width: 200px;padding: 0px;border-top: 0px solid transparent;border-left: 0px solid transparent;border-right: 0px solid transparent;border-bottom: 0px solid transparent;\" valign=\"top\"><![endif]-->\n<div class=\"email-col email-col-33\" style=\"max-width: 320px;min-width: 200px;display: table-cell;vertical-align: top;\">\n  <div style=\"width: 100% !important;\">\n  <!--[if (!mso)&(!IE)]><!--><div style=\"padding: 0px;border-top: 0px solid transparent;border-left: 0px solid transparent;border-right: 0px solid transparent;border-bottom: 0px solid transparent;\"><!--<![endif]-->\n  \n<table id=\"u_content_image_3\" class=\"u_content_image\" style=\"font-family:\'Montserrat\',sans-serif;\" role=\"presentation\" cellpadding=\"0\" cellspacing=\"0\" width=\"100%\" border=\"0\">\n  <tbody>\n    <tr>\n      <td style=\"overflow-wrap:break-word;word-break:break-word;padding:0px;font-family:\'Montserrat\',sans-serif;\" align=\"left\">\n        \n<table width=\"100%\" cellpadding=\"0\" cellspacing=\"0\" border=\"0\">\n  <tr>\n    <td style=\"padding-right: 0px;padding-left: 0px;\" align=\"center\">\n      \n      <img align=\"center\" border=\"0\" src=\"https://a.mailmunch.co/user_data/landing_pages/1500313783372-2.png\" alt=\"Image\" title=\"Image\" style=\"outline: none;text-decoration: none;-ms-interpolation-mode: bicubic;clear: both;display: block !important;border: none;height: auto;float: none;width: 100%;max-width: 200px;\" width=\"200\" class=\"fullwidth\"/>\n      \n    </td>\n  </tr>\n</table>\n\n      </td>\n    </tr>\n  </tbody>\n</table>\n\n  <!--[if (!mso)&(!IE)]><!--></div><!--<![endif]-->\n  </div>\n</div>\n<!--[if (mso)|(IE)]></td><![endif]-->\n      <!--[if (mso)|(IE)]></tr></table></td></tr></table><![endif]-->\n    </div>\n  </div>\n</div>\n\n\n\n<div class=\"email-row-container\" style=\"padding: 0px;background-color: rgba(255,255,255,0)\">\n  <div style=\"Margin: 0 auto;min-width: 320px;max-width: 600px;overflow-wrap: break-word;word-wrap: break-word;word-break: break-word;background-color: transparent;\" class=\"email-row\">\n    <div style=\"border-collapse: collapse;display: table;width: 100%;background-color: transparent;\">\n      <!--[if (mso)|(IE)]><table width=\"100%\" cellpadding=\"0\" cellspacing=\"0\" border=\"0\"><tr><td style=\"padding: 0px;background-color: rgba(255,255,255,0);\" align=\"center\"><table cellpadding=\"0\" cellspacing=\"0\" border=\"0\" style=\"width:600px;\"><tr style=\"background-color: transparent;\"><![endif]-->\n      \n<!--[if (mso)|(IE)]><td align=\"center\" width=\"600\" style=\"width: 600px;padding: 0px;border-top: 0px solid transparent;border-left: 0px solid transparent;border-right: 0px solid transparent;border-bottom: 0px solid transparent;\" valign=\"top\"><![endif]-->\n<div class=\"email-col email-col-100\" style=\"max-width: 320px;min-width: 600px;display: table-cell;vertical-align: top;\">\n  <div style=\"width: 100% !important;\">\n  <!--[if (!mso)&(!IE)]><!--><div style=\"padding: 0px;border-top: 0px solid transparent;border-left: 0px solid transparent;border-right: 0px solid transparent;border-bottom: 0px solid transparent;\"><!--<![endif]-->\n  \n<table id=\"u_content_divider_3\" class=\"u_content_divider\" style=\"font-family:\'Montserrat\',sans-serif;\" role=\"presentation\" cellpadding=\"0\" cellspacing=\"0\" width=\"100%\" border=\"0\">\n  <tbody>\n    <tr>\n      <td style=\"overflow-wrap:break-word;word-break:break-word;padding:1px 20px 5px;font-family:\'Montserrat\',sans-serif;\" align=\"left\">\n        \n  <table height=\"0px\" align=\"center\" border=\"0\" cellpadding=\"0\" cellspacing=\"0\" width=\"100%\" style=\"border-collapse: collapse;table-layout: fixed;border-spacing: 0;mso-table-lspace: 0pt;mso-table-rspace: 0pt;vertical-align: top;border-top: 1px solid #CCC;-ms-text-size-adjust: 100%;-webkit-text-size-adjust: 100%\">\n    <tbody>\n      <tr style=\"vertical-align: top\">\n        <td style=\"word-break: break-word;border-collapse: collapse !important;vertical-align: top;font-size: 0px;line-height: 0px;mso-line-height-rule: exactly;-ms-text-size-adjust: 100%;-webkit-text-size-adjust: 100%\">\n          <span>&#160;</span>\n        </td>\n      </tr>\n    </tbody>\n  </table>\n\n      </td>\n    </tr>\n  </tbody>\n</table>\n\n  <!--[if (!mso)&(!IE)]><!--></div><!--<![endif]-->\n  </div>\n</div>\n<!--[if (mso)|(IE)]></td><![endif]-->\n      <!--[if (mso)|(IE)]></tr></table></td></tr></table><![endif]-->\n    </div>\n  </div>\n</div>\n\n\n\n<div class=\"email-row-container\" style=\"padding: 0px;background-color: rgba(255,255,255,0)\">\n  <div style=\"Margin: 0 auto;min-width: 320px;max-width: 600px;overflow-wrap: break-word;word-wrap: break-word;word-break: break-word;background-color: transparent;\" class=\"email-row\">\n    <div style=\"border-collapse: collapse;display: table;width: 100%;background-color: transparent;\">\n      <!--[if (mso)|(IE)]><table width=\"100%\" cellpadding=\"0\" cellspacing=\"0\" border=\"0\"><tr><td style=\"padding: 0px;background-color: rgba(255,255,255,0);\" align=\"center\"><table cellpadding=\"0\" cellspacing=\"0\" border=\"0\" style=\"width:600px;\"><tr style=\"background-color: transparent;\"><![endif]-->\n      \n<!--[if (mso)|(IE)]><td align=\"center\" width=\"600\" style=\"width: 600px;padding: 0px;border-top: 0px solid transparent;border-left: 0px solid transparent;border-right: 0px solid transparent;border-bottom: 0px solid transparent;\" valign=\"top\"><![endif]-->\n<div class=\"email-col email-col-100\" style=\"max-width: 320px;min-width: 600px;display: table-cell;vertical-align: top;\">\n  <div style=\"width: 100% !important;\">\n  <!--[if (!mso)&(!IE)]><!--><div style=\"padding: 0px;border-top: 0px solid transparent;border-left: 0px solid transparent;border-right: 0px solid transparent;border-bottom: 0px solid transparent;\"><!--<![endif]-->\n  \n<table id=\"u_content_divider_4\" class=\"u_content_divider\" style=\"font-family:\'Montserrat\',sans-serif;\" role=\"presentation\" cellpadding=\"0\" cellspacing=\"0\" width=\"100%\" border=\"0\">\n  <tbody>\n    <tr>\n      <td style=\"overflow-wrap:break-word;word-break:break-word;padding:1px 20px 5px;font-family:\'Montserrat\',sans-serif;\" align=\"left\">\n        \n  <table height=\"0px\" align=\"center\" border=\"0\" cellpadding=\"0\" cellspacing=\"0\" width=\"100%\" style=\"border-collapse: collapse;table-layout: fixed;border-spacing: 0;mso-table-lspace: 0pt;mso-table-rspace: 0pt;vertical-align: top;border-top: 1px solid #CCC;-ms-text-size-adjust: 100%;-webkit-text-size-adjust: 100%\">\n    <tbody>\n      <tr style=\"vertical-align: top\">\n        <td style=\"word-break: break-word;border-collapse: collapse !important;vertical-align: top;font-size: 0px;line-height: 0px;mso-line-height-rule: exactly;-ms-text-size-adjust: 100%;-webkit-text-size-adjust: 100%\">\n          <span>&#160;</span>\n        </td>\n      </tr>\n    </tbody>\n  </table>\n\n      </td>\n    </tr>\n  </tbody>\n</table>\n\n  <!--[if (!mso)&(!IE)]><!--></div><!--<![endif]-->\n  </div>\n</div>\n<!--[if (mso)|(IE)]></td><![endif]-->\n      <!--[if (mso)|(IE)]></tr></table></td></tr></table><![endif]-->\n    </div>\n  </div>\n</div>\n\n\n\n<div class=\"email-row-container\" style=\"padding: 10px;background-color: rgba(255,255,255,0)\">\n  <div style=\"Margin: 0 auto;min-width: 320px;max-width: 600px;overflow-wrap: break-word;word-wrap: break-word;word-break: break-word;background-color: transparent;\" class=\"email-row\">\n    <div style=\"border-collapse: collapse;display: table;width: 100%;background-color: transparent;\">\n      <!--[if (mso)|(IE)]><table width=\"100%\" cellpadding=\"0\" cellspacing=\"0\" border=\"0\"><tr><td style=\"padding: 10px;background-color: rgba(255,255,255,0);\" align=\"center\"><table cellpadding=\"0\" cellspacing=\"0\" border=\"0\" style=\"width:600px;\"><tr style=\"background-color: transparent;\"><![endif]-->\n      \n<!--[if (mso)|(IE)]><td align=\"center\" width=\"600\" style=\"width: 600px;padding: 0px;border-top: 0px solid transparent;border-left: 0px solid transparent;border-right: 0px solid transparent;border-bottom: 0px solid transparent;\" valign=\"top\"><![endif]-->\n<div class=\"email-col email-col-100\" style=\"max-width: 320px;min-width: 600px;display: table-cell;vertical-align: top;\">\n  <div style=\"width: 100% !important;\">\n  <!--[if (!mso)&(!IE)]><!--><div style=\"padding: 0px;border-top: 0px solid transparent;border-left: 0px solid transparent;border-right: 0px solid transparent;border-bottom: 0px solid transparent;\"><!--<![endif]-->\n  \n<table id=\"u_content_text_12\" class=\"u_content_text\" style=\"font-family:\'Montserrat\',sans-serif;\" role=\"presentation\" cellpadding=\"0\" cellspacing=\"0\" width=\"100%\" border=\"0\">\n  <tbody>\n    <tr>\n      <td style=\"overflow-wrap:break-word;word-break:break-word;padding:15px;font-family:\'Montserrat\',sans-serif;\" align=\"left\">\n        \n  <div style=\"color: #fa9302; line-height: 130%; text-align: center; word-wrap: break-word;\">\n    <div><span style=\"font-size: 36px; line-height: 46.8px;\">NEED MORE INFORMATION?</span></div>\n  </div>\n\n      </td>\n    </tr>\n  </tbody>\n</table>\n\n<table id=\"u_content_text_13\" class=\"u_content_text\" style=\"font-family:\'Montserrat\',sans-serif;\" role=\"presentation\" cellpadding=\"0\" cellspacing=\"0\" width=\"100%\" border=\"0\">\n  <tbody>\n    <tr>\n      <td style=\"overflow-wrap:break-word;word-break:break-word;padding:10px;font-family:\'Montserrat\',sans-serif;\" align=\"left\">\n        \n  <div style=\"color: #4f4f4f; line-height: 120%; text-align: center; word-wrap: break-word;\">\n    <div><span style=\"font-size: 20px; line-height: 24px;\">Subscribe to get updates.</span></div>\n  </div>\n\n      </td>\n    </tr>\n  </tbody>\n</table>\n\n<table id=\"u_content_button_4\" class=\"u_content_button\" style=\"font-family:\'Montserrat\',sans-serif;\" role=\"presentation\" cellpadding=\"0\" cellspacing=\"0\" width=\"100%\" border=\"0\">\n  <tbody>\n    <tr>\n      <td style=\"overflow-wrap:break-word;word-break:break-word;padding:20px;font-family:\'Montserrat\',sans-serif;\" align=\"left\">\n        \n<div align=\"center\">\n  <!--[if mso]><table width=\"100%\" cellpadding=\"0\" cellspacing=\"0\" border=\"0\" style=\"border-spacing: 0; border-collapse: collapse; mso-table-lspace:0pt; mso-table-rspace:0pt;font-family:\'Montserrat\',sans-serif;\"><tr><td style=\"font-family:\'Montserrat\',sans-serif;\" align=\"center\"><v:roundrect xmlns:v=\"urn:schemas-microsoft-com:vml\" xmlns:w=\"urn:schemas-microsoft-com:office:word\" href=\"\" style=\"height:52px; v-text-anchor:middle; width:214px;\" arcsize=\"71%\" stroke=\"f\" fillcolor=\"#6eba79\"><w:anchorlock/><center style=\"color:#FFF;font-family:\'Montserrat\',sans-serif;\"><![endif]-->\n    <a href=\"\" target=\"_blank\" style=\"display: inline-block;font-family:\'Montserrat\',sans-serif;text-decoration: none;-webkit-text-size-adjust: none;text-align: center;color: #FFF; background-color: #6eba79; border-radius: 37px; -webkit-border-radius: 37px; -moz-border-radius: 37px; width: auto; padding: 10px 20px; mso-border-alt: none;\">\n      <span style=\"line-height:160%;\"><span style=\"font-size: 20px; line-height: 32px;\">SUBSCRIBE NOW</span></span>\n    </a>\n  <!--[if mso]></center></v:roundrect></td></tr></table><![endif]-->\n</div>\n\n      </td>\n    </tr>\n  </tbody>\n</table>\n\n  <!--[if (!mso)&(!IE)]><!--></div><!--<![endif]-->\n  </div>\n</div>\n<!--[if (mso)|(IE)]></td><![endif]-->\n      <!--[if (mso)|(IE)]></tr></table></td></tr></table><![endif]-->\n    </div>\n  </div>\n</div>\n\n\n\n<div class=\"email-row-container\" style=\"padding: 30px;background-color: #f0f0f0\">\n  <div style=\"Margin: 0 auto;min-width: 320px;max-width: 600px;overflow-wrap: break-word;word-wrap: break-word;word-break: break-word;background-color: transparent;\" class=\"email-row\">\n    <div style=\"border-collapse: collapse;display: table;width: 100%;background-color: transparent;\">\n      <!--[if (mso)|(IE)]><table width=\"100%\" cellpadding=\"0\" cellspacing=\"0\" border=\"0\"><tr><td style=\"padding: 30px;background-color: #f0f0f0;\" align=\"center\"><table cellpadding=\"0\" cellspacing=\"0\" border=\"0\" style=\"width:600px;\"><tr style=\"background-color: transparent;\"><![endif]-->\n      \n<!--[if (mso)|(IE)]><td align=\"center\" width=\"600\" style=\"width: 600px;padding: 0px;border-top: 0px solid transparent;border-left: 0px solid transparent;border-right: 0px solid transparent;border-bottom: 0px solid transparent;\" valign=\"top\"><![endif]-->\n<div class=\"email-col email-col-100\" style=\"max-width: 320px;min-width: 600px;display: table-cell;vertical-align: top;\">\n  <div style=\"width: 100% !important;\">\n  <!--[if (!mso)&(!IE)]><!--><div style=\"padding: 0px;border-top: 0px solid transparent;border-left: 0px solid transparent;border-right: 0px solid transparent;border-bottom: 0px solid transparent;\"><!--<![endif]-->\n  \n<table id=\"u_content_text_14\" class=\"u_content_text\" style=\"font-family:\'Montserrat\',sans-serif;\" role=\"presentation\" cellpadding=\"0\" cellspacing=\"0\" width=\"100%\" border=\"0\">\n  <tbody>\n    <tr>\n      <td style=\"overflow-wrap:break-word;word-break:break-word;padding:20px;font-family:\'Montserrat\',sans-serif;\" align=\"left\">\n        \n  <div style=\"color: #000; line-height: 120%; text-align: left; word-wrap: break-word;\">\n    <div style=\"font-family: arial, helvetica, sans-serif;\"><span style=\"font-size: 12px; color: #999999; line-height: 14.4px;\">You received this email because you signed up for .</span></div>\n<div style=\"font-family: arial, helvetica, sans-serif;\">&nbsp;</div>\n<div style=\"font-family: arial, helvetica, sans-serif;\"><span style=\"font-size: 12px; color: #999999; line-height: 14.4px;\"></span></div>\n  </div>\n\n      </td>\n    </tr>\n  </tbody>\n</table>\n\n<table id=\"u_content_html_2\" class=\"u_content_html\" style=\"font-family:\'Montserrat\',sans-serif;\" role=\"presentation\" cellpadding=\"0\" cellspacing=\"0\" width=\"100%\" border=\"0\">\n  <tbody>\n    <tr>\n      <td style=\"overflow-wrap:break-word;word-break:break-word;padding:0px;font-family:\'Montserrat\',sans-serif;\" align=\"left\">\n        \n  <div>\n    <span style=\"\n             font-size: 10px;\n             \">\n  Do not want to get any updates from us?\n  <a href=\"/emm-unsubscribe\">Unsubscribe me</a> now!\n</span>\n  </div>\n\n      </td>\n    </tr>\n  </tbody>\n</table>\n\n  <!--[if (!mso)&(!IE)]><!--></div><!--<![endif]-->\n  </div>\n</div>\n<!--[if (mso)|(IE)]></td><![endif]-->\n      <!--[if (mso)|(IE)]></tr></table></td></tr></table><![endif]-->\n    </div>\n  </div>\n</div>\n\n\n    <!--[if (mso)|(IE)]></td></tr></table><![endif]-->\n    </td>\n  </tr>\n  </tbody>\n  </table>\n  <!--[if (mso)|(IE)]></div><![endif]-->\n</body>\n\n</html>\n','{\"counters\":{\"u_content_image\":4,\"u_content_text\":14,\"u_content_divider\":4,\"u_content_button\":4,\"u_column\":14,\"u_row\":11,\"u_content_html\":2},\"body\":{\"rows\":[{\"cells\":[1],\"columns\":[{\"contents\":[{\"type\":\"html\",\"values\":{\"containerPadding\":\"10px\",\"_meta\":{\"htmlID\":\"u_content_html_1\",\"htmlClassNames\":\"u_content_html\"},\"selectable\":true,\"draggable\":true,\"deletable\":true,\"html\":\"<img id=\\\"emm-opened-email-tracking\\\" src=\\\"/\\\" style=\\\"display:none\\\"/>\"}},{\"type\":\"image\",\"values\":{\"containerPadding\":\"10px 10px 20px\",\"_meta\":{\"htmlID\":\"u_content_image_1\",\"htmlClassNames\":\"u_content_image\"},\"selectable\":true,\"draggable\":true,\"deletable\":true,\"src\":{\"url\":\"https://upload.wikimedia.org/wikipedia/vi/1/1d/Logo_%C4%90%E1%BA%A1i_h%E1%BB%8Dc_FPT.png\",\"width\":1200,\"height\":660},\"fullWidth\":false,\"textAlign\":\"center\",\"maxWidth\":\"100%\",\"altText\":\"Image\",\"action\":{\"url\":\"\",\"target\":\"\"}}}],\"values\":{\"_meta\":{\"htmlID\":\"u_column_1\",\"htmlClassNames\":\"u_column\"}}}],\"values\":{\"columns\":false,\"backgroundColor\":\"rgba(255,255,255,0)\",\"columnsBackgroundColor\":\"rgba(255,255,255,0)\",\"backgroundImage\":{\"url\":\"\",\"fullWidth\":true,\"repeat\":false,\"center\":false,\"cover\":false},\"padding\":\"10px\",\"hideDesktop\":false,\"hideMobile\":false,\"noStackMobile\":false,\"_meta\":{\"htmlID\":\"u_row_1\",\"htmlClassNames\":\"u_row\"},\"selectable\":true,\"draggable\":true,\"deletable\":true}},{\"cells\":[1],\"columns\":[{\"contents\":[{\"type\":\"text\",\"values\":{\"containerPadding\":\"10px\",\"_meta\":{\"htmlID\":\"u_content_text_2\",\"htmlClassNames\":\"u_content_text\"},\"selectable\":true,\"draggable\":true,\"deletable\":true,\"color\":\"#000\",\"textAlign\":\"center\",\"lineHeight\":\"120%\",\"linkStyle\":{\"inherit\":true,\"linkColor\":\"#0000ee\",\"linkHoverColor\":\"#0000ee\",\"linkUnderline\":true,\"linkHoverUnderline\":true},\"text\":\"<div><span style=\\\"color: #6fbb7b; font-family: Pacifico, cursive; font-size: 58px; text-align: center; line-height: 69.6px;\\\">Default Email</span></div>\"}},{\"type\":\"divider\",\"values\":{\"containerPadding\":\"20px\",\"_meta\":{\"htmlID\":\"u_content_divider_1\",\"htmlClassNames\":\"u_content_divider\"},\"selectable\":true,\"draggable\":true,\"deletable\":true,\"width\":\"100%\",\"border\":{\"borderTopWidth\":\"1px\",\"borderTopStyle\":\"solid\",\"borderTopColor\":\"#CCC\"},\"textAlign\":\"center\"}}],\"values\":{\"_meta\":{\"htmlID\":\"u_column_2\",\"htmlClassNames\":\"u_column\"}}}],\"values\":{\"columns\":false,\"backgroundColor\":\"rgba(255,255,255,0)\",\"columnsBackgroundColor\":\"rgba(255,255,255,0)\",\"backgroundImage\":{\"url\":\"\",\"fullWidth\":true,\"repeat\":false,\"center\":false,\"cover\":false},\"padding\":\"10px\",\"hideDesktop\":false,\"hideMobile\":false,\"noStackMobile\":false,\"_meta\":{\"htmlID\":\"u_row_2\",\"htmlClassNames\":\"u_row\"},\"selectable\":true,\"draggable\":true,\"deletable\":true}},{\"cells\":[1],\"columns\":[{\"contents\":[{\"type\":\"text\",\"values\":{\"containerPadding\":\"20px\",\"_meta\":{\"htmlID\":\"u_content_text_5\",\"htmlClassNames\":\"u_content_text\"},\"selectable\":true,\"draggable\":true,\"deletable\":true,\"color\":\"#000\",\"textAlign\":\"left\",\"lineHeight\":\"120%\",\"linkStyle\":{\"inherit\":true,\"linkColor\":\"#0000ee\",\"linkHoverColor\":\"#0000ee\",\"linkUnderline\":true,\"linkHoverUnderline\":true},\"text\":\"<div><strong><span style=\\\"font-size: 30px; font-family: Montserrat, sans-serif; color: #2790d2; line-height: 36px;\\\">Upcoming Events:</span></strong></div>\"}}],\"values\":{\"_meta\":{\"htmlID\":\"u_column_3\",\"htmlClassNames\":\"u_column\"}}}],\"values\":{\"columns\":false,\"backgroundColor\":\"rgba(255,255,255,0)\",\"columnsBackgroundColor\":\"rgba(255,255,255,0)\",\"backgroundImage\":{\"url\":\"\",\"fullWidth\":true,\"repeat\":false,\"center\":false,\"cover\":false},\"padding\":\"0px\",\"hideDesktop\":false,\"hideMobile\":false,\"noStackMobile\":false,\"_meta\":{\"htmlID\":\"u_row_3\",\"htmlClassNames\":\"u_row\"},\"selectable\":true,\"draggable\":true,\"deletable\":true}},{\"cells\":[1,2],\"columns\":[{\"contents\":[{\"type\":\"image\",\"values\":{\"containerPadding\":\"0px\",\"_meta\":{\"htmlID\":\"u_content_image_2\",\"htmlClassNames\":\"u_content_image\"},\"selectable\":true,\"draggable\":true,\"deletable\":true,\"src\":{\"url\":\"https://a.mailmunch.co/user_data/landing_pages/1500313461528-1.png\",\"width\":500,\"height\":500},\"fullWidth\":true,\"textAlign\":\"center\",\"maxWidth\":\"100%\",\"altText\":\"Image\",\"action\":{\"url\":\"\",\"target\":\"\"}}}],\"values\":{\"_meta\":{\"htmlID\":\"u_column_4\",\"htmlClassNames\":\"u_column\"}}},{\"contents\":[{\"type\":\"text\",\"values\":{\"containerPadding\":\"10px 15px 8px\",\"_meta\":{\"htmlID\":\"u_content_text_6\",\"htmlClassNames\":\"u_content_text\"},\"selectable\":true,\"draggable\":true,\"deletable\":true,\"color\":\"#6eba79\",\"textAlign\":\"left\",\"lineHeight\":\"160%\",\"linkStyle\":{\"inherit\":true,\"linkColor\":\"#0000ee\",\"linkHoverColor\":\"#0000ee\",\"linkUnderline\":true,\"linkHoverUnderline\":true},\"text\":\"<div><span style=\\\"font-size: 20px; line-height: 32px;\\\">JET SKI RIDE</span></div>\"}},{\"type\":\"text\",\"values\":{\"containerPadding\":\"10px 15px\",\"_meta\":{\"htmlID\":\"u_content_text_7\",\"htmlClassNames\":\"u_content_text\"},\"selectable\":true,\"draggable\":true,\"deletable\":true,\"color\":\"#4f4f4f\",\"textAlign\":\"left\",\"lineHeight\":\"150%\",\"linkStyle\":{\"inherit\":true,\"linkColor\":\"#0000ee\",\"linkHoverColor\":\"#0000ee\",\"linkUnderline\":true,\"linkHoverUnderline\":true},\"text\":\"<div>Lorem ipsum dolor sit amet, consectetur adipiscing elit, sed do eiusmod tempor incididunt ut labore et dolore magna aliqua. Ut enim ad minim veniam, quis nostrud exercitation.</div>\"}},{\"type\":\"button\",\"values\":{\"containerPadding\":\"5px 15px\",\"_meta\":{\"htmlID\":\"u_content_button_1\",\"htmlClassNames\":\"u_content_button\"},\"selectable\":true,\"draggable\":true,\"deletable\":true,\"href\":{\"url\":\"/emm-clicked-email-tracking\",\"target\":\"_self\"},\"buttonColors\":{\"color\":\"#FFF\",\"backgroundColor\":\"#fa9302\",\"hoverColor\":\"#cf7a04\",\"hoverBackgroundColor\":\"#3AAEE0\"},\"textAlign\":\"left\",\"lineHeight\":\"120%\",\"border\":{},\"borderRadius\":\"20px\",\"padding\":\"10px 20px\",\"calculatedHeight\":37,\"calculatedWidth\":134,\"text\":\"ORDER NOW<br />\"}}],\"values\":{\"_meta\":{\"htmlID\":\"u_column_5\",\"htmlClassNames\":\"u_column\"}}}],\"values\":{\"columns\":false,\"backgroundColor\":\"rgba(255,255,255,0)\",\"columnsBackgroundColor\":\"rgba(255,255,255,0)\",\"backgroundImage\":{\"url\":\"\",\"fullWidth\":true,\"repeat\":false,\"center\":false,\"cover\":false},\"padding\":\"10px\",\"hideDesktop\":false,\"hideMobile\":false,\"noStackMobile\":false,\"_meta\":{\"htmlID\":\"u_row_4\",\"htmlClassNames\":\"u_row\"},\"selectable\":true,\"draggable\":true,\"deletable\":true}},{\"cells\":[1],\"columns\":[{\"contents\":[{\"type\":\"divider\",\"values\":{\"containerPadding\":\"1px 20px 5px\",\"_meta\":{\"htmlID\":\"u_content_divider_2\",\"htmlClassNames\":\"u_content_divider\"},\"selectable\":true,\"draggable\":true,\"deletable\":true,\"width\":\"100%\",\"border\":{\"borderTopWidth\":\"1px\",\"borderTopStyle\":\"solid\",\"borderTopColor\":\"#CCC\"},\"textAlign\":\"center\"}}],\"values\":{\"_meta\":{\"htmlID\":\"u_column_6\",\"htmlClassNames\":\"u_column\"}}}],\"values\":{\"columns\":false,\"backgroundColor\":\"rgba(255,255,255,0)\",\"columnsBackgroundColor\":\"rgba(255,255,255,0)\",\"backgroundImage\":{\"url\":\"\",\"fullWidth\":true,\"repeat\":false,\"center\":false,\"cover\":false},\"padding\":\"0px\",\"hideDesktop\":false,\"hideMobile\":false,\"noStackMobile\":false,\"_meta\":{\"htmlID\":\"u_row_5\",\"htmlClassNames\":\"u_row\"},\"selectable\":true,\"draggable\":true,\"deletable\":true}},{\"cells\":[2,1],\"columns\":[{\"contents\":[{\"type\":\"text\",\"values\":{\"containerPadding\":\"10px 15px 8px\",\"_meta\":{\"htmlID\":\"u_content_text_8\",\"htmlClassNames\":\"u_content_text\"},\"selectable\":true,\"draggable\":true,\"deletable\":true,\"color\":\"#6eba79\",\"textAlign\":\"left\",\"lineHeight\":\"160%\",\"linkStyle\":{\"inherit\":true,\"linkColor\":\"#0000ee\",\"linkHoverColor\":\"#0000ee\",\"linkUnderline\":true,\"linkHoverUnderline\":true},\"text\":\"<div><span style=\\\"font-size: 20px; line-height: 32px;\\\">BOAT RIDE</span></div>\"}},{\"type\":\"text\",\"values\":{\"containerPadding\":\"10px 15px\",\"_meta\":{\"htmlID\":\"u_content_text_9\",\"htmlClassNames\":\"u_content_text\"},\"selectable\":true,\"draggable\":true,\"deletable\":true,\"color\":\"#4f4f4f\",\"textAlign\":\"left\",\"lineHeight\":\"150%\",\"linkStyle\":{\"inherit\":true,\"linkColor\":\"#0000ee\",\"linkHoverColor\":\"#0000ee\",\"linkUnderline\":true,\"linkHoverUnderline\":true},\"text\":\"<div>Lorem ipsum dolor sit amet, consectetur adipiscing elit, sed do eiusmod tempor incididunt ut labore et dolore magna aliqua. Ut enim ad minim veniam, quis nostrud exercitation</div>\"}},{\"type\":\"button\",\"values\":{\"containerPadding\":\"5px 15px\",\"_meta\":{\"htmlID\":\"u_content_button_2\",\"htmlClassNames\":\"u_content_button\"},\"selectable\":true,\"draggable\":true,\"deletable\":true,\"href\":\"\",\"buttonColors\":{\"color\":\"#FFF\",\"backgroundColor\":\"#fa9302\",\"hoverColor\":\"#cf7a04\",\"hoverBackgroundColor\":\"#3AAEE0\"},\"textAlign\":\"left\",\"lineHeight\":\"120%\",\"border\":{},\"borderRadius\":\"20px\",\"padding\":\"10px 20px\",\"calculatedHeight\":36,\"calculatedWidth\":132,\"text\":\"ORDER NOW<br />\"}}],\"values\":{\"_meta\":{\"htmlID\":\"u_column_7\",\"htmlClassNames\":\"u_column\"}}},{\"contents\":[{\"type\":\"image\",\"values\":{\"containerPadding\":\"0px\",\"_meta\":{\"htmlID\":\"u_content_image_3\",\"htmlClassNames\":\"u_content_image\"},\"selectable\":true,\"draggable\":true,\"deletable\":true,\"src\":{\"url\":\"https://a.mailmunch.co/user_data/landing_pages/1500313783372-2.png\",\"width\":500,\"height\":500},\"fullWidth\":true,\"textAlign\":\"center\",\"maxWidth\":\"100%\",\"altText\":\"Image\",\"action\":{\"url\":\"\",\"target\":\"\"}}}],\"values\":{\"_meta\":{\"htmlID\":\"u_column_8\",\"htmlClassNames\":\"u_column\"}}}],\"values\":{\"columns\":false,\"backgroundColor\":\"rgba(255,255,255,0)\",\"columnsBackgroundColor\":\"rgba(255,255,255,0)\",\"backgroundImage\":{\"url\":\"\",\"fullWidth\":true,\"repeat\":false,\"center\":false,\"cover\":false},\"padding\":\"10px\",\"hideDesktop\":false,\"hideMobile\":false,\"noStackMobile\":false,\"_meta\":{\"htmlID\":\"u_row_6\",\"htmlClassNames\":\"u_row\"},\"selectable\":true,\"draggable\":true,\"deletable\":true}},{\"cells\":[1],\"columns\":[{\"contents\":[{\"type\":\"divider\",\"values\":{\"containerPadding\":\"1px 20px 5px\",\"_meta\":{\"htmlID\":\"u_content_divider_3\",\"htmlClassNames\":\"u_content_divider\"},\"selectable\":true,\"draggable\":true,\"deletable\":true,\"width\":\"100%\",\"border\":{\"borderTopWidth\":\"1px\",\"borderTopStyle\":\"solid\",\"borderTopColor\":\"#CCC\"},\"textAlign\":\"center\"}}],\"values\":{\"_meta\":{\"htmlID\":\"u_column_9\",\"htmlClassNames\":\"u_column\"}}}],\"values\":{\"columns\":false,\"backgroundColor\":\"rgba(255,255,255,0)\",\"columnsBackgroundColor\":\"rgba(255,255,255,0)\",\"backgroundImage\":{\"url\":\"\",\"fullWidth\":true,\"repeat\":false,\"center\":false,\"cover\":false},\"padding\":\"0px\",\"hideDesktop\":false,\"hideMobile\":false,\"noStackMobile\":false,\"_meta\":{\"htmlID\":\"u_row_7\",\"htmlClassNames\":\"u_row\"},\"selectable\":true,\"draggable\":true,\"deletable\":true}},{\"cells\":[1],\"columns\":[{\"contents\":[{\"type\":\"divider\",\"values\":{\"containerPadding\":\"1px 20px 5px\",\"_meta\":{\"htmlID\":\"u_content_divider_4\",\"htmlClassNames\":\"u_content_divider\"},\"selectable\":true,\"draggable\":true,\"deletable\":true,\"width\":\"100%\",\"border\":{\"borderTopWidth\":\"1px\",\"borderTopStyle\":\"solid\",\"borderTopColor\":\"#CCC\"},\"textAlign\":\"center\"}}],\"values\":{\"_meta\":{\"htmlID\":\"u_column_12\",\"htmlClassNames\":\"u_column\"}}}],\"values\":{\"columns\":false,\"backgroundColor\":\"rgba(255,255,255,0)\",\"columnsBackgroundColor\":\"rgba(255,255,255,0)\",\"backgroundImage\":{\"url\":\"\",\"fullWidth\":true,\"repeat\":false,\"center\":false,\"cover\":false},\"padding\":\"0px\",\"hideDesktop\":false,\"hideMobile\":false,\"noStackMobile\":false,\"_meta\":{\"htmlID\":\"u_row_9\",\"htmlClassNames\":\"u_row\"},\"selectable\":true,\"draggable\":true,\"deletable\":true}},{\"cells\":[1],\"columns\":[{\"contents\":[{\"type\":\"text\",\"values\":{\"containerPadding\":\"15px\",\"_meta\":{\"htmlID\":\"u_content_text_12\",\"htmlClassNames\":\"u_content_text\"},\"selectable\":true,\"draggable\":true,\"deletable\":true,\"color\":\"#fa9302\",\"textAlign\":\"center\",\"lineHeight\":\"130%\",\"linkStyle\":{\"inherit\":true,\"linkColor\":\"#0000ee\",\"linkHoverColor\":\"#0000ee\",\"linkUnderline\":true,\"linkHoverUnderline\":true},\"text\":\"<div><span style=\\\"font-size: 36px; line-height: 46.8px;\\\">NEED MORE INFORMATION?</span></div>\"}},{\"type\":\"text\",\"values\":{\"containerPadding\":\"10px\",\"_meta\":{\"htmlID\":\"u_content_text_13\",\"htmlClassNames\":\"u_content_text\"},\"selectable\":true,\"draggable\":true,\"deletable\":true,\"color\":\"#4f4f4f\",\"textAlign\":\"center\",\"lineHeight\":\"120%\",\"linkStyle\":{\"inherit\":true,\"linkColor\":\"#0000ee\",\"linkHoverColor\":\"#0000ee\",\"linkUnderline\":true,\"linkHoverUnderline\":true},\"text\":\"<div><span style=\\\"font-size: 20px; line-height: 24px;\\\">Subscribe to get updates.</span></div>\"}},{\"type\":\"button\",\"values\":{\"containerPadding\":\"20px\",\"_meta\":{\"htmlID\":\"u_content_button_4\",\"htmlClassNames\":\"u_content_button\"},\"selectable\":true,\"draggable\":true,\"deletable\":true,\"href\":\"\",\"buttonColors\":{\"color\":\"#FFF\",\"backgroundColor\":\"#6eba79\",\"hoverColor\":\"#58a864\",\"hoverBackgroundColor\":\"#3AAEE0\"},\"textAlign\":\"center\",\"lineHeight\":\"160%\",\"border\":{},\"borderRadius\":\"37px\",\"padding\":\"10px 20px\",\"calculatedHeight\":52,\"calculatedWidth\":214,\"text\":\"<span style=\\\"font-size: 20px; line-height: 32px;\\\">SUBSCRIBE NOW</span>\"}}],\"values\":{\"_meta\":{\"htmlID\":\"u_column_13\",\"htmlClassNames\":\"u_column\"}}}],\"values\":{\"columns\":false,\"backgroundColor\":\"rgba(255,255,255,0)\",\"columnsBackgroundColor\":\"rgba(255,255,255,0)\",\"backgroundImage\":{\"url\":\"\",\"fullWidth\":true,\"repeat\":false,\"center\":false,\"cover\":false},\"padding\":\"10px\",\"hideDesktop\":false,\"hideMobile\":false,\"noStackMobile\":false,\"_meta\":{\"htmlID\":\"u_row_10\",\"htmlClassNames\":\"u_row\"},\"selectable\":true,\"draggable\":true,\"deletable\":true}},{\"cells\":[1],\"columns\":[{\"contents\":[{\"type\":\"text\",\"values\":{\"containerPadding\":\"20px\",\"_meta\":{\"htmlID\":\"u_content_text_14\",\"htmlClassNames\":\"u_content_text\"},\"selectable\":false,\"draggable\":false,\"deletable\":false,\"color\":\"#000\",\"textAlign\":\"left\",\"lineHeight\":\"120%\",\"linkStyle\":{\"inherit\":true,\"linkColor\":\"#0000ee\",\"linkHoverColor\":\"#0000ee\",\"linkUnderline\":true,\"linkHoverUnderline\":true},\"text\":\"<div style=\\\"font-family: arial, helvetica, sans-serif;\\\"><span style=\\\"font-size: 12px; color: #999999; line-height: 14.4px;\\\">You received this email because you signed up for .</span></div>\\n<div style=\\\"font-family: arial, helvetica, sans-serif;\\\">&nbsp;</div>\\n<div style=\\\"font-family: arial, helvetica, sans-serif;\\\"><span style=\\\"font-size: 12px; color: #999999; line-height: 14.4px;\\\"></span></div>\"}},{\"type\":\"html\",\"values\":{\"containerPadding\":\"0px\",\"_meta\":{\"htmlID\":\"u_content_html_2\",\"htmlClassNames\":\"u_content_html\"},\"selectable\":true,\"draggable\":true,\"deletable\":true,\"html\":\"<span style=\\\"\\n             font-size: 10px;\\n             \\\">\\n  Do not want to get any updates from us?\\n  <a href=\\\"/emm-unsubscribe\\\">Unsubscribe me</a> now!\\n</span>\"}}],\"values\":{\"_meta\":{\"htmlID\":\"u_column_14\",\"htmlClassNames\":\"u_column\"}}}],\"values\":{\"columns\":false,\"backgroundColor\":\"#f0f0f0\",\"columnsBackgroundColor\":\"rgba(255,255,255,0)\",\"backgroundImage\":{\"url\":\"\",\"fullWidth\":true,\"repeat\":false,\"center\":false,\"cover\":false},\"padding\":\"30px\",\"hideDesktop\":false,\"hideMobile\":false,\"noStackMobile\":false,\"_meta\":{\"htmlID\":\"u_row_11\",\"htmlClassNames\":\"u_row\"},\"selectable\":false,\"draggable\":false,\"deletable\":false}}],\"values\":{\"backgroundColor\":\"#ffffff\",\"backgroundImage\":{\"url\":\"\",\"fullWidth\":true,\"repeat\":false,\"center\":true,\"cover\":false},\"contentWidth\":\"600px\",\"fontFamily\":{\"label\":\"Montserrat\",\"value\":\"\'Montserrat\',sans-serif\",\"type\":\"google\",\"weights\":\"400,700\"},\"linkStyle\":{\"body\":true,\"linkColor\":\"#0000ee\",\"linkHoverColor\":\"#0000ee\",\"linkUnderline\":true,\"linkHoverUnderline\":true},\"_meta\":{\"htmlID\":\"u_body\",\"htmlClassNames\":\"u_body\"}}}}','bb150c47-c95a-4d0f-853a-e090ea917852','1ceb2630-18ed-11ea-99c3-8fdc68ee7539'),('b0afda30-1b5b-11ea-9f90-4b68e34c4ae2','','',NULL,'','','bb150c47-c95a-4d0f-853a-e090ea917852','b0afda30-1b5b-11ea-9f90-4b68e34c4ae2');
/*!40000 ALTER TABLE `Email` ENABLE KEYS */;
UNLOCK TABLES;

--
-- Table structure for table `EmailActivationStatus`
--

DROP TABLE IF EXISTS `EmailActivationStatus`;
/*!40101 SET @saved_cs_client     = @@character_set_client */;
/*!50503 SET character_set_client = utf8mb4 */;
CREATE TABLE `EmailActivationStatus` (
  `id` char(36) NOT NULL,
  `name` varchar(100) NOT NULL,
  PRIMARY KEY (`id`),
  UNIQUE KEY `name_UNIQUE` (`name`)
) ENGINE=InnoDB DEFAULT CHARSET=utf8;
/*!40101 SET character_set_client = @saved_cs_client */;

--
-- Dumping data for table `EmailActivationStatus`
--
-- ORDER BY:  `id`

LOCK TABLES `EmailActivationStatus` WRITE;
/*!40000 ALTER TABLE `EmailActivationStatus` DISABLE KEYS */;
INSERT INTO `EmailActivationStatus` (`id`, `name`) VALUES ('bb150c47-c95a-4d0f-853a-e090ea917852','Activated'),('cdca85c1-3301-4c97-b317-12e5fedda89b','Deactivated');
/*!40000 ALTER TABLE `EmailActivationStatus` ENABLE KEYS */;
UNLOCK TABLES;

--
-- Table structure for table `EmailTemplate`
--

DROP TABLE IF EXISTS `EmailTemplate`;
/*!40101 SET @saved_cs_client     = @@character_set_client */;
/*!50503 SET character_set_client = utf8mb4 */;
CREATE TABLE `EmailTemplate` (
  `id` char(36) NOT NULL,
  `name` varchar(100) NOT NULL,
  `body` text NOT NULL,
  `raw_content` text NOT NULL,
  PRIMARY KEY (`id`),
  UNIQUE KEY `name` (`name`)
) ENGINE=InnoDB DEFAULT CHARSET=utf8;
/*!40101 SET character_set_client = @saved_cs_client */;

--
-- Dumping data for table `EmailTemplate`
--
-- ORDER BY:  `id`

LOCK TABLES `EmailTemplate` WRITE;
/*!40000 ALTER TABLE `EmailTemplate` DISABLE KEYS */;
INSERT INTO `EmailTemplate` (`id`, `name`, `body`, `raw_content`) VALUES ('3848d8e0-182b-11ea-abbe-4f6cb6560974','Welcome New Subscriber','\n<!DOCTYPE HTML PUBLIC \"-//W3C//DTD XHTML 1.0 Transitional //EN\" \"http://www.w3.org/TR/xhtml1/DTD/xhtml1-transitional.dtd\">\n<html xmlns=\"http://www.w3.org/1999/xhtml\" xmlns:v=\"urn:schemas-microsoft-com:vml\" xmlns:o=\"urn:schemas-microsoft-com:office:office\">\n<head>\n<!--[if gte mso 9]>\n<xml>\n  <o:OfficeDocumentSettings>\n    <o:AllowPNG/>\n    <o:PixelsPerInch>96</o:PixelsPerInch>\n  </o:OfficeDocumentSettings>\n</xml>\n<![endif]-->\n  <meta http-equiv=\"Content-Type\" content=\"text/html; charset=UTF-8\">\n  <meta name=\"viewport\" content=\"width=device-width, initial-scale=1.0\">\n  <meta name=\"x-apple-disable-message-reformatting\">\n  <!--[if !mso]><!--><meta http-equiv=\"X-UA-Compatible\" content=\"IE=edge\"><!--<![endif]-->\n  <title></title>\n  \n    <style type=\"text/css\">\n      a { color: #0000ee; text-decoration: underline; }\nbody {\n  margin: 0;\n  padding: 0;\n}\n\ntable, tr, td {\n  vertical-align: top;\n  border-collapse: collapse;\n}\n\np, ul {\n  margin: 0;\n}\n\n.ie-container table, .mso-container table {\n  table-layout: fixed;\n}\n\n* {\n  line-height: inherit;\n}\n\na[x-apple-data-detectors=true] {\n  color: inherit !important;\n  text-decoration: none !important;\n}\n\n.ExternalClass, .ExternalClass p, .ExternalClass span, .ExternalClass font, .ExternalClass td, .ExternalClass div {\n  line-height: 100%;\n}\n\n[owa] .email-row .email-col {\n  display: table-cell;\n  float: none !important;\n  vertical-align: top;\n}\n\n.ie-container .email-col-100, .ie-container .email-row, [owa] .email-col-100, [owa] .email-row { width: 600px !important; }\n.ie-container .email-col-17, [owa] .email-col-17 { width: 102.00000000000001px !important; }\n.ie-container .email-col-25, [owa] .email-col-25 { width: 150px !important; }\n.ie-container .email-col-33, [owa] .email-col-33 { width: 198px !important; }\n.ie-container .email-col-50, [owa] .email-col-50 { width: 300px !important; }\n.ie-container .email-col-67, [owa] .email-col-67 { width: 402px !important; }\n\n@media only screen and (min-width: 620px) {\n  .email-row { width: 600px !important; }\n  .email-row .email-col { vertical-align: top; }\n  .email-row .email-col-100 { width: 600px !important; }\n  .email-row .email-col-67 { width: 402px !important; }\n  .email-row .email-col-50 { width: 300px !important; }\n  .email-row .email-col-33 { width: 198px !important; }\n  .email-row .email-col-25 { width: 150px !important; }\n  .email-row .email-col-17 { width: 102.00000000000001px !important; }\n}\n\n@media (max-width: 620px) {\n  .email-row-container {\n    padding-left: 0px !important;\n    padding-right: 0px !important;\n  }\n  .email-row .email-col {\n    min-width: 320px !important;\n    max-width: 100% !important;\n    display: block !important;\n  }\n  .email-row { width: calc(100% - 40px) !important; }\n  .email-col { width: 100% !important; }\n  .email-col > div { margin: 0 auto; }\n  .no-stack .email-col { min-width: 0 !important; display: table-cell !important; }\n  .no-stack .email-col-50 { width: 50% !important; }\n  .no-stack .email-col-33 { width: 33% !important; }\n  .no-stack .email-col-67 { width: 67% !important; }\n  .no-stack .email-col-25 { width: 25% !important; }\n  .no-stack .email-col-17 { width: 17% !important; }\n}\n\n@media (max-width: 480px) {\n  .hide-mobile {\n    display: none !important;\n    max-height: 0px;\n    overflow: hidden;\n  }\n}\n\n@media (min-width: 980px) {\n  .hide-desktop {\n    display: none !important;\n    max-height: none !important;\n  }\n}\n\n    </style>\n  \n  \n<!--[if mso]>\n<style type=\"text/css\">\n  ul li {\n    list-style:disc inside;\n    mso-special-format:bullet;\n  }\n</style>\n<![endif]-->\n\n<!--[if !mso]><!--><link href=\"https://fonts.googleapis.com/css?family=Montserrat:400,700\" rel=\"stylesheet\" type=\"text/css\">\n<style type=\"text/css\">\n  @import url(\'https://fonts.googleapis.com/css?family=Montserrat:400,700\');\n</style><!--<![endif]-->\n\n</head>\n\n<body class=\"clean-body\" style=\"margin: 0;padding: 0;-webkit-text-size-adjust: 100%;background-color: #ffffff\">\n  <!--[if IE]><div class=\"ie-container\"><![endif]-->\n  <!--[if mso]><div class=\"mso-container\"><![endif]-->\n  <table class=\"nl-container\" style=\"border-collapse: collapse;table-layout: fixed;border-spacing: 0;mso-table-lspace: 0pt;mso-table-rspace: 0pt;vertical-align: top;min-width: 320px;Margin: 0 auto;background-color: #ffffff;width:100%\" cellpadding=\"0\" cellspacing=\"0\">\n  <tbody>\n  <tr style=\"vertical-align: top\">\n    <td style=\"word-break: break-word;border-collapse: collapse !important;vertical-align: top\">\n    <!--[if (mso)|(IE)]><table width=\"100%\" cellpadding=\"0\" cellspacing=\"0\" border=\"0\"><tr><td align=\"center\" style=\"background-color: #ffffff;\"><![endif]-->\n    \n\n<div class=\"email-row-container\" style=\"padding: 10px;background-color: rgba(255,255,255,0)\">\n  <div style=\"Margin: 0 auto;min-width: 320px;max-width: 600px;overflow-wrap: break-word;word-wrap: break-word;word-break: break-word;background-color: transparent;\" class=\"email-row\">\n    <div style=\"border-collapse: collapse;display: table;width: 100%;background-color: transparent;\">\n      <!--[if (mso)|(IE)]><table width=\"100%\" cellpadding=\"0\" cellspacing=\"0\" border=\"0\"><tr><td style=\"padding: 10px;background-color: rgba(255,255,255,0);\" align=\"center\"><table cellpadding=\"0\" cellspacing=\"0\" border=\"0\" style=\"width:600px;\"><tr style=\"background-color: transparent;\"><![endif]-->\n      \n<!--[if (mso)|(IE)]><td align=\"center\" width=\"600\" style=\"width: 600px;padding: 0px;border-top: 0px solid transparent;border-left: 0px solid transparent;border-right: 0px solid transparent;border-bottom: 0px solid transparent;\" valign=\"top\"><![endif]-->\n<div class=\"email-col email-col-100\" style=\"max-width: 320px;min-width: 600px;display: table-cell;vertical-align: top;\">\n  <div style=\"width: 100% !important;\">\n  <!--[if (!mso)&(!IE)]><!--><div style=\"padding: 0px;border-top: 0px solid transparent;border-left: 0px solid transparent;border-right: 0px solid transparent;border-bottom: 0px solid transparent;\"><!--<![endif]-->\n  \n<table id=\"u_content_html_1\" class=\"u_content_html\" style=\"font-family:\'Montserrat\',sans-serif;\" role=\"presentation\" cellpadding=\"0\" cellspacing=\"0\" width=\"100%\" border=\"0\">\n  <tbody>\n    <tr>\n      <td style=\"overflow-wrap:break-word;word-break:break-word;padding:10px;font-family:\'Montserrat\',sans-serif;\" align=\"left\">\n        \n  <div>\n    <img id=\"emm-opened-email-tracking\" src=\"/\" style=\"display:none\"/>\n  </div>\n\n      </td>\n    </tr>\n  </tbody>\n</table>\n\n<table id=\"u_content_image_1\" class=\"u_content_image\" style=\"font-family:\'Montserrat\',sans-serif;\" role=\"presentation\" cellpadding=\"0\" cellspacing=\"0\" width=\"100%\" border=\"0\">\n  <tbody>\n    <tr>\n      <td style=\"overflow-wrap:break-word;word-break:break-word;padding:10px 10px 20px;font-family:\'Montserrat\',sans-serif;\" align=\"left\">\n        \n<table width=\"100%\" cellpadding=\"0\" cellspacing=\"0\" border=\"0\">\n  <tr>\n    <td style=\"padding-right: 0px;padding-left: 0px;\" align=\"center\">\n      \n      <img align=\"center\" border=\"0\" src=\"https://upload.wikimedia.org/wikipedia/vi/1/1d/Logo_%C4%90%E1%BA%A1i_h%E1%BB%8Dc_FPT.png\" alt=\"Image\" title=\"Image\" style=\"outline: none;text-decoration: none;-ms-interpolation-mode: bicubic;clear: both;display: block !important;border: none;height: auto;float: none;width: 100%;max-width: 580px;\" width=\"580\"/>\n      \n    </td>\n  </tr>\n</table>\n\n      </td>\n    </tr>\n  </tbody>\n</table>\n\n  <!--[if (!mso)&(!IE)]><!--></div><!--<![endif]-->\n  </div>\n</div>\n<!--[if (mso)|(IE)]></td><![endif]-->\n      <!--[if (mso)|(IE)]></tr></table></td></tr></table><![endif]-->\n    </div>\n  </div>\n</div>\n\n\n\n<div class=\"email-row-container\" style=\"padding: 10px;background-color: rgba(255,255,255,0)\">\n  <div style=\"Margin: 0 auto;min-width: 320px;max-width: 600px;overflow-wrap: break-word;word-wrap: break-word;word-break: break-word;background-color: transparent;\" class=\"email-row\">\n    <div style=\"border-collapse: collapse;display: table;width: 100%;background-color: transparent;\">\n      <!--[if (mso)|(IE)]><table width=\"100%\" cellpadding=\"0\" cellspacing=\"0\" border=\"0\"><tr><td style=\"padding: 10px;background-color: rgba(255,255,255,0);\" align=\"center\"><table cellpadding=\"0\" cellspacing=\"0\" border=\"0\" style=\"width:600px;\"><tr style=\"background-color: transparent;\"><![endif]-->\n      \n<!--[if (mso)|(IE)]><td align=\"center\" width=\"600\" style=\"width: 600px;padding: 0px;border-top: 0px solid transparent;border-left: 0px solid transparent;border-right: 0px solid transparent;border-bottom: 0px solid transparent;\" valign=\"top\"><![endif]-->\n<div class=\"email-col email-col-100\" style=\"max-width: 320px;min-width: 600px;display: table-cell;vertical-align: top;\">\n  <div style=\"width: 100% !important;\">\n  <!--[if (!mso)&(!IE)]><!--><div style=\"padding: 0px;border-top: 0px solid transparent;border-left: 0px solid transparent;border-right: 0px solid transparent;border-bottom: 0px solid transparent;\"><!--<![endif]-->\n  \n<table id=\"u_content_text_2\" class=\"u_content_text\" style=\"font-family:\'Montserrat\',sans-serif;\" role=\"presentation\" cellpadding=\"0\" cellspacing=\"0\" width=\"100%\" border=\"0\">\n  <tbody>\n    <tr>\n      <td style=\"overflow-wrap:break-word;word-break:break-word;padding:10px;font-family:\'Montserrat\',sans-serif;\" align=\"left\">\n        \n  <div style=\"color: #000; line-height: 120%; text-align: center; word-wrap: break-word;\">\n    <div><span style=\"color: #6fbb7b; font-family: \'comic sans ms\', sans-serif; font-size: 58px; text-align: center; line-height: 69.6px;\">Welcome New Subscriber</span></div>\n  </div>\n\n      </td>\n    </tr>\n  </tbody>\n</table>\n\n<table id=\"u_content_divider_1\" class=\"u_content_divider\" style=\"font-family:\'Montserrat\',sans-serif;\" role=\"presentation\" cellpadding=\"0\" cellspacing=\"0\" width=\"100%\" border=\"0\">\n  <tbody>\n    <tr>\n      <td style=\"overflow-wrap:break-word;word-break:break-word;padding:20px;font-family:\'Montserrat\',sans-serif;\" align=\"left\">\n        \n  <table height=\"0px\" align=\"center\" border=\"0\" cellpadding=\"0\" cellspacing=\"0\" width=\"100%\" style=\"border-collapse: collapse;table-layout: fixed;border-spacing: 0;mso-table-lspace: 0pt;mso-table-rspace: 0pt;vertical-align: top;border-top: 1px solid #CCC;-ms-text-size-adjust: 100%;-webkit-text-size-adjust: 100%\">\n    <tbody>\n      <tr style=\"vertical-align: top\">\n        <td style=\"word-break: break-word;border-collapse: collapse !important;vertical-align: top;font-size: 0px;line-height: 0px;mso-line-height-rule: exactly;-ms-text-size-adjust: 100%;-webkit-text-size-adjust: 100%\">\n          <span>&#160;</span>\n        </td>\n      </tr>\n    </tbody>\n  </table>\n\n      </td>\n    </tr>\n  </tbody>\n</table>\n\n  <!--[if (!mso)&(!IE)]><!--></div><!--<![endif]-->\n  </div>\n</div>\n<!--[if (mso)|(IE)]></td><![endif]-->\n      <!--[if (mso)|(IE)]></tr></table></td></tr></table><![endif]-->\n    </div>\n  </div>\n</div>\n\n\n\n<div class=\"email-row-container\" style=\"padding: 0px;background-color: rgba(255,255,255,0)\">\n  <div style=\"Margin: 0 auto;min-width: 320px;max-width: 600px;overflow-wrap: break-word;word-wrap: break-word;word-break: break-word;background-color: transparent;\" class=\"email-row\">\n    <div style=\"border-collapse: collapse;display: table;width: 100%;background-color: transparent;\">\n      <!--[if (mso)|(IE)]><table width=\"100%\" cellpadding=\"0\" cellspacing=\"0\" border=\"0\"><tr><td style=\"padding: 0px;background-color: rgba(255,255,255,0);\" align=\"center\"><table cellpadding=\"0\" cellspacing=\"0\" border=\"0\" style=\"width:600px;\"><tr style=\"background-color: transparent;\"><![endif]-->\n      \n<!--[if (mso)|(IE)]><td align=\"center\" width=\"600\" style=\"width: 600px;padding: 0px;border-top: 0px solid transparent;border-left: 0px solid transparent;border-right: 0px solid transparent;border-bottom: 0px solid transparent;\" valign=\"top\"><![endif]-->\n<div class=\"email-col email-col-100\" style=\"max-width: 320px;min-width: 600px;display: table-cell;vertical-align: top;\">\n  <div style=\"width: 100% !important;\">\n  <!--[if (!mso)&(!IE)]><!--><div style=\"padding: 0px;border-top: 0px solid transparent;border-left: 0px solid transparent;border-right: 0px solid transparent;border-bottom: 0px solid transparent;\"><!--<![endif]-->\n  \n<table id=\"u_content_text_5\" class=\"u_content_text\" style=\"font-family:\'Montserrat\',sans-serif;\" role=\"presentation\" cellpadding=\"0\" cellspacing=\"0\" width=\"100%\" border=\"0\">\n  <tbody>\n    <tr>\n      <td style=\"overflow-wrap:break-word;word-break:break-word;padding:20px;font-family:\'Montserrat\',sans-serif;\" align=\"left\">\n        \n  <div style=\"color: #000; line-height: 120%; text-align: left; word-wrap: break-word;\">\n    <div><strong><span style=\"font-size: 30px; font-family: Montserrat, sans-serif; color: #2790d2; line-height: 36px;\">Upcoming Events:</span></strong></div>\n  </div>\n\n      </td>\n    </tr>\n  </tbody>\n</table>\n\n  <!--[if (!mso)&(!IE)]><!--></div><!--<![endif]-->\n  </div>\n</div>\n<!--[if (mso)|(IE)]></td><![endif]-->\n      <!--[if (mso)|(IE)]></tr></table></td></tr></table><![endif]-->\n    </div>\n  </div>\n</div>\n\n\n\n<div class=\"email-row-container\" style=\"padding: 10px;background-color: rgba(255,255,255,0)\">\n  <div style=\"Margin: 0 auto;min-width: 320px;max-width: 600px;overflow-wrap: break-word;word-wrap: break-word;word-break: break-word;background-color: transparent;\" class=\"email-row\">\n    <div style=\"border-collapse: collapse;display: table;width: 100%;background-color: transparent;\">\n      <!--[if (mso)|(IE)]><table width=\"100%\" cellpadding=\"0\" cellspacing=\"0\" border=\"0\"><tr><td style=\"padding: 10px;background-color: rgba(255,255,255,0);\" align=\"center\"><table cellpadding=\"0\" cellspacing=\"0\" border=\"0\" style=\"width:600px;\"><tr style=\"background-color: transparent;\"><![endif]-->\n      \n<!--[if (mso)|(IE)]><td align=\"center\" width=\"200\" style=\"width: 200px;padding: 0px;border-top: 0px solid transparent;border-left: 0px solid transparent;border-right: 0px solid transparent;border-bottom: 0px solid transparent;\" valign=\"top\"><![endif]-->\n<div class=\"email-col email-col-33\" style=\"max-width: 320px;min-width: 200px;display: table-cell;vertical-align: top;\">\n  <div style=\"width: 100% !important;\">\n  <!--[if (!mso)&(!IE)]><!--><div style=\"padding: 0px;border-top: 0px solid transparent;border-left: 0px solid transparent;border-right: 0px solid transparent;border-bottom: 0px solid transparent;\"><!--<![endif]-->\n  \n<table id=\"u_content_image_2\" class=\"u_content_image\" style=\"font-family:\'Montserrat\',sans-serif;\" role=\"presentation\" cellpadding=\"0\" cellspacing=\"0\" width=\"100%\" border=\"0\">\n  <tbody>\n    <tr>\n      <td style=\"overflow-wrap:break-word;word-break:break-word;padding:0px;font-family:\'Montserrat\',sans-serif;\" align=\"left\">\n        \n<table width=\"100%\" cellpadding=\"0\" cellspacing=\"0\" border=\"0\">\n  <tr>\n    <td style=\"padding-right: 0px;padding-left: 0px;\" align=\"center\">\n      \n      <img align=\"center\" border=\"0\" src=\"https://a.mailmunch.co/user_data/landing_pages/1500313461528-1.png\" alt=\"Image\" title=\"Image\" style=\"outline: none;text-decoration: none;-ms-interpolation-mode: bicubic;clear: both;display: block !important;border: none;height: auto;float: none;width: 100%;max-width: 200px;\" width=\"200\" class=\"fullwidth\"/>\n      \n    </td>\n  </tr>\n</table>\n\n      </td>\n    </tr>\n  </tbody>\n</table>\n\n  <!--[if (!mso)&(!IE)]><!--></div><!--<![endif]-->\n  </div>\n</div>\n<!--[if (mso)|(IE)]></td><![endif]-->\n<!--[if (mso)|(IE)]><td align=\"center\" width=\"400\" style=\"width: 400px;padding: 0px;border-top: 0px solid transparent;border-left: 0px solid transparent;border-right: 0px solid transparent;border-bottom: 0px solid transparent;\" valign=\"top\"><![endif]-->\n<div class=\"email-col email-col-67\" style=\"max-width: 320px;min-width: 400px;display: table-cell;vertical-align: top;\">\n  <div style=\"width: 100% !important;\">\n  <!--[if (!mso)&(!IE)]><!--><div style=\"padding: 0px;border-top: 0px solid transparent;border-left: 0px solid transparent;border-right: 0px solid transparent;border-bottom: 0px solid transparent;\"><!--<![endif]-->\n  \n<table id=\"u_content_text_6\" class=\"u_content_text\" style=\"font-family:\'Montserrat\',sans-serif;\" role=\"presentation\" cellpadding=\"0\" cellspacing=\"0\" width=\"100%\" border=\"0\">\n  <tbody>\n    <tr>\n      <td style=\"overflow-wrap:break-word;word-break:break-word;padding:10px 15px 8px;font-family:\'Montserrat\',sans-serif;\" align=\"left\">\n        \n  <div style=\"color: #6eba79; line-height: 160%; text-align: left; word-wrap: break-word;\">\n    <div><span style=\"font-size: 20px; line-height: 32px;\">JET SKI RIDE</span></div>\n  </div>\n\n      </td>\n    </tr>\n  </tbody>\n</table>\n\n<table id=\"u_content_text_7\" class=\"u_content_text\" style=\"font-family:\'Montserrat\',sans-serif;\" role=\"presentation\" cellpadding=\"0\" cellspacing=\"0\" width=\"100%\" border=\"0\">\n  <tbody>\n    <tr>\n      <td style=\"overflow-wrap:break-word;word-break:break-word;padding:10px 15px;font-family:\'Montserrat\',sans-serif;\" align=\"left\">\n        \n  <div style=\"color: #4f4f4f; line-height: 150%; text-align: left; word-wrap: break-word;\">\n    <div>Lorem ipsum dolor sit amet, consectetur adipiscing elit, sed do eiusmod tempor incididunt ut labore et dolore magna aliqua. Ut enim ad minim veniam, quis nostrud exercitation.</div>\n  </div>\n\n      </td>\n    </tr>\n  </tbody>\n</table>\n\n<table id=\"u_content_button_1\" class=\"u_content_button\" style=\"font-family:\'Montserrat\',sans-serif;\" role=\"presentation\" cellpadding=\"0\" cellspacing=\"0\" width=\"100%\" border=\"0\">\n  <tbody>\n    <tr>\n      <td style=\"overflow-wrap:break-word;word-break:break-word;padding:5px 15px;font-family:\'Montserrat\',sans-serif;\" align=\"left\">\n        \n<div align=\"left\">\n  <!--[if mso]><table width=\"100%\" cellpadding=\"0\" cellspacing=\"0\" border=\"0\" style=\"border-spacing: 0; border-collapse: collapse; mso-table-lspace:0pt; mso-table-rspace:0pt;font-family:\'Montserrat\',sans-serif;\"><tr><td style=\"font-family:\'Montserrat\',sans-serif;\" align=\"left\"><v:roundrect xmlns:v=\"urn:schemas-microsoft-com:vml\" xmlns:w=\"urn:schemas-microsoft-com:office:word\" href=\"/emm-clicked-email-tracking\" style=\"height:37px; v-text-anchor:middle; width:134px;\" arcsize=\"54%\" stroke=\"f\" fillcolor=\"#fa9302\"><w:anchorlock/><center style=\"color:#FFF;font-family:\'Montserrat\',sans-serif;\"><![endif]-->\n    <a href=\"/emm-clicked-email-tracking\" target=\"_self\" style=\"display: inline-block;font-family:\'Montserrat\',sans-serif;text-decoration: none;-webkit-text-size-adjust: none;text-align: center;color: #FFF; background-color: #fa9302; border-radius: 20px; -webkit-border-radius: 20px; -moz-border-radius: 20px; width: auto; padding: 10px 20px; mso-border-alt: none;\">\n      <span style=\"line-height:120%;\">ORDER NOW<br /></span>\n    </a>\n  <!--[if mso]></center></v:roundrect></td></tr></table><![endif]-->\n</div>\n\n      </td>\n    </tr>\n  </tbody>\n</table>\n\n  <!--[if (!mso)&(!IE)]><!--></div><!--<![endif]-->\n  </div>\n</div>\n<!--[if (mso)|(IE)]></td><![endif]-->\n      <!--[if (mso)|(IE)]></tr></table></td></tr></table><![endif]-->\n    </div>\n  </div>\n</div>\n\n\n\n<div class=\"email-row-container\" style=\"padding: 0px;background-color: rgba(255,255,255,0)\">\n  <div style=\"Margin: 0 auto;min-width: 320px;max-width: 600px;overflow-wrap: break-word;word-wrap: break-word;word-break: break-word;background-color: transparent;\" class=\"email-row\">\n    <div style=\"border-collapse: collapse;display: table;width: 100%;background-color: transparent;\">\n      <!--[if (mso)|(IE)]><table width=\"100%\" cellpadding=\"0\" cellspacing=\"0\" border=\"0\"><tr><td style=\"padding: 0px;background-color: rgba(255,255,255,0);\" align=\"center\"><table cellpadding=\"0\" cellspacing=\"0\" border=\"0\" style=\"width:600px;\"><tr style=\"background-color: transparent;\"><![endif]-->\n      \n<!--[if (mso)|(IE)]><td align=\"center\" width=\"600\" style=\"width: 600px;padding: 0px;border-top: 0px solid transparent;border-left: 0px solid transparent;border-right: 0px solid transparent;border-bottom: 0px solid transparent;\" valign=\"top\"><![endif]-->\n<div class=\"email-col email-col-100\" style=\"max-width: 320px;min-width: 600px;display: table-cell;vertical-align: top;\">\n  <div style=\"width: 100% !important;\">\n  <!--[if (!mso)&(!IE)]><!--><div style=\"padding: 0px;border-top: 0px solid transparent;border-left: 0px solid transparent;border-right: 0px solid transparent;border-bottom: 0px solid transparent;\"><!--<![endif]-->\n  \n<table id=\"u_content_divider_2\" class=\"u_content_divider\" style=\"font-family:\'Montserrat\',sans-serif;\" role=\"presentation\" cellpadding=\"0\" cellspacing=\"0\" width=\"100%\" border=\"0\">\n  <tbody>\n    <tr>\n      <td style=\"overflow-wrap:break-word;word-break:break-word;padding:1px 20px 5px;font-family:\'Montserrat\',sans-serif;\" align=\"left\">\n        \n  <table height=\"0px\" align=\"center\" border=\"0\" cellpadding=\"0\" cellspacing=\"0\" width=\"100%\" style=\"border-collapse: collapse;table-layout: fixed;border-spacing: 0;mso-table-lspace: 0pt;mso-table-rspace: 0pt;vertical-align: top;border-top: 1px solid #CCC;-ms-text-size-adjust: 100%;-webkit-text-size-adjust: 100%\">\n    <tbody>\n      <tr style=\"vertical-align: top\">\n        <td style=\"word-break: break-word;border-collapse: collapse !important;vertical-align: top;font-size: 0px;line-height: 0px;mso-line-height-rule: exactly;-ms-text-size-adjust: 100%;-webkit-text-size-adjust: 100%\">\n          <span>&#160;</span>\n        </td>\n      </tr>\n    </tbody>\n  </table>\n\n      </td>\n    </tr>\n  </tbody>\n</table>\n\n  <!--[if (!mso)&(!IE)]><!--></div><!--<![endif]-->\n  </div>\n</div>\n<!--[if (mso)|(IE)]></td><![endif]-->\n      <!--[if (mso)|(IE)]></tr></table></td></tr></table><![endif]-->\n    </div>\n  </div>\n</div>\n\n\n\n<div class=\"email-row-container\" style=\"padding: 10px;background-color: rgba(255,255,255,0)\">\n  <div style=\"Margin: 0 auto;min-width: 320px;max-width: 600px;overflow-wrap: break-word;word-wrap: break-word;word-break: break-word;background-color: transparent;\" class=\"email-row\">\n    <div style=\"border-collapse: collapse;display: table;width: 100%;background-color: transparent;\">\n      <!--[if (mso)|(IE)]><table width=\"100%\" cellpadding=\"0\" cellspacing=\"0\" border=\"0\"><tr><td style=\"padding: 10px;background-color: rgba(255,255,255,0);\" align=\"center\"><table cellpadding=\"0\" cellspacing=\"0\" border=\"0\" style=\"width:600px;\"><tr style=\"background-color: transparent;\"><![endif]-->\n      \n<!--[if (mso)|(IE)]><td align=\"center\" width=\"400\" style=\"width: 400px;padding: 0px;border-top: 0px solid transparent;border-left: 0px solid transparent;border-right: 0px solid transparent;border-bottom: 0px solid transparent;\" valign=\"top\"><![endif]-->\n<div class=\"email-col email-col-67\" style=\"max-width: 320px;min-width: 400px;display: table-cell;vertical-align: top;\">\n  <div style=\"width: 100% !important;\">\n  <!--[if (!mso)&(!IE)]><!--><div style=\"padding: 0px;border-top: 0px solid transparent;border-left: 0px solid transparent;border-right: 0px solid transparent;border-bottom: 0px solid transparent;\"><!--<![endif]-->\n  \n<table id=\"u_content_text_8\" class=\"u_content_text\" style=\"font-family:\'Montserrat\',sans-serif;\" role=\"presentation\" cellpadding=\"0\" cellspacing=\"0\" width=\"100%\" border=\"0\">\n  <tbody>\n    <tr>\n      <td style=\"overflow-wrap:break-word;word-break:break-word;padding:10px 15px 8px;font-family:\'Montserrat\',sans-serif;\" align=\"left\">\n        \n  <div style=\"color: #6eba79; line-height: 160%; text-align: left; word-wrap: break-word;\">\n    <div><span style=\"font-size: 20px; line-height: 32px;\">BOAT RIDE</span></div>\n  </div>\n\n      </td>\n    </tr>\n  </tbody>\n</table>\n\n<table id=\"u_content_text_9\" class=\"u_content_text\" style=\"font-family:\'Montserrat\',sans-serif;\" role=\"presentation\" cellpadding=\"0\" cellspacing=\"0\" width=\"100%\" border=\"0\">\n  <tbody>\n    <tr>\n      <td style=\"overflow-wrap:break-word;word-break:break-word;padding:10px 15px;font-family:\'Montserrat\',sans-serif;\" align=\"left\">\n        \n  <div style=\"color: #4f4f4f; line-height: 150%; text-align: left; word-wrap: break-word;\">\n    <div>Lorem ipsum dolor sit amet, consectetur adipiscing elit, sed do eiusmod tempor incididunt ut labore et dolore magna aliqua. Ut enim ad minim veniam, quis nostrud exercitation</div>\n  </div>\n\n      </td>\n    </tr>\n  </tbody>\n</table>\n\n<table id=\"u_content_button_2\" class=\"u_content_button\" style=\"font-family:\'Montserrat\',sans-serif;\" role=\"presentation\" cellpadding=\"0\" cellspacing=\"0\" width=\"100%\" border=\"0\">\n  <tbody>\n    <tr>\n      <td style=\"overflow-wrap:break-word;word-break:break-word;padding:5px 15px;font-family:\'Montserrat\',sans-serif;\" align=\"left\">\n        \n<div align=\"left\">\n  <!--[if mso]><table width=\"100%\" cellpadding=\"0\" cellspacing=\"0\" border=\"0\" style=\"border-spacing: 0; border-collapse: collapse; mso-table-lspace:0pt; mso-table-rspace:0pt;font-family:\'Montserrat\',sans-serif;\"><tr><td style=\"font-family:\'Montserrat\',sans-serif;\" align=\"left\"><v:roundrect xmlns:v=\"urn:schemas-microsoft-com:vml\" xmlns:w=\"urn:schemas-microsoft-com:office:word\" href=\"\" style=\"height:36px; v-text-anchor:middle; width:132px;\" arcsize=\"55.5%\" stroke=\"f\" fillcolor=\"#fa9302\"><w:anchorlock/><center style=\"color:#FFF;font-family:\'Montserrat\',sans-serif;\"><![endif]-->\n    <a href=\"\" target=\"_blank\" style=\"display: inline-block;font-family:\'Montserrat\',sans-serif;text-decoration: none;-webkit-text-size-adjust: none;text-align: center;color: #FFF; background-color: #fa9302; border-radius: 20px; -webkit-border-radius: 20px; -moz-border-radius: 20px; width: auto; padding: 10px 20px; mso-border-alt: none;\">\n      <span style=\"line-height:120%;\">ORDER NOW<br /></span>\n    </a>\n  <!--[if mso]></center></v:roundrect></td></tr></table><![endif]-->\n</div>\n\n      </td>\n    </tr>\n  </tbody>\n</table>\n\n  <!--[if (!mso)&(!IE)]><!--></div><!--<![endif]-->\n  </div>\n</div>\n<!--[if (mso)|(IE)]></td><![endif]-->\n<!--[if (mso)|(IE)]><td align=\"center\" width=\"200\" style=\"width: 200px;padding: 0px;border-top: 0px solid transparent;border-left: 0px solid transparent;border-right: 0px solid transparent;border-bottom: 0px solid transparent;\" valign=\"top\"><![endif]-->\n<div class=\"email-col email-col-33\" style=\"max-width: 320px;min-width: 200px;display: table-cell;vertical-align: top;\">\n  <div style=\"width: 100% !important;\">\n  <!--[if (!mso)&(!IE)]><!--><div style=\"padding: 0px;border-top: 0px solid transparent;border-left: 0px solid transparent;border-right: 0px solid transparent;border-bottom: 0px solid transparent;\"><!--<![endif]-->\n  \n<table id=\"u_content_image_3\" class=\"u_content_image\" style=\"font-family:\'Montserrat\',sans-serif;\" role=\"presentation\" cellpadding=\"0\" cellspacing=\"0\" width=\"100%\" border=\"0\">\n  <tbody>\n    <tr>\n      <td style=\"overflow-wrap:break-word;word-break:break-word;padding:0px;font-family:\'Montserrat\',sans-serif;\" align=\"left\">\n        \n<table width=\"100%\" cellpadding=\"0\" cellspacing=\"0\" border=\"0\">\n  <tr>\n    <td style=\"padding-right: 0px;padding-left: 0px;\" align=\"center\">\n      \n      <img align=\"center\" border=\"0\" src=\"https://a.mailmunch.co/user_data/landing_pages/1500313783372-2.png\" alt=\"Image\" title=\"Image\" style=\"outline: none;text-decoration: none;-ms-interpolation-mode: bicubic;clear: both;display: block !important;border: none;height: auto;float: none;width: 100%;max-width: 200px;\" width=\"200\" class=\"fullwidth\"/>\n      \n    </td>\n  </tr>\n</table>\n\n      </td>\n    </tr>\n  </tbody>\n</table>\n\n  <!--[if (!mso)&(!IE)]><!--></div><!--<![endif]-->\n  </div>\n</div>\n<!--[if (mso)|(IE)]></td><![endif]-->\n      <!--[if (mso)|(IE)]></tr></table></td></tr></table><![endif]-->\n    </div>\n  </div>\n</div>\n\n\n\n<div class=\"email-row-container\" style=\"padding: 0px;background-color: rgba(255,255,255,0)\">\n  <div style=\"Margin: 0 auto;min-width: 320px;max-width: 600px;overflow-wrap: break-word;word-wrap: break-word;word-break: break-word;background-color: transparent;\" class=\"email-row\">\n    <div style=\"border-collapse: collapse;display: table;width: 100%;background-color: transparent;\">\n      <!--[if (mso)|(IE)]><table width=\"100%\" cellpadding=\"0\" cellspacing=\"0\" border=\"0\"><tr><td style=\"padding: 0px;background-color: rgba(255,255,255,0);\" align=\"center\"><table cellpadding=\"0\" cellspacing=\"0\" border=\"0\" style=\"width:600px;\"><tr style=\"background-color: transparent;\"><![endif]-->\n      \n<!--[if (mso)|(IE)]><td align=\"center\" width=\"600\" style=\"width: 600px;padding: 0px;border-top: 0px solid transparent;border-left: 0px solid transparent;border-right: 0px solid transparent;border-bottom: 0px solid transparent;\" valign=\"top\"><![endif]-->\n<div class=\"email-col email-col-100\" style=\"max-width: 320px;min-width: 600px;display: table-cell;vertical-align: top;\">\n  <div style=\"width: 100% !important;\">\n  <!--[if (!mso)&(!IE)]><!--><div style=\"padding: 0px;border-top: 0px solid transparent;border-left: 0px solid transparent;border-right: 0px solid transparent;border-bottom: 0px solid transparent;\"><!--<![endif]-->\n  \n<table id=\"u_content_divider_3\" class=\"u_content_divider\" style=\"font-family:\'Montserrat\',sans-serif;\" role=\"presentation\" cellpadding=\"0\" cellspacing=\"0\" width=\"100%\" border=\"0\">\n  <tbody>\n    <tr>\n      <td style=\"overflow-wrap:break-word;word-break:break-word;padding:1px 20px 5px;font-family:\'Montserrat\',sans-serif;\" align=\"left\">\n        \n  <table height=\"0px\" align=\"center\" border=\"0\" cellpadding=\"0\" cellspacing=\"0\" width=\"100%\" style=\"border-collapse: collapse;table-layout: fixed;border-spacing: 0;mso-table-lspace: 0pt;mso-table-rspace: 0pt;vertical-align: top;border-top: 1px solid #CCC;-ms-text-size-adjust: 100%;-webkit-text-size-adjust: 100%\">\n    <tbody>\n      <tr style=\"vertical-align: top\">\n        <td style=\"word-break: break-word;border-collapse: collapse !important;vertical-align: top;font-size: 0px;line-height: 0px;mso-line-height-rule: exactly;-ms-text-size-adjust: 100%;-webkit-text-size-adjust: 100%\">\n          <span>&#160;</span>\n        </td>\n      </tr>\n    </tbody>\n  </table>\n\n      </td>\n    </tr>\n  </tbody>\n</table>\n\n  <!--[if (!mso)&(!IE)]><!--></div><!--<![endif]-->\n  </div>\n</div>\n<!--[if (mso)|(IE)]></td><![endif]-->\n      <!--[if (mso)|(IE)]></tr></table></td></tr></table><![endif]-->\n    </div>\n  </div>\n</div>\n\n\n\n<div class=\"email-row-container\" style=\"padding: 0px;background-color: rgba(255,255,255,0)\">\n  <div style=\"Margin: 0 auto;min-width: 320px;max-width: 600px;overflow-wrap: break-word;word-wrap: break-word;word-break: break-word;background-color: transparent;\" class=\"email-row\">\n    <div style=\"border-collapse: collapse;display: table;width: 100%;background-color: transparent;\">\n      <!--[if (mso)|(IE)]><table width=\"100%\" cellpadding=\"0\" cellspacing=\"0\" border=\"0\"><tr><td style=\"padding: 0px;background-color: rgba(255,255,255,0);\" align=\"center\"><table cellpadding=\"0\" cellspacing=\"0\" border=\"0\" style=\"width:600px;\"><tr style=\"background-color: transparent;\"><![endif]-->\n      \n<!--[if (mso)|(IE)]><td align=\"center\" width=\"600\" style=\"width: 600px;padding: 0px;border-top: 0px solid transparent;border-left: 0px solid transparent;border-right: 0px solid transparent;border-bottom: 0px solid transparent;\" valign=\"top\"><![endif]-->\n<div class=\"email-col email-col-100\" style=\"max-width: 320px;min-width: 600px;display: table-cell;vertical-align: top;\">\n  <div style=\"width: 100% !important;\">\n  <!--[if (!mso)&(!IE)]><!--><div style=\"padding: 0px;border-top: 0px solid transparent;border-left: 0px solid transparent;border-right: 0px solid transparent;border-bottom: 0px solid transparent;\"><!--<![endif]-->\n  \n<table id=\"u_content_divider_4\" class=\"u_content_divider\" style=\"font-family:\'Montserrat\',sans-serif;\" role=\"presentation\" cellpadding=\"0\" cellspacing=\"0\" width=\"100%\" border=\"0\">\n  <tbody>\n    <tr>\n      <td style=\"overflow-wrap:break-word;word-break:break-word;padding:1px 20px 5px;font-family:\'Montserrat\',sans-serif;\" align=\"left\">\n        \n  <table height=\"0px\" align=\"center\" border=\"0\" cellpadding=\"0\" cellspacing=\"0\" width=\"100%\" style=\"border-collapse: collapse;table-layout: fixed;border-spacing: 0;mso-table-lspace: 0pt;mso-table-rspace: 0pt;vertical-align: top;border-top: 1px solid #CCC;-ms-text-size-adjust: 100%;-webkit-text-size-adjust: 100%\">\n    <tbody>\n      <tr style=\"vertical-align: top\">\n        <td style=\"word-break: break-word;border-collapse: collapse !important;vertical-align: top;font-size: 0px;line-height: 0px;mso-line-height-rule: exactly;-ms-text-size-adjust: 100%;-webkit-text-size-adjust: 100%\">\n          <span>&#160;</span>\n        </td>\n      </tr>\n    </tbody>\n  </table>\n\n      </td>\n    </tr>\n  </tbody>\n</table>\n\n  <!--[if (!mso)&(!IE)]><!--></div><!--<![endif]-->\n  </div>\n</div>\n<!--[if (mso)|(IE)]></td><![endif]-->\n      <!--[if (mso)|(IE)]></tr></table></td></tr></table><![endif]-->\n    </div>\n  </div>\n</div>\n\n\n\n<div class=\"email-row-container\" style=\"padding: 10px;background-color: rgba(255,255,255,0)\">\n  <div style=\"Margin: 0 auto;min-width: 320px;max-width: 600px;overflow-wrap: break-word;word-wrap: break-word;word-break: break-word;background-color: transparent;\" class=\"email-row\">\n    <div style=\"border-collapse: collapse;display: table;width: 100%;background-color: transparent;\">\n      <!--[if (mso)|(IE)]><table width=\"100%\" cellpadding=\"0\" cellspacing=\"0\" border=\"0\"><tr><td style=\"padding: 10px;background-color: rgba(255,255,255,0);\" align=\"center\"><table cellpadding=\"0\" cellspacing=\"0\" border=\"0\" style=\"width:600px;\"><tr style=\"background-color: transparent;\"><![endif]-->\n      \n<!--[if (mso)|(IE)]><td align=\"center\" width=\"600\" style=\"width: 600px;padding: 0px;border-top: 0px solid transparent;border-left: 0px solid transparent;border-right: 0px solid transparent;border-bottom: 0px solid transparent;\" valign=\"top\"><![endif]-->\n<div class=\"email-col email-col-100\" style=\"max-width: 320px;min-width: 600px;display: table-cell;vertical-align: top;\">\n  <div style=\"width: 100% !important;\">\n  <!--[if (!mso)&(!IE)]><!--><div style=\"padding: 0px;border-top: 0px solid transparent;border-left: 0px solid transparent;border-right: 0px solid transparent;border-bottom: 0px solid transparent;\"><!--<![endif]-->\n  \n<table id=\"u_content_text_12\" class=\"u_content_text\" style=\"font-family:\'Montserrat\',sans-serif;\" role=\"presentation\" cellpadding=\"0\" cellspacing=\"0\" width=\"100%\" border=\"0\">\n  <tbody>\n    <tr>\n      <td style=\"overflow-wrap:break-word;word-break:break-word;padding:15px;font-family:\'Montserrat\',sans-serif;\" align=\"left\">\n        \n  <div style=\"color: #fa9302; line-height: 130%; text-align: center; word-wrap: break-word;\">\n    <div><span style=\"font-size: 36px; line-height: 46.8px;\">NEED MORE INFORMATION?</span></div>\n  </div>\n\n      </td>\n    </tr>\n  </tbody>\n</table>\n\n<table id=\"u_content_text_13\" class=\"u_content_text\" style=\"font-family:\'Montserrat\',sans-serif;\" role=\"presentation\" cellpadding=\"0\" cellspacing=\"0\" width=\"100%\" border=\"0\">\n  <tbody>\n    <tr>\n      <td style=\"overflow-wrap:break-word;word-break:break-word;padding:10px;font-family:\'Montserrat\',sans-serif;\" align=\"left\">\n        \n  <div style=\"color: #4f4f4f; line-height: 120%; text-align: center; word-wrap: break-word;\">\n    <div><span style=\"font-size: 20px; line-height: 24px;\">Subscribe to get updates.</span></div>\n  </div>\n\n      </td>\n    </tr>\n  </tbody>\n</table>\n\n<table id=\"u_content_button_4\" class=\"u_content_button\" style=\"font-family:\'Montserrat\',sans-serif;\" role=\"presentation\" cellpadding=\"0\" cellspacing=\"0\" width=\"100%\" border=\"0\">\n  <tbody>\n    <tr>\n      <td style=\"overflow-wrap:break-word;word-break:break-word;padding:20px;font-family:\'Montserrat\',sans-serif;\" align=\"left\">\n        \n<div align=\"center\">\n  <!--[if mso]><table width=\"100%\" cellpadding=\"0\" cellspacing=\"0\" border=\"0\" style=\"border-spacing: 0; border-collapse: collapse; mso-table-lspace:0pt; mso-table-rspace:0pt;font-family:\'Montserrat\',sans-serif;\"><tr><td style=\"font-family:\'Montserrat\',sans-serif;\" align=\"center\"><v:roundrect xmlns:v=\"urn:schemas-microsoft-com:vml\" xmlns:w=\"urn:schemas-microsoft-com:office:word\" href=\"\" style=\"height:52px; v-text-anchor:middle; width:214px;\" arcsize=\"71%\" stroke=\"f\" fillcolor=\"#6eba79\"><w:anchorlock/><center style=\"color:#FFF;font-family:\'Montserrat\',sans-serif;\"><![endif]-->\n    <a href=\"\" target=\"_blank\" style=\"display: inline-block;font-family:\'Montserrat\',sans-serif;text-decoration: none;-webkit-text-size-adjust: none;text-align: center;color: #FFF; background-color: #6eba79; border-radius: 37px; -webkit-border-radius: 37px; -moz-border-radius: 37px; width: auto; padding: 10px 20px; mso-border-alt: none;\">\n      <span style=\"line-height:160%;\"><span style=\"font-size: 20px; line-height: 32px;\">SUBSCRIBE NOW</span></span>\n    </a>\n  <!--[if mso]></center></v:roundrect></td></tr></table><![endif]-->\n</div>\n\n      </td>\n    </tr>\n  </tbody>\n</table>\n\n  <!--[if (!mso)&(!IE)]><!--></div><!--<![endif]-->\n  </div>\n</div>\n<!--[if (mso)|(IE)]></td><![endif]-->\n      <!--[if (mso)|(IE)]></tr></table></td></tr></table><![endif]-->\n    </div>\n  </div>\n</div>\n\n\n\n<div class=\"email-row-container\" style=\"padding: 30px;background-color: #f0f0f0\">\n  <div style=\"Margin: 0 auto;min-width: 320px;max-width: 600px;overflow-wrap: break-word;word-wrap: break-word;word-break: break-word;background-color: transparent;\" class=\"email-row\">\n    <div style=\"border-collapse: collapse;display: table;width: 100%;background-color: transparent;\">\n      <!--[if (mso)|(IE)]><table width=\"100%\" cellpadding=\"0\" cellspacing=\"0\" border=\"0\"><tr><td style=\"padding: 30px;background-color: #f0f0f0;\" align=\"center\"><table cellpadding=\"0\" cellspacing=\"0\" border=\"0\" style=\"width:600px;\"><tr style=\"background-color: transparent;\"><![endif]-->\n      \n<!--[if (mso)|(IE)]><td align=\"center\" width=\"600\" style=\"width: 600px;padding: 0px;border-top: 0px solid transparent;border-left: 0px solid transparent;border-right: 0px solid transparent;border-bottom: 0px solid transparent;\" valign=\"top\"><![endif]-->\n<div class=\"email-col email-col-100\" style=\"max-width: 320px;min-width: 600px;display: table-cell;vertical-align: top;\">\n  <div style=\"width: 100% !important;\">\n  <!--[if (!mso)&(!IE)]><!--><div style=\"padding: 0px;border-top: 0px solid transparent;border-left: 0px solid transparent;border-right: 0px solid transparent;border-bottom: 0px solid transparent;\"><!--<![endif]-->\n  \n<table id=\"u_content_text_14\" class=\"u_content_text\" style=\"font-family:\'Montserrat\',sans-serif;\" role=\"presentation\" cellpadding=\"0\" cellspacing=\"0\" width=\"100%\" border=\"0\">\n  <tbody>\n    <tr>\n      <td style=\"overflow-wrap:break-word;word-break:break-word;padding:20px;font-family:\'Montserrat\',sans-serif;\" align=\"left\">\n        \n  <div style=\"color: #000; line-height: 120%; text-align: left; word-wrap: break-word;\">\n    <div style=\"font-family: arial, helvetica, sans-serif;\"><span style=\"font-size: 12px; color: #999999; line-height: 14.4px;\">You received this email because you signed up for .</span></div>\n<div style=\"font-family: arial, helvetica, sans-serif;\">&nbsp;</div>\n<div style=\"font-family: arial, helvetica, sans-serif;\"><span style=\"font-size: 12px; color: #999999; line-height: 14.4px;\"></span></div>\n  </div>\n\n      </td>\n    </tr>\n  </tbody>\n</table>\n\n<table id=\"u_content_html_2\" class=\"u_content_html\" style=\"font-family:\'Montserrat\',sans-serif;\" role=\"presentation\" cellpadding=\"0\" cellspacing=\"0\" width=\"100%\" border=\"0\">\n  <tbody>\n    <tr>\n      <td style=\"overflow-wrap:break-word;word-break:break-word;padding:0px;font-family:\'Montserrat\',sans-serif;\" align=\"left\">\n        \n  <div>\n    <span style=\"\n             font-size: 10px;\n             \">\n  Do not want to get any updates from us?\n  <a href=\"/emm-unsubscribe\">Unsubscribe me</a> now!\n</span>\n  </div>\n\n      </td>\n    </tr>\n  </tbody>\n</table>\n\n  <!--[if (!mso)&(!IE)]><!--></div><!--<![endif]-->\n  </div>\n</div>\n<!--[if (mso)|(IE)]></td><![endif]-->\n      <!--[if (mso)|(IE)]></tr></table></td></tr></table><![endif]-->\n    </div>\n  </div>\n</div>\n\n\n    <!--[if (mso)|(IE)]></td></tr></table><![endif]-->\n    </td>\n  </tr>\n  </tbody>\n  </table>\n  <!--[if (mso)|(IE)]></div><![endif]-->\n</body>\n\n</html>\n','{\"counters\":{\"u_content_image\":4,\"u_content_text\":14,\"u_content_divider\":4,\"u_content_button\":4,\"u_column\":14,\"u_row\":11,\"u_content_html\":2},\"body\":{\"rows\":[{\"cells\":[1],\"columns\":[{\"contents\":[{\"type\":\"html\",\"values\":{\"containerPadding\":\"10px\",\"_meta\":{\"htmlID\":\"u_content_html_1\",\"htmlClassNames\":\"u_content_html\"},\"selectable\":true,\"draggable\":true,\"deletable\":true,\"html\":\"<img id=\\\"emm-opened-email-tracking\\\" src=\\\"/\\\" style=\\\"display:none\\\"/>\"}},{\"type\":\"image\",\"values\":{\"containerPadding\":\"10px 10px 20px\",\"_meta\":{\"htmlID\":\"u_content_image_1\",\"htmlClassNames\":\"u_content_image\"},\"selectable\":true,\"draggable\":true,\"deletable\":true,\"src\":{\"url\":\"https://upload.wikimedia.org/wikipedia/vi/1/1d/Logo_%C4%90%E1%BA%A1i_h%E1%BB%8Dc_FPT.png\",\"width\":1200,\"height\":660},\"fullWidth\":false,\"textAlign\":\"center\",\"maxWidth\":\"100%\",\"altText\":\"Image\",\"action\":{\"url\":\"\",\"target\":\"\"}}}],\"values\":{\"_meta\":{\"htmlID\":\"u_column_1\",\"htmlClassNames\":\"u_column\"}}}],\"values\":{\"columns\":false,\"backgroundColor\":\"rgba(255,255,255,0)\",\"columnsBackgroundColor\":\"rgba(255,255,255,0)\",\"backgroundImage\":{\"url\":\"\",\"fullWidth\":true,\"repeat\":false,\"center\":false,\"cover\":false},\"padding\":\"10px\",\"hideDesktop\":false,\"hideMobile\":false,\"noStackMobile\":false,\"_meta\":{\"htmlID\":\"u_row_1\",\"htmlClassNames\":\"u_row\"},\"selectable\":true,\"draggable\":true,\"deletable\":true}},{\"cells\":[1],\"columns\":[{\"contents\":[{\"type\":\"text\",\"values\":{\"containerPadding\":\"10px\",\"_meta\":{\"htmlID\":\"u_content_text_2\",\"htmlClassNames\":\"u_content_text\"},\"selectable\":true,\"draggable\":true,\"deletable\":true,\"color\":\"#000\",\"textAlign\":\"center\",\"lineHeight\":\"120%\",\"linkStyle\":{\"inherit\":true,\"linkColor\":\"#0000ee\",\"linkHoverColor\":\"#0000ee\",\"linkUnderline\":true,\"linkHoverUnderline\":true},\"text\":\"<div><span style=\\\"color: #6fbb7b; font-family: \'comic sans ms\', sans-serif; font-size: 58px; text-align: center; line-height: 69.6px;\\\">Welcome New Subscriber</span></div>\"}},{\"type\":\"divider\",\"values\":{\"containerPadding\":\"20px\",\"_meta\":{\"htmlID\":\"u_content_divider_1\",\"htmlClassNames\":\"u_content_divider\"},\"selectable\":true,\"draggable\":true,\"deletable\":true,\"width\":\"100%\",\"border\":{\"borderTopWidth\":\"1px\",\"borderTopStyle\":\"solid\",\"borderTopColor\":\"#CCC\"},\"textAlign\":\"center\"}}],\"values\":{\"_meta\":{\"htmlID\":\"u_column_2\",\"htmlClassNames\":\"u_column\"}}}],\"values\":{\"columns\":false,\"backgroundColor\":\"rgba(255,255,255,0)\",\"columnsBackgroundColor\":\"rgba(255,255,255,0)\",\"backgroundImage\":{\"url\":\"\",\"fullWidth\":true,\"repeat\":false,\"center\":false,\"cover\":false},\"padding\":\"10px\",\"hideDesktop\":false,\"hideMobile\":false,\"noStackMobile\":false,\"_meta\":{\"htmlID\":\"u_row_2\",\"htmlClassNames\":\"u_row\"},\"selectable\":true,\"draggable\":true,\"deletable\":true}},{\"cells\":[1],\"columns\":[{\"contents\":[{\"type\":\"text\",\"values\":{\"containerPadding\":\"20px\",\"_meta\":{\"htmlID\":\"u_content_text_5\",\"htmlClassNames\":\"u_content_text\"},\"selectable\":true,\"draggable\":true,\"deletable\":true,\"color\":\"#000\",\"textAlign\":\"left\",\"lineHeight\":\"120%\",\"linkStyle\":{\"inherit\":true,\"linkColor\":\"#0000ee\",\"linkHoverColor\":\"#0000ee\",\"linkUnderline\":true,\"linkHoverUnderline\":true},\"text\":\"<div><strong><span style=\\\"font-size: 30px; font-family: Montserrat, sans-serif; color: #2790d2; line-height: 36px;\\\">Upcoming Events:</span></strong></div>\"}}],\"values\":{\"_meta\":{\"htmlID\":\"u_column_3\",\"htmlClassNames\":\"u_column\"}}}],\"values\":{\"columns\":false,\"backgroundColor\":\"rgba(255,255,255,0)\",\"columnsBackgroundColor\":\"rgba(255,255,255,0)\",\"backgroundImage\":{\"url\":\"\",\"fullWidth\":true,\"repeat\":false,\"center\":false,\"cover\":false},\"padding\":\"0px\",\"hideDesktop\":false,\"hideMobile\":false,\"noStackMobile\":false,\"_meta\":{\"htmlID\":\"u_row_3\",\"htmlClassNames\":\"u_row\"},\"selectable\":true,\"draggable\":true,\"deletable\":true}},{\"cells\":[1,2],\"columns\":[{\"contents\":[{\"type\":\"image\",\"values\":{\"containerPadding\":\"0px\",\"_meta\":{\"htmlID\":\"u_content_image_2\",\"htmlClassNames\":\"u_content_image\"},\"selectable\":true,\"draggable\":true,\"deletable\":true,\"src\":{\"url\":\"https://a.mailmunch.co/user_data/landing_pages/1500313461528-1.png\",\"width\":500,\"height\":500},\"fullWidth\":true,\"textAlign\":\"center\",\"maxWidth\":\"100%\",\"altText\":\"Image\",\"action\":{\"url\":\"\",\"target\":\"\"}}}],\"values\":{\"_meta\":{\"htmlID\":\"u_column_4\",\"htmlClassNames\":\"u_column\"}}},{\"contents\":[{\"type\":\"text\",\"values\":{\"containerPadding\":\"10px 15px 8px\",\"_meta\":{\"htmlID\":\"u_content_text_6\",\"htmlClassNames\":\"u_content_text\"},\"selectable\":true,\"draggable\":true,\"deletable\":true,\"color\":\"#6eba79\",\"textAlign\":\"left\",\"lineHeight\":\"160%\",\"linkStyle\":{\"inherit\":true,\"linkColor\":\"#0000ee\",\"linkHoverColor\":\"#0000ee\",\"linkUnderline\":true,\"linkHoverUnderline\":true},\"text\":\"<div><span style=\\\"font-size: 20px; line-height: 32px;\\\">JET SKI RIDE</span></div>\"}},{\"type\":\"text\",\"values\":{\"containerPadding\":\"10px 15px\",\"_meta\":{\"htmlID\":\"u_content_text_7\",\"htmlClassNames\":\"u_content_text\"},\"selectable\":true,\"draggable\":true,\"deletable\":true,\"color\":\"#4f4f4f\",\"textAlign\":\"left\",\"lineHeight\":\"150%\",\"linkStyle\":{\"inherit\":true,\"linkColor\":\"#0000ee\",\"linkHoverColor\":\"#0000ee\",\"linkUnderline\":true,\"linkHoverUnderline\":true},\"text\":\"<div>Lorem ipsum dolor sit amet, consectetur adipiscing elit, sed do eiusmod tempor incididunt ut labore et dolore magna aliqua. Ut enim ad minim veniam, quis nostrud exercitation.</div>\"}},{\"type\":\"button\",\"values\":{\"containerPadding\":\"5px 15px\",\"_meta\":{\"htmlID\":\"u_content_button_1\",\"htmlClassNames\":\"u_content_button\"},\"selectable\":true,\"draggable\":true,\"deletable\":true,\"href\":{\"url\":\"/emm-clicked-email-tracking\",\"target\":\"_self\"},\"buttonColors\":{\"color\":\"#FFF\",\"backgroundColor\":\"#fa9302\",\"hoverColor\":\"#cf7a04\",\"hoverBackgroundColor\":\"#3AAEE0\"},\"textAlign\":\"left\",\"lineHeight\":\"120%\",\"border\":{},\"borderRadius\":\"20px\",\"padding\":\"10px 20px\",\"calculatedHeight\":37,\"calculatedWidth\":134,\"text\":\"ORDER NOW<br />\"}}],\"values\":{\"_meta\":{\"htmlID\":\"u_column_5\",\"htmlClassNames\":\"u_column\"}}}],\"values\":{\"columns\":false,\"backgroundColor\":\"rgba(255,255,255,0)\",\"columnsBackgroundColor\":\"rgba(255,255,255,0)\",\"backgroundImage\":{\"url\":\"\",\"fullWidth\":true,\"repeat\":false,\"center\":false,\"cover\":false},\"padding\":\"10px\",\"hideDesktop\":false,\"hideMobile\":false,\"noStackMobile\":false,\"_meta\":{\"htmlID\":\"u_row_4\",\"htmlClassNames\":\"u_row\"},\"selectable\":true,\"draggable\":true,\"deletable\":true}},{\"cells\":[1],\"columns\":[{\"contents\":[{\"type\":\"divider\",\"values\":{\"containerPadding\":\"1px 20px 5px\",\"_meta\":{\"htmlID\":\"u_content_divider_2\",\"htmlClassNames\":\"u_content_divider\"},\"selectable\":true,\"draggable\":true,\"deletable\":true,\"width\":\"100%\",\"border\":{\"borderTopWidth\":\"1px\",\"borderTopStyle\":\"solid\",\"borderTopColor\":\"#CCC\"},\"textAlign\":\"center\"}}],\"values\":{\"_meta\":{\"htmlID\":\"u_column_6\",\"htmlClassNames\":\"u_column\"}}}],\"values\":{\"columns\":false,\"backgroundColor\":\"rgba(255,255,255,0)\",\"columnsBackgroundColor\":\"rgba(255,255,255,0)\",\"backgroundImage\":{\"url\":\"\",\"fullWidth\":true,\"repeat\":false,\"center\":false,\"cover\":false},\"padding\":\"0px\",\"hideDesktop\":false,\"hideMobile\":false,\"noStackMobile\":false,\"_meta\":{\"htmlID\":\"u_row_5\",\"htmlClassNames\":\"u_row\"},\"selectable\":true,\"draggable\":true,\"deletable\":true}},{\"cells\":[2,1],\"columns\":[{\"contents\":[{\"type\":\"text\",\"values\":{\"containerPadding\":\"10px 15px 8px\",\"_meta\":{\"htmlID\":\"u_content_text_8\",\"htmlClassNames\":\"u_content_text\"},\"selectable\":true,\"draggable\":true,\"deletable\":true,\"color\":\"#6eba79\",\"textAlign\":\"left\",\"lineHeight\":\"160%\",\"linkStyle\":{\"inherit\":true,\"linkColor\":\"#0000ee\",\"linkHoverColor\":\"#0000ee\",\"linkUnderline\":true,\"linkHoverUnderline\":true},\"text\":\"<div><span style=\\\"font-size: 20px; line-height: 32px;\\\">BOAT RIDE</span></div>\"}},{\"type\":\"text\",\"values\":{\"containerPadding\":\"10px 15px\",\"_meta\":{\"htmlID\":\"u_content_text_9\",\"htmlClassNames\":\"u_content_text\"},\"selectable\":true,\"draggable\":true,\"deletable\":true,\"color\":\"#4f4f4f\",\"textAlign\":\"left\",\"lineHeight\":\"150%\",\"linkStyle\":{\"inherit\":true,\"linkColor\":\"#0000ee\",\"linkHoverColor\":\"#0000ee\",\"linkUnderline\":true,\"linkHoverUnderline\":true},\"text\":\"<div>Lorem ipsum dolor sit amet, consectetur adipiscing elit, sed do eiusmod tempor incididunt ut labore et dolore magna aliqua. Ut enim ad minim veniam, quis nostrud exercitation</div>\"}},{\"type\":\"button\",\"values\":{\"containerPadding\":\"5px 15px\",\"_meta\":{\"htmlID\":\"u_content_button_2\",\"htmlClassNames\":\"u_content_button\"},\"selectable\":true,\"draggable\":true,\"deletable\":true,\"href\":\"\",\"buttonColors\":{\"color\":\"#FFF\",\"backgroundColor\":\"#fa9302\",\"hoverColor\":\"#cf7a04\",\"hoverBackgroundColor\":\"#3AAEE0\"},\"textAlign\":\"left\",\"lineHeight\":\"120%\",\"border\":{},\"borderRadius\":\"20px\",\"padding\":\"10px 20px\",\"calculatedHeight\":36,\"calculatedWidth\":132,\"text\":\"ORDER NOW<br />\"}}],\"values\":{\"_meta\":{\"htmlID\":\"u_column_7\",\"htmlClassNames\":\"u_column\"}}},{\"contents\":[{\"type\":\"image\",\"values\":{\"containerPadding\":\"0px\",\"_meta\":{\"htmlID\":\"u_content_image_3\",\"htmlClassNames\":\"u_content_image\"},\"selectable\":true,\"draggable\":true,\"deletable\":true,\"src\":{\"url\":\"https://a.mailmunch.co/user_data/landing_pages/1500313783372-2.png\",\"width\":500,\"height\":500},\"fullWidth\":true,\"textAlign\":\"center\",\"maxWidth\":\"100%\",\"altText\":\"Image\",\"action\":{\"url\":\"\",\"target\":\"\"}}}],\"values\":{\"_meta\":{\"htmlID\":\"u_column_8\",\"htmlClassNames\":\"u_column\"}}}],\"values\":{\"columns\":false,\"backgroundColor\":\"rgba(255,255,255,0)\",\"columnsBackgroundColor\":\"rgba(255,255,255,0)\",\"backgroundImage\":{\"url\":\"\",\"fullWidth\":true,\"repeat\":false,\"center\":false,\"cover\":false},\"padding\":\"10px\",\"hideDesktop\":false,\"hideMobile\":false,\"noStackMobile\":false,\"_meta\":{\"htmlID\":\"u_row_6\",\"htmlClassNames\":\"u_row\"},\"selectable\":true,\"draggable\":true,\"deletable\":true}},{\"cells\":[1],\"columns\":[{\"contents\":[{\"type\":\"divider\",\"values\":{\"containerPadding\":\"1px 20px 5px\",\"_meta\":{\"htmlID\":\"u_content_divider_3\",\"htmlClassNames\":\"u_content_divider\"},\"selectable\":true,\"draggable\":true,\"deletable\":true,\"width\":\"100%\",\"border\":{\"borderTopWidth\":\"1px\",\"borderTopStyle\":\"solid\",\"borderTopColor\":\"#CCC\"},\"textAlign\":\"center\"}}],\"values\":{\"_meta\":{\"htmlID\":\"u_column_9\",\"htmlClassNames\":\"u_column\"}}}],\"values\":{\"columns\":false,\"backgroundColor\":\"rgba(255,255,255,0)\",\"columnsBackgroundColor\":\"rgba(255,255,255,0)\",\"backgroundImage\":{\"url\":\"\",\"fullWidth\":true,\"repeat\":false,\"center\":false,\"cover\":false},\"padding\":\"0px\",\"hideDesktop\":false,\"hideMobile\":false,\"noStackMobile\":false,\"_meta\":{\"htmlID\":\"u_row_7\",\"htmlClassNames\":\"u_row\"},\"selectable\":true,\"draggable\":true,\"deletable\":true}},{\"cells\":[1],\"columns\":[{\"contents\":[{\"type\":\"divider\",\"values\":{\"containerPadding\":\"1px 20px 5px\",\"_meta\":{\"htmlID\":\"u_content_divider_4\",\"htmlClassNames\":\"u_content_divider\"},\"selectable\":true,\"draggable\":true,\"deletable\":true,\"width\":\"100%\",\"border\":{\"borderTopWidth\":\"1px\",\"borderTopStyle\":\"solid\",\"borderTopColor\":\"#CCC\"},\"textAlign\":\"center\"}}],\"values\":{\"_meta\":{\"htmlID\":\"u_column_12\",\"htmlClassNames\":\"u_column\"}}}],\"values\":{\"columns\":false,\"backgroundColor\":\"rgba(255,255,255,0)\",\"columnsBackgroundColor\":\"rgba(255,255,255,0)\",\"backgroundImage\":{\"url\":\"\",\"fullWidth\":true,\"repeat\":false,\"center\":false,\"cover\":false},\"padding\":\"0px\",\"hideDesktop\":false,\"hideMobile\":false,\"noStackMobile\":false,\"_meta\":{\"htmlID\":\"u_row_9\",\"htmlClassNames\":\"u_row\"},\"selectable\":true,\"draggable\":true,\"deletable\":true}},{\"cells\":[1],\"columns\":[{\"contents\":[{\"type\":\"text\",\"values\":{\"containerPadding\":\"15px\",\"_meta\":{\"htmlID\":\"u_content_text_12\",\"htmlClassNames\":\"u_content_text\"},\"selectable\":true,\"draggable\":true,\"deletable\":true,\"color\":\"#fa9302\",\"textAlign\":\"center\",\"lineHeight\":\"130%\",\"linkStyle\":{\"inherit\":true,\"linkColor\":\"#0000ee\",\"linkHoverColor\":\"#0000ee\",\"linkUnderline\":true,\"linkHoverUnderline\":true},\"text\":\"<div><span style=\\\"font-size: 36px; line-height: 46.8px;\\\">NEED MORE INFORMATION?</span></div>\"}},{\"type\":\"text\",\"values\":{\"containerPadding\":\"10px\",\"_meta\":{\"htmlID\":\"u_content_text_13\",\"htmlClassNames\":\"u_content_text\"},\"selectable\":true,\"draggable\":true,\"deletable\":true,\"color\":\"#4f4f4f\",\"textAlign\":\"center\",\"lineHeight\":\"120%\",\"linkStyle\":{\"inherit\":true,\"linkColor\":\"#0000ee\",\"linkHoverColor\":\"#0000ee\",\"linkUnderline\":true,\"linkHoverUnderline\":true},\"text\":\"<div><span style=\\\"font-size: 20px; line-height: 24px;\\\">Subscribe to get updates.</span></div>\"}},{\"type\":\"button\",\"values\":{\"containerPadding\":\"20px\",\"_meta\":{\"htmlID\":\"u_content_button_4\",\"htmlClassNames\":\"u_content_button\"},\"selectable\":true,\"draggable\":true,\"deletable\":true,\"href\":\"\",\"buttonColors\":{\"color\":\"#FFF\",\"backgroundColor\":\"#6eba79\",\"hoverColor\":\"#58a864\",\"hoverBackgroundColor\":\"#3AAEE0\"},\"textAlign\":\"center\",\"lineHeight\":\"160%\",\"border\":{},\"borderRadius\":\"37px\",\"padding\":\"10px 20px\",\"calculatedHeight\":52,\"calculatedWidth\":214,\"text\":\"<span style=\\\"font-size: 20px; line-height: 32px;\\\">SUBSCRIBE NOW</span>\"}}],\"values\":{\"_meta\":{\"htmlID\":\"u_column_13\",\"htmlClassNames\":\"u_column\"}}}],\"values\":{\"columns\":false,\"backgroundColor\":\"rgba(255,255,255,0)\",\"columnsBackgroundColor\":\"rgba(255,255,255,0)\",\"backgroundImage\":{\"url\":\"\",\"fullWidth\":true,\"repeat\":false,\"center\":false,\"cover\":false},\"padding\":\"10px\",\"hideDesktop\":false,\"hideMobile\":false,\"noStackMobile\":false,\"_meta\":{\"htmlID\":\"u_row_10\",\"htmlClassNames\":\"u_row\"},\"selectable\":true,\"draggable\":true,\"deletable\":true}},{\"cells\":[1],\"columns\":[{\"contents\":[{\"type\":\"text\",\"values\":{\"containerPadding\":\"20px\",\"_meta\":{\"htmlID\":\"u_content_text_14\",\"htmlClassNames\":\"u_content_text\"},\"selectable\":false,\"draggable\":false,\"deletable\":false,\"color\":\"#000\",\"textAlign\":\"left\",\"lineHeight\":\"120%\",\"linkStyle\":{\"inherit\":true,\"linkColor\":\"#0000ee\",\"linkHoverColor\":\"#0000ee\",\"linkUnderline\":true,\"linkHoverUnderline\":true},\"text\":\"<div style=\\\"font-family: arial, helvetica, sans-serif;\\\"><span style=\\\"font-size: 12px; color: #999999; line-height: 14.4px;\\\">You received this email because you signed up for .</span></div>\\n<div style=\\\"font-family: arial, helvetica, sans-serif;\\\">&nbsp;</div>\\n<div style=\\\"font-family: arial, helvetica, sans-serif;\\\"><span style=\\\"font-size: 12px; color: #999999; line-height: 14.4px;\\\"></span></div>\"}},{\"type\":\"html\",\"values\":{\"containerPadding\":\"0px\",\"_meta\":{\"htmlID\":\"u_content_html_2\",\"htmlClassNames\":\"u_content_html\"},\"selectable\":true,\"draggable\":true,\"deletable\":true,\"html\":\"<span style=\\\"\\n             font-size: 10px;\\n             \\\">\\n  Do not want to get any updates from us?\\n  <a href=\\\"/emm-unsubscribe\\\">Unsubscribe me</a> now!\\n</span>\"}}],\"values\":{\"_meta\":{\"htmlID\":\"u_column_14\",\"htmlClassNames\":\"u_column\"}}}],\"values\":{\"columns\":false,\"backgroundColor\":\"#f0f0f0\",\"columnsBackgroundColor\":\"rgba(255,255,255,0)\",\"backgroundImage\":{\"url\":\"\",\"fullWidth\":true,\"repeat\":false,\"center\":false,\"cover\":false},\"padding\":\"30px\",\"hideDesktop\":false,\"hideMobile\":false,\"noStackMobile\":false,\"_meta\":{\"htmlID\":\"u_row_11\",\"htmlClassNames\":\"u_row\"},\"selectable\":false,\"draggable\":false,\"deletable\":false}}],\"values\":{\"backgroundColor\":\"#ffffff\",\"backgroundImage\":{\"url\":\"\",\"fullWidth\":true,\"repeat\":false,\"center\":true,\"cover\":false},\"contentWidth\":\"600px\",\"fontFamily\":{\"label\":\"Montserrat\",\"value\":\"\'Montserrat\',sans-serif\",\"type\":\"google\",\"weights\":\"400,700\"},\"linkStyle\":{\"body\":true,\"linkColor\":\"#0000ee\",\"linkHoverColor\":\"#0000ee\",\"linkUnderline\":true,\"linkHoverUnderline\":true},\"_meta\":{\"htmlID\":\"u_body\",\"htmlClassNames\":\"u_body\"}}}}'),('4cb41560-1759-11ea-9ea4-511c993f2dae','Default Template','\n<!DOCTYPE HTML PUBLIC \"-//W3C//DTD XHTML 1.0 Transitional //EN\" \"http://www.w3.org/TR/xhtml1/DTD/xhtml1-transitional.dtd\">\n<html xmlns=\"http://www.w3.org/1999/xhtml\" xmlns:v=\"urn:schemas-microsoft-com:vml\" xmlns:o=\"urn:schemas-microsoft-com:office:office\">\n<head>\n<!--[if gte mso 9]>\n<xml>\n  <o:OfficeDocumentSettings>\n    <o:AllowPNG/>\n    <o:PixelsPerInch>96</o:PixelsPerInch>\n  </o:OfficeDocumentSettings>\n</xml>\n<![endif]-->\n  <meta http-equiv=\"Content-Type\" content=\"text/html; charset=UTF-8\">\n  <meta name=\"viewport\" content=\"width=device-width, initial-scale=1.0\">\n  <meta name=\"x-apple-disable-message-reformatting\">\n  <!--[if !mso]><!--><meta http-equiv=\"X-UA-Compatible\" content=\"IE=edge\"><!--<![endif]-->\n  <title></title>\n  \n    <style type=\"text/css\">\n      a { color: #0000ee; text-decoration: underline; }\nbody {\n  margin: 0;\n  padding: 0;\n}\n\ntable, tr, td {\n  vertical-align: top;\n  border-collapse: collapse;\n}\n\np, ul {\n  margin: 0;\n}\n\n.ie-container table, .mso-container table {\n  table-layout: fixed;\n}\n\n* {\n  line-height: inherit;\n}\n\na[x-apple-data-detectors=true] {\n  color: inherit !important;\n  text-decoration: none !important;\n}\n\n.ExternalClass, .ExternalClass p, .ExternalClass span, .ExternalClass font, .ExternalClass td, .ExternalClass div {\n  line-height: 100%;\n}\n\n[owa] .email-row .email-col {\n  display: table-cell;\n  float: none !important;\n  vertical-align: top;\n}\n\n.ie-container .email-col-100, .ie-container .email-row, [owa] .email-col-100, [owa] .email-row { width: 600px !important; }\n.ie-container .email-col-17, [owa] .email-col-17 { width: 102.00000000000001px !important; }\n.ie-container .email-col-25, [owa] .email-col-25 { width: 150px !important; }\n.ie-container .email-col-33, [owa] .email-col-33 { width: 198px !important; }\n.ie-container .email-col-50, [owa] .email-col-50 { width: 300px !important; }\n.ie-container .email-col-67, [owa] .email-col-67 { width: 402px !important; }\n\n@media only screen and (min-width: 620px) {\n  .email-row { width: 600px !important; }\n  .email-row .email-col { vertical-align: top; }\n  .email-row .email-col-100 { width: 600px !important; }\n  .email-row .email-col-67 { width: 402px !important; }\n  .email-row .email-col-50 { width: 300px !important; }\n  .email-row .email-col-33 { width: 198px !important; }\n  .email-row .email-col-25 { width: 150px !important; }\n  .email-row .email-col-17 { width: 102.00000000000001px !important; }\n}\n\n@media (max-width: 620px) {\n  .email-row-container {\n    padding-left: 0px !important;\n    padding-right: 0px !important;\n  }\n  .email-row .email-col {\n    min-width: 320px !important;\n    max-width: 100% !important;\n    display: block !important;\n  }\n  .email-row { width: calc(100% - 40px) !important; }\n  .email-col { width: 100% !important; }\n  .email-col > div { margin: 0 auto; }\n  .no-stack .email-col { min-width: 0 !important; display: table-cell !important; }\n  .no-stack .email-col-50 { width: 50% !important; }\n  .no-stack .email-col-33 { width: 33% !important; }\n  .no-stack .email-col-67 { width: 67% !important; }\n  .no-stack .email-col-25 { width: 25% !important; }\n  .no-stack .email-col-17 { width: 17% !important; }\n}\n\n@media (max-width: 480px) {\n  .hide-mobile {\n    display: none !important;\n    max-height: 0px;\n    overflow: hidden;\n  }\n}\n\n@media (min-width: 980px) {\n  .hide-desktop {\n    display: none !important;\n    max-height: none !important;\n  }\n}\n\n    </style>\n  \n  \n<!--[if mso]>\n<style type=\"text/css\">\n  ul li {\n    list-style:disc inside;\n    mso-special-format:bullet;\n  }\n</style>\n<![endif]-->\n\n<!--[if !mso]><!--><link href=\"https://fonts.googleapis.com/css?family=Montserrat:400,700\" rel=\"stylesheet\" type=\"text/css\">\n<style type=\"text/css\">\n  @import url(\'https://fonts.googleapis.com/css?family=Montserrat:400,700\');\n</style><link href=\"https://fonts.googleapis.com/css?family=Pacifico\" rel=\"stylesheet\" type=\"text/css\">\n<style type=\"text/css\">\n  @import url(\'https://fonts.googleapis.com/css?family=Pacifico\');\n</style><!--<![endif]-->\n\n</head>\n\n<body class=\"clean-body\" style=\"margin: 0;padding: 0;-webkit-text-size-adjust: 100%;background-color: #ffffff\">\n  <!--[if IE]><div class=\"ie-container\"><![endif]-->\n  <!--[if mso]><div class=\"mso-container\"><![endif]-->\n  <table class=\"nl-container\" style=\"border-collapse: collapse;table-layout: fixed;border-spacing: 0;mso-table-lspace: 0pt;mso-table-rspace: 0pt;vertical-align: top;min-width: 320px;Margin: 0 auto;background-color: #ffffff;width:100%\" cellpadding=\"0\" cellspacing=\"0\">\n  <tbody>\n  <tr style=\"vertical-align: top\">\n    <td style=\"word-break: break-word;border-collapse: collapse !important;vertical-align: top\">\n    <!--[if (mso)|(IE)]><table width=\"100%\" cellpadding=\"0\" cellspacing=\"0\" border=\"0\"><tr><td align=\"center\" style=\"background-color: #ffffff;\"><![endif]-->\n    \n\n<div class=\"email-row-container\" style=\"padding: 10px;background-color: rgba(255,255,255,0)\">\n  <div style=\"Margin: 0 auto;min-width: 320px;max-width: 600px;overflow-wrap: break-word;word-wrap: break-word;word-break: break-word;background-color: transparent;\" class=\"email-row\">\n    <div style=\"border-collapse: collapse;display: table;width: 100%;background-color: transparent;\">\n      <!--[if (mso)|(IE)]><table width=\"100%\" cellpadding=\"0\" cellspacing=\"0\" border=\"0\"><tr><td style=\"padding: 10px;background-color: rgba(255,255,255,0);\" align=\"center\"><table cellpadding=\"0\" cellspacing=\"0\" border=\"0\" style=\"width:600px;\"><tr style=\"background-color: transparent;\"><![endif]-->\n      \n<!--[if (mso)|(IE)]><td align=\"center\" width=\"600\" style=\"width: 600px;padding: 0px;border-top: 0px solid transparent;border-left: 0px solid transparent;border-right: 0px solid transparent;border-bottom: 0px solid transparent;\" valign=\"top\"><![endif]-->\n<div class=\"email-col email-col-100\" style=\"max-width: 320px;min-width: 600px;display: table-cell;vertical-align: top;\">\n  <div style=\"width: 100% !important;\">\n  <!--[if (!mso)&(!IE)]><!--><div style=\"padding: 0px;border-top: 0px solid transparent;border-left: 0px solid transparent;border-right: 0px solid transparent;border-bottom: 0px solid transparent;\"><!--<![endif]-->\n  \n<table id=\"u_content_html_1\" class=\"u_content_html\" style=\"font-family:\'Montserrat\',sans-serif;\" role=\"presentation\" cellpadding=\"0\" cellspacing=\"0\" width=\"100%\" border=\"0\">\n  <tbody>\n    <tr>\n      <td style=\"overflow-wrap:break-word;word-break:break-word;padding:10px;font-family:\'Montserrat\',sans-serif;\" align=\"left\">\n        \n  <div>\n    <img id=\"emm-opened-email-tracking\" src=\"/\" style=\"display:none\"/>\n  </div>\n\n      </td>\n    </tr>\n  </tbody>\n</table>\n\n<table id=\"u_content_image_1\" class=\"u_content_image\" style=\"font-family:\'Montserrat\',sans-serif;\" role=\"presentation\" cellpadding=\"0\" cellspacing=\"0\" width=\"100%\" border=\"0\">\n  <tbody>\n    <tr>\n      <td style=\"overflow-wrap:break-word;word-break:break-word;padding:10px 10px 20px;font-family:\'Montserrat\',sans-serif;\" align=\"left\">\n        \n<table width=\"100%\" cellpadding=\"0\" cellspacing=\"0\" border=\"0\">\n  <tr>\n    <td style=\"padding-right: 0px;padding-left: 0px;\" align=\"center\">\n      \n      <img align=\"center\" border=\"0\" src=\"https://upload.wikimedia.org/wikipedia/vi/1/1d/Logo_%C4%90%E1%BA%A1i_h%E1%BB%8Dc_FPT.png\" alt=\"Image\" title=\"Image\" style=\"outline: none;text-decoration: none;-ms-interpolation-mode: bicubic;clear: both;display: block !important;border: none;height: auto;float: none;width: 100%;max-width: 580px;\" width=\"580\"/>\n      \n    </td>\n  </tr>\n</table>\n\n      </td>\n    </tr>\n  </tbody>\n</table>\n\n  <!--[if (!mso)&(!IE)]><!--></div><!--<![endif]-->\n  </div>\n</div>\n<!--[if (mso)|(IE)]></td><![endif]-->\n      <!--[if (mso)|(IE)]></tr></table></td></tr></table><![endif]-->\n    </div>\n  </div>\n</div>\n\n\n\n<div class=\"email-row-container\" style=\"padding: 10px;background-color: rgba(255,255,255,0)\">\n  <div style=\"Margin: 0 auto;min-width: 320px;max-width: 600px;overflow-wrap: break-word;word-wrap: break-word;word-break: break-word;background-color: transparent;\" class=\"email-row\">\n    <div style=\"border-collapse: collapse;display: table;width: 100%;background-color: transparent;\">\n      <!--[if (mso)|(IE)]><table width=\"100%\" cellpadding=\"0\" cellspacing=\"0\" border=\"0\"><tr><td style=\"padding: 10px;background-color: rgba(255,255,255,0);\" align=\"center\"><table cellpadding=\"0\" cellspacing=\"0\" border=\"0\" style=\"width:600px;\"><tr style=\"background-color: transparent;\"><![endif]-->\n      \n<!--[if (mso)|(IE)]><td align=\"center\" width=\"600\" style=\"width: 600px;padding: 0px;border-top: 0px solid transparent;border-left: 0px solid transparent;border-right: 0px solid transparent;border-bottom: 0px solid transparent;\" valign=\"top\"><![endif]-->\n<div class=\"email-col email-col-100\" style=\"max-width: 320px;min-width: 600px;display: table-cell;vertical-align: top;\">\n  <div style=\"width: 100% !important;\">\n  <!--[if (!mso)&(!IE)]><!--><div style=\"padding: 0px;border-top: 0px solid transparent;border-left: 0px solid transparent;border-right: 0px solid transparent;border-bottom: 0px solid transparent;\"><!--<![endif]-->\n  \n<table id=\"u_content_text_2\" class=\"u_content_text\" style=\"font-family:\'Montserrat\',sans-serif;\" role=\"presentation\" cellpadding=\"0\" cellspacing=\"0\" width=\"100%\" border=\"0\">\n  <tbody>\n    <tr>\n      <td style=\"overflow-wrap:break-word;word-break:break-word;padding:10px;font-family:\'Montserrat\',sans-serif;\" align=\"left\">\n        \n  <div style=\"color: #000; line-height: 120%; text-align: center; word-wrap: break-word;\">\n    <div><span style=\"color: #6fbb7b; font-family: Pacifico, cursive; font-size: 58px; text-align: center; line-height: 69.6px;\">Default Email</span></div>\n  </div>\n\n      </td>\n    </tr>\n  </tbody>\n</table>\n\n<table id=\"u_content_divider_1\" class=\"u_content_divider\" style=\"font-family:\'Montserrat\',sans-serif;\" role=\"presentation\" cellpadding=\"0\" cellspacing=\"0\" width=\"100%\" border=\"0\">\n  <tbody>\n    <tr>\n      <td style=\"overflow-wrap:break-word;word-break:break-word;padding:20px;font-family:\'Montserrat\',sans-serif;\" align=\"left\">\n        \n  <table height=\"0px\" align=\"center\" border=\"0\" cellpadding=\"0\" cellspacing=\"0\" width=\"100%\" style=\"border-collapse: collapse;table-layout: fixed;border-spacing: 0;mso-table-lspace: 0pt;mso-table-rspace: 0pt;vertical-align: top;border-top: 1px solid #CCC;-ms-text-size-adjust: 100%;-webkit-text-size-adjust: 100%\">\n    <tbody>\n      <tr style=\"vertical-align: top\">\n        <td style=\"word-break: break-word;border-collapse: collapse !important;vertical-align: top;font-size: 0px;line-height: 0px;mso-line-height-rule: exactly;-ms-text-size-adjust: 100%;-webkit-text-size-adjust: 100%\">\n          <span>&#160;</span>\n        </td>\n      </tr>\n    </tbody>\n  </table>\n\n      </td>\n    </tr>\n  </tbody>\n</table>\n\n  <!--[if (!mso)&(!IE)]><!--></div><!--<![endif]-->\n  </div>\n</div>\n<!--[if (mso)|(IE)]></td><![endif]-->\n      <!--[if (mso)|(IE)]></tr></table></td></tr></table><![endif]-->\n    </div>\n  </div>\n</div>\n\n\n\n<div class=\"email-row-container\" style=\"padding: 0px;background-color: rgba(255,255,255,0)\">\n  <div style=\"Margin: 0 auto;min-width: 320px;max-width: 600px;overflow-wrap: break-word;word-wrap: break-word;word-break: break-word;background-color: transparent;\" class=\"email-row\">\n    <div style=\"border-collapse: collapse;display: table;width: 100%;background-color: transparent;\">\n      <!--[if (mso)|(IE)]><table width=\"100%\" cellpadding=\"0\" cellspacing=\"0\" border=\"0\"><tr><td style=\"padding: 0px;background-color: rgba(255,255,255,0);\" align=\"center\"><table cellpadding=\"0\" cellspacing=\"0\" border=\"0\" style=\"width:600px;\"><tr style=\"background-color: transparent;\"><![endif]-->\n      \n<!--[if (mso)|(IE)]><td align=\"center\" width=\"600\" style=\"width: 600px;padding: 0px;border-top: 0px solid transparent;border-left: 0px solid transparent;border-right: 0px solid transparent;border-bottom: 0px solid transparent;\" valign=\"top\"><![endif]-->\n<div class=\"email-col email-col-100\" style=\"max-width: 320px;min-width: 600px;display: table-cell;vertical-align: top;\">\n  <div style=\"width: 100% !important;\">\n  <!--[if (!mso)&(!IE)]><!--><div style=\"padding: 0px;border-top: 0px solid transparent;border-left: 0px solid transparent;border-right: 0px solid transparent;border-bottom: 0px solid transparent;\"><!--<![endif]-->\n  \n<table id=\"u_content_text_5\" class=\"u_content_text\" style=\"font-family:\'Montserrat\',sans-serif;\" role=\"presentation\" cellpadding=\"0\" cellspacing=\"0\" width=\"100%\" border=\"0\">\n  <tbody>\n    <tr>\n      <td style=\"overflow-wrap:break-word;word-break:break-word;padding:20px;font-family:\'Montserrat\',sans-serif;\" align=\"left\">\n        \n  <div style=\"color: #000; line-height: 120%; text-align: left; word-wrap: break-word;\">\n    <div><strong><span style=\"font-size: 30px; font-family: Montserrat, sans-serif; color: #2790d2; line-height: 36px;\">Upcoming Events:</span></strong></div>\n  </div>\n\n      </td>\n    </tr>\n  </tbody>\n</table>\n\n  <!--[if (!mso)&(!IE)]><!--></div><!--<![endif]-->\n  </div>\n</div>\n<!--[if (mso)|(IE)]></td><![endif]-->\n      <!--[if (mso)|(IE)]></tr></table></td></tr></table><![endif]-->\n    </div>\n  </div>\n</div>\n\n\n\n<div class=\"email-row-container\" style=\"padding: 10px;background-color: rgba(255,255,255,0)\">\n  <div style=\"Margin: 0 auto;min-width: 320px;max-width: 600px;overflow-wrap: break-word;word-wrap: break-word;word-break: break-word;background-color: transparent;\" class=\"email-row\">\n    <div style=\"border-collapse: collapse;display: table;width: 100%;background-color: transparent;\">\n      <!--[if (mso)|(IE)]><table width=\"100%\" cellpadding=\"0\" cellspacing=\"0\" border=\"0\"><tr><td style=\"padding: 10px;background-color: rgba(255,255,255,0);\" align=\"center\"><table cellpadding=\"0\" cellspacing=\"0\" border=\"0\" style=\"width:600px;\"><tr style=\"background-color: transparent;\"><![endif]-->\n      \n<!--[if (mso)|(IE)]><td align=\"center\" width=\"200\" style=\"width: 200px;padding: 0px;border-top: 0px solid transparent;border-left: 0px solid transparent;border-right: 0px solid transparent;border-bottom: 0px solid transparent;\" valign=\"top\"><![endif]-->\n<div class=\"email-col email-col-33\" style=\"max-width: 320px;min-width: 200px;display: table-cell;vertical-align: top;\">\n  <div style=\"width: 100% !important;\">\n  <!--[if (!mso)&(!IE)]><!--><div style=\"padding: 0px;border-top: 0px solid transparent;border-left: 0px solid transparent;border-right: 0px solid transparent;border-bottom: 0px solid transparent;\"><!--<![endif]-->\n  \n<table id=\"u_content_image_2\" class=\"u_content_image\" style=\"font-family:\'Montserrat\',sans-serif;\" role=\"presentation\" cellpadding=\"0\" cellspacing=\"0\" width=\"100%\" border=\"0\">\n  <tbody>\n    <tr>\n      <td style=\"overflow-wrap:break-word;word-break:break-word;padding:0px;font-family:\'Montserrat\',sans-serif;\" align=\"left\">\n        \n<table width=\"100%\" cellpadding=\"0\" cellspacing=\"0\" border=\"0\">\n  <tr>\n    <td style=\"padding-right: 0px;padding-left: 0px;\" align=\"center\">\n      \n      <img align=\"center\" border=\"0\" src=\"https://a.mailmunch.co/user_data/landing_pages/1500313461528-1.png\" alt=\"Image\" title=\"Image\" style=\"outline: none;text-decoration: none;-ms-interpolation-mode: bicubic;clear: both;display: block !important;border: none;height: auto;float: none;width: 100%;max-width: 200px;\" width=\"200\" class=\"fullwidth\"/>\n      \n    </td>\n  </tr>\n</table>\n\n      </td>\n    </tr>\n  </tbody>\n</table>\n\n  <!--[if (!mso)&(!IE)]><!--></div><!--<![endif]-->\n  </div>\n</div>\n<!--[if (mso)|(IE)]></td><![endif]-->\n<!--[if (mso)|(IE)]><td align=\"center\" width=\"400\" style=\"width: 400px;padding: 0px;border-top: 0px solid transparent;border-left: 0px solid transparent;border-right: 0px solid transparent;border-bottom: 0px solid transparent;\" valign=\"top\"><![endif]-->\n<div class=\"email-col email-col-67\" style=\"max-width: 320px;min-width: 400px;display: table-cell;vertical-align: top;\">\n  <div style=\"width: 100% !important;\">\n  <!--[if (!mso)&(!IE)]><!--><div style=\"padding: 0px;border-top: 0px solid transparent;border-left: 0px solid transparent;border-right: 0px solid transparent;border-bottom: 0px solid transparent;\"><!--<![endif]-->\n  \n<table id=\"u_content_text_6\" class=\"u_content_text\" style=\"font-family:\'Montserrat\',sans-serif;\" role=\"presentation\" cellpadding=\"0\" cellspacing=\"0\" width=\"100%\" border=\"0\">\n  <tbody>\n    <tr>\n      <td style=\"overflow-wrap:break-word;word-break:break-word;padding:10px 15px 8px;font-family:\'Montserrat\',sans-serif;\" align=\"left\">\n        \n  <div style=\"color: #6eba79; line-height: 160%; text-align: left; word-wrap: break-word;\">\n    <div><span style=\"font-size: 20px; line-height: 32px;\">JET SKI RIDE</span></div>\n  </div>\n\n      </td>\n    </tr>\n  </tbody>\n</table>\n\n<table id=\"u_content_text_7\" class=\"u_content_text\" style=\"font-family:\'Montserrat\',sans-serif;\" role=\"presentation\" cellpadding=\"0\" cellspacing=\"0\" width=\"100%\" border=\"0\">\n  <tbody>\n    <tr>\n      <td style=\"overflow-wrap:break-word;word-break:break-word;padding:10px 15px;font-family:\'Montserrat\',sans-serif;\" align=\"left\">\n        \n  <div style=\"color: #4f4f4f; line-height: 150%; text-align: left; word-wrap: break-word;\">\n    <div>Lorem ipsum dolor sit amet, consectetur adipiscing elit, sed do eiusmod tempor incididunt ut labore et dolore magna aliqua. Ut enim ad minim veniam, quis nostrud exercitation.</div>\n  </div>\n\n      </td>\n    </tr>\n  </tbody>\n</table>\n\n<table id=\"u_content_button_1\" class=\"u_content_button\" style=\"font-family:\'Montserrat\',sans-serif;\" role=\"presentation\" cellpadding=\"0\" cellspacing=\"0\" width=\"100%\" border=\"0\">\n  <tbody>\n    <tr>\n      <td style=\"overflow-wrap:break-word;word-break:break-word;padding:5px 15px;font-family:\'Montserrat\',sans-serif;\" align=\"left\">\n        \n<div align=\"left\">\n  <!--[if mso]><table width=\"100%\" cellpadding=\"0\" cellspacing=\"0\" border=\"0\" style=\"border-spacing: 0; border-collapse: collapse; mso-table-lspace:0pt; mso-table-rspace:0pt;font-family:\'Montserrat\',sans-serif;\"><tr><td style=\"font-family:\'Montserrat\',sans-serif;\" align=\"left\"><v:roundrect xmlns:v=\"urn:schemas-microsoft-com:vml\" xmlns:w=\"urn:schemas-microsoft-com:office:word\" href=\"/emm-clicked-email-tracking\" style=\"height:37px; v-text-anchor:middle; width:134px;\" arcsize=\"54%\" stroke=\"f\" fillcolor=\"#fa9302\"><w:anchorlock/><center style=\"color:#FFF;font-family:\'Montserrat\',sans-serif;\"><![endif]-->\n    <a href=\"/emm-clicked-email-tracking\" target=\"_self\" style=\"display: inline-block;font-family:\'Montserrat\',sans-serif;text-decoration: none;-webkit-text-size-adjust: none;text-align: center;color: #FFF; background-color: #fa9302; border-radius: 20px; -webkit-border-radius: 20px; -moz-border-radius: 20px; width: auto; padding: 10px 20px; mso-border-alt: none;\">\n      <span style=\"line-height:120%;\">ORDER NOW<br /></span>\n    </a>\n  <!--[if mso]></center></v:roundrect></td></tr></table><![endif]-->\n</div>\n\n      </td>\n    </tr>\n  </tbody>\n</table>\n\n  <!--[if (!mso)&(!IE)]><!--></div><!--<![endif]-->\n  </div>\n</div>\n<!--[if (mso)|(IE)]></td><![endif]-->\n      <!--[if (mso)|(IE)]></tr></table></td></tr></table><![endif]-->\n    </div>\n  </div>\n</div>\n\n\n\n<div class=\"email-row-container\" style=\"padding: 0px;background-color: rgba(255,255,255,0)\">\n  <div style=\"Margin: 0 auto;min-width: 320px;max-width: 600px;overflow-wrap: break-word;word-wrap: break-word;word-break: break-word;background-color: transparent;\" class=\"email-row\">\n    <div style=\"border-collapse: collapse;display: table;width: 100%;background-color: transparent;\">\n      <!--[if (mso)|(IE)]><table width=\"100%\" cellpadding=\"0\" cellspacing=\"0\" border=\"0\"><tr><td style=\"padding: 0px;background-color: rgba(255,255,255,0);\" align=\"center\"><table cellpadding=\"0\" cellspacing=\"0\" border=\"0\" style=\"width:600px;\"><tr style=\"background-color: transparent;\"><![endif]-->\n      \n<!--[if (mso)|(IE)]><td align=\"center\" width=\"600\" style=\"width: 600px;padding: 0px;border-top: 0px solid transparent;border-left: 0px solid transparent;border-right: 0px solid transparent;border-bottom: 0px solid transparent;\" valign=\"top\"><![endif]-->\n<div class=\"email-col email-col-100\" style=\"max-width: 320px;min-width: 600px;display: table-cell;vertical-align: top;\">\n  <div style=\"width: 100% !important;\">\n  <!--[if (!mso)&(!IE)]><!--><div style=\"padding: 0px;border-top: 0px solid transparent;border-left: 0px solid transparent;border-right: 0px solid transparent;border-bottom: 0px solid transparent;\"><!--<![endif]-->\n  \n<table id=\"u_content_divider_2\" class=\"u_content_divider\" style=\"font-family:\'Montserrat\',sans-serif;\" role=\"presentation\" cellpadding=\"0\" cellspacing=\"0\" width=\"100%\" border=\"0\">\n  <tbody>\n    <tr>\n      <td style=\"overflow-wrap:break-word;word-break:break-word;padding:1px 20px 5px;font-family:\'Montserrat\',sans-serif;\" align=\"left\">\n        \n  <table height=\"0px\" align=\"center\" border=\"0\" cellpadding=\"0\" cellspacing=\"0\" width=\"100%\" style=\"border-collapse: collapse;table-layout: fixed;border-spacing: 0;mso-table-lspace: 0pt;mso-table-rspace: 0pt;vertical-align: top;border-top: 1px solid #CCC;-ms-text-size-adjust: 100%;-webkit-text-size-adjust: 100%\">\n    <tbody>\n      <tr style=\"vertical-align: top\">\n        <td style=\"word-break: break-word;border-collapse: collapse !important;vertical-align: top;font-size: 0px;line-height: 0px;mso-line-height-rule: exactly;-ms-text-size-adjust: 100%;-webkit-text-size-adjust: 100%\">\n          <span>&#160;</span>\n        </td>\n      </tr>\n    </tbody>\n  </table>\n\n      </td>\n    </tr>\n  </tbody>\n</table>\n\n  <!--[if (!mso)&(!IE)]><!--></div><!--<![endif]-->\n  </div>\n</div>\n<!--[if (mso)|(IE)]></td><![endif]-->\n      <!--[if (mso)|(IE)]></tr></table></td></tr></table><![endif]-->\n    </div>\n  </div>\n</div>\n\n\n\n<div class=\"email-row-container\" style=\"padding: 10px;background-color: rgba(255,255,255,0)\">\n  <div style=\"Margin: 0 auto;min-width: 320px;max-width: 600px;overflow-wrap: break-word;word-wrap: break-word;word-break: break-word;background-color: transparent;\" class=\"email-row\">\n    <div style=\"border-collapse: collapse;display: table;width: 100%;background-color: transparent;\">\n      <!--[if (mso)|(IE)]><table width=\"100%\" cellpadding=\"0\" cellspacing=\"0\" border=\"0\"><tr><td style=\"padding: 10px;background-color: rgba(255,255,255,0);\" align=\"center\"><table cellpadding=\"0\" cellspacing=\"0\" border=\"0\" style=\"width:600px;\"><tr style=\"background-color: transparent;\"><![endif]-->\n      \n<!--[if (mso)|(IE)]><td align=\"center\" width=\"400\" style=\"width: 400px;padding: 0px;border-top: 0px solid transparent;border-left: 0px solid transparent;border-right: 0px solid transparent;border-bottom: 0px solid transparent;\" valign=\"top\"><![endif]-->\n<div class=\"email-col email-col-67\" style=\"max-width: 320px;min-width: 400px;display: table-cell;vertical-align: top;\">\n  <div style=\"width: 100% !important;\">\n  <!--[if (!mso)&(!IE)]><!--><div style=\"padding: 0px;border-top: 0px solid transparent;border-left: 0px solid transparent;border-right: 0px solid transparent;border-bottom: 0px solid transparent;\"><!--<![endif]-->\n  \n<table id=\"u_content_text_8\" class=\"u_content_text\" style=\"font-family:\'Montserrat\',sans-serif;\" role=\"presentation\" cellpadding=\"0\" cellspacing=\"0\" width=\"100%\" border=\"0\">\n  <tbody>\n    <tr>\n      <td style=\"overflow-wrap:break-word;word-break:break-word;padding:10px 15px 8px;font-family:\'Montserrat\',sans-serif;\" align=\"left\">\n        \n  <div style=\"color: #6eba79; line-height: 160%; text-align: left; word-wrap: break-word;\">\n    <div><span style=\"font-size: 20px; line-height: 32px;\">BOAT RIDE</span></div>\n  </div>\n\n      </td>\n    </tr>\n  </tbody>\n</table>\n\n<table id=\"u_content_text_9\" class=\"u_content_text\" style=\"font-family:\'Montserrat\',sans-serif;\" role=\"presentation\" cellpadding=\"0\" cellspacing=\"0\" width=\"100%\" border=\"0\">\n  <tbody>\n    <tr>\n      <td style=\"overflow-wrap:break-word;word-break:break-word;padding:10px 15px;font-family:\'Montserrat\',sans-serif;\" align=\"left\">\n        \n  <div style=\"color: #4f4f4f; line-height: 150%; text-align: left; word-wrap: break-word;\">\n    <div>Lorem ipsum dolor sit amet, consectetur adipiscing elit, sed do eiusmod tempor incididunt ut labore et dolore magna aliqua. Ut enim ad minim veniam, quis nostrud exercitation</div>\n  </div>\n\n      </td>\n    </tr>\n  </tbody>\n</table>\n\n<table id=\"u_content_button_2\" class=\"u_content_button\" style=\"font-family:\'Montserrat\',sans-serif;\" role=\"presentation\" cellpadding=\"0\" cellspacing=\"0\" width=\"100%\" border=\"0\">\n  <tbody>\n    <tr>\n      <td style=\"overflow-wrap:break-word;word-break:break-word;padding:5px 15px;font-family:\'Montserrat\',sans-serif;\" align=\"left\">\n        \n<div align=\"left\">\n  <!--[if mso]><table width=\"100%\" cellpadding=\"0\" cellspacing=\"0\" border=\"0\" style=\"border-spacing: 0; border-collapse: collapse; mso-table-lspace:0pt; mso-table-rspace:0pt;font-family:\'Montserrat\',sans-serif;\"><tr><td style=\"font-family:\'Montserrat\',sans-serif;\" align=\"left\"><v:roundrect xmlns:v=\"urn:schemas-microsoft-com:vml\" xmlns:w=\"urn:schemas-microsoft-com:office:word\" href=\"\" style=\"height:36px; v-text-anchor:middle; width:132px;\" arcsize=\"55.5%\" stroke=\"f\" fillcolor=\"#fa9302\"><w:anchorlock/><center style=\"color:#FFF;font-family:\'Montserrat\',sans-serif;\"><![endif]-->\n    <a href=\"\" target=\"_blank\" style=\"display: inline-block;font-family:\'Montserrat\',sans-serif;text-decoration: none;-webkit-text-size-adjust: none;text-align: center;color: #FFF; background-color: #fa9302; border-radius: 20px; -webkit-border-radius: 20px; -moz-border-radius: 20px; width: auto; padding: 10px 20px; mso-border-alt: none;\">\n      <span style=\"line-height:120%;\">ORDER NOW<br /></span>\n    </a>\n  <!--[if mso]></center></v:roundrect></td></tr></table><![endif]-->\n</div>\n\n      </td>\n    </tr>\n  </tbody>\n</table>\n\n  <!--[if (!mso)&(!IE)]><!--></div><!--<![endif]-->\n  </div>\n</div>\n<!--[if (mso)|(IE)]></td><![endif]-->\n<!--[if (mso)|(IE)]><td align=\"center\" width=\"200\" style=\"width: 200px;padding: 0px;border-top: 0px solid transparent;border-left: 0px solid transparent;border-right: 0px solid transparent;border-bottom: 0px solid transparent;\" valign=\"top\"><![endif]-->\n<div class=\"email-col email-col-33\" style=\"max-width: 320px;min-width: 200px;display: table-cell;vertical-align: top;\">\n  <div style=\"width: 100% !important;\">\n  <!--[if (!mso)&(!IE)]><!--><div style=\"padding: 0px;border-top: 0px solid transparent;border-left: 0px solid transparent;border-right: 0px solid transparent;border-bottom: 0px solid transparent;\"><!--<![endif]-->\n  \n<table id=\"u_content_image_3\" class=\"u_content_image\" style=\"font-family:\'Montserrat\',sans-serif;\" role=\"presentation\" cellpadding=\"0\" cellspacing=\"0\" width=\"100%\" border=\"0\">\n  <tbody>\n    <tr>\n      <td style=\"overflow-wrap:break-word;word-break:break-word;padding:0px;font-family:\'Montserrat\',sans-serif;\" align=\"left\">\n        \n<table width=\"100%\" cellpadding=\"0\" cellspacing=\"0\" border=\"0\">\n  <tr>\n    <td style=\"padding-right: 0px;padding-left: 0px;\" align=\"center\">\n      \n      <img align=\"center\" border=\"0\" src=\"https://a.mailmunch.co/user_data/landing_pages/1500313783372-2.png\" alt=\"Image\" title=\"Image\" style=\"outline: none;text-decoration: none;-ms-interpolation-mode: bicubic;clear: both;display: block !important;border: none;height: auto;float: none;width: 100%;max-width: 200px;\" width=\"200\" class=\"fullwidth\"/>\n      \n    </td>\n  </tr>\n</table>\n\n      </td>\n    </tr>\n  </tbody>\n</table>\n\n  <!--[if (!mso)&(!IE)]><!--></div><!--<![endif]-->\n  </div>\n</div>\n<!--[if (mso)|(IE)]></td><![endif]-->\n      <!--[if (mso)|(IE)]></tr></table></td></tr></table><![endif]-->\n    </div>\n  </div>\n</div>\n\n\n\n<div class=\"email-row-container\" style=\"padding: 0px;background-color: rgba(255,255,255,0)\">\n  <div style=\"Margin: 0 auto;min-width: 320px;max-width: 600px;overflow-wrap: break-word;word-wrap: break-word;word-break: break-word;background-color: transparent;\" class=\"email-row\">\n    <div style=\"border-collapse: collapse;display: table;width: 100%;background-color: transparent;\">\n      <!--[if (mso)|(IE)]><table width=\"100%\" cellpadding=\"0\" cellspacing=\"0\" border=\"0\"><tr><td style=\"padding: 0px;background-color: rgba(255,255,255,0);\" align=\"center\"><table cellpadding=\"0\" cellspacing=\"0\" border=\"0\" style=\"width:600px;\"><tr style=\"background-color: transparent;\"><![endif]-->\n      \n<!--[if (mso)|(IE)]><td align=\"center\" width=\"600\" style=\"width: 600px;padding: 0px;border-top: 0px solid transparent;border-left: 0px solid transparent;border-right: 0px solid transparent;border-bottom: 0px solid transparent;\" valign=\"top\"><![endif]-->\n<div class=\"email-col email-col-100\" style=\"max-width: 320px;min-width: 600px;display: table-cell;vertical-align: top;\">\n  <div style=\"width: 100% !important;\">\n  <!--[if (!mso)&(!IE)]><!--><div style=\"padding: 0px;border-top: 0px solid transparent;border-left: 0px solid transparent;border-right: 0px solid transparent;border-bottom: 0px solid transparent;\"><!--<![endif]-->\n  \n<table id=\"u_content_divider_3\" class=\"u_content_divider\" style=\"font-family:\'Montserrat\',sans-serif;\" role=\"presentation\" cellpadding=\"0\" cellspacing=\"0\" width=\"100%\" border=\"0\">\n  <tbody>\n    <tr>\n      <td style=\"overflow-wrap:break-word;word-break:break-word;padding:1px 20px 5px;font-family:\'Montserrat\',sans-serif;\" align=\"left\">\n        \n  <table height=\"0px\" align=\"center\" border=\"0\" cellpadding=\"0\" cellspacing=\"0\" width=\"100%\" style=\"border-collapse: collapse;table-layout: fixed;border-spacing: 0;mso-table-lspace: 0pt;mso-table-rspace: 0pt;vertical-align: top;border-top: 1px solid #CCC;-ms-text-size-adjust: 100%;-webkit-text-size-adjust: 100%\">\n    <tbody>\n      <tr style=\"vertical-align: top\">\n        <td style=\"word-break: break-word;border-collapse: collapse !important;vertical-align: top;font-size: 0px;line-height: 0px;mso-line-height-rule: exactly;-ms-text-size-adjust: 100%;-webkit-text-size-adjust: 100%\">\n          <span>&#160;</span>\n        </td>\n      </tr>\n    </tbody>\n  </table>\n\n      </td>\n    </tr>\n  </tbody>\n</table>\n\n  <!--[if (!mso)&(!IE)]><!--></div><!--<![endif]-->\n  </div>\n</div>\n<!--[if (mso)|(IE)]></td><![endif]-->\n      <!--[if (mso)|(IE)]></tr></table></td></tr></table><![endif]-->\n    </div>\n  </div>\n</div>\n\n\n\n<div class=\"email-row-container\" style=\"padding: 0px;background-color: rgba(255,255,255,0)\">\n  <div style=\"Margin: 0 auto;min-width: 320px;max-width: 600px;overflow-wrap: break-word;word-wrap: break-word;word-break: break-word;background-color: transparent;\" class=\"email-row\">\n    <div style=\"border-collapse: collapse;display: table;width: 100%;background-color: transparent;\">\n      <!--[if (mso)|(IE)]><table width=\"100%\" cellpadding=\"0\" cellspacing=\"0\" border=\"0\"><tr><td style=\"padding: 0px;background-color: rgba(255,255,255,0);\" align=\"center\"><table cellpadding=\"0\" cellspacing=\"0\" border=\"0\" style=\"width:600px;\"><tr style=\"background-color: transparent;\"><![endif]-->\n      \n<!--[if (mso)|(IE)]><td align=\"center\" width=\"600\" style=\"width: 600px;padding: 0px;border-top: 0px solid transparent;border-left: 0px solid transparent;border-right: 0px solid transparent;border-bottom: 0px solid transparent;\" valign=\"top\"><![endif]-->\n<div class=\"email-col email-col-100\" style=\"max-width: 320px;min-width: 600px;display: table-cell;vertical-align: top;\">\n  <div style=\"width: 100% !important;\">\n  <!--[if (!mso)&(!IE)]><!--><div style=\"padding: 0px;border-top: 0px solid transparent;border-left: 0px solid transparent;border-right: 0px solid transparent;border-bottom: 0px solid transparent;\"><!--<![endif]-->\n  \n<table id=\"u_content_divider_4\" class=\"u_content_divider\" style=\"font-family:\'Montserrat\',sans-serif;\" role=\"presentation\" cellpadding=\"0\" cellspacing=\"0\" width=\"100%\" border=\"0\">\n  <tbody>\n    <tr>\n      <td style=\"overflow-wrap:break-word;word-break:break-word;padding:1px 20px 5px;font-family:\'Montserrat\',sans-serif;\" align=\"left\">\n        \n  <table height=\"0px\" align=\"center\" border=\"0\" cellpadding=\"0\" cellspacing=\"0\" width=\"100%\" style=\"border-collapse: collapse;table-layout: fixed;border-spacing: 0;mso-table-lspace: 0pt;mso-table-rspace: 0pt;vertical-align: top;border-top: 1px solid #CCC;-ms-text-size-adjust: 100%;-webkit-text-size-adjust: 100%\">\n    <tbody>\n      <tr style=\"vertical-align: top\">\n        <td style=\"word-break: break-word;border-collapse: collapse !important;vertical-align: top;font-size: 0px;line-height: 0px;mso-line-height-rule: exactly;-ms-text-size-adjust: 100%;-webkit-text-size-adjust: 100%\">\n          <span>&#160;</span>\n        </td>\n      </tr>\n    </tbody>\n  </table>\n\n      </td>\n    </tr>\n  </tbody>\n</table>\n\n  <!--[if (!mso)&(!IE)]><!--></div><!--<![endif]-->\n  </div>\n</div>\n<!--[if (mso)|(IE)]></td><![endif]-->\n      <!--[if (mso)|(IE)]></tr></table></td></tr></table><![endif]-->\n    </div>\n  </div>\n</div>\n\n\n\n<div class=\"email-row-container\" style=\"padding: 10px;background-color: rgba(255,255,255,0)\">\n  <div style=\"Margin: 0 auto;min-width: 320px;max-width: 600px;overflow-wrap: break-word;word-wrap: break-word;word-break: break-word;background-color: transparent;\" class=\"email-row\">\n    <div style=\"border-collapse: collapse;display: table;width: 100%;background-color: transparent;\">\n      <!--[if (mso)|(IE)]><table width=\"100%\" cellpadding=\"0\" cellspacing=\"0\" border=\"0\"><tr><td style=\"padding: 10px;background-color: rgba(255,255,255,0);\" align=\"center\"><table cellpadding=\"0\" cellspacing=\"0\" border=\"0\" style=\"width:600px;\"><tr style=\"background-color: transparent;\"><![endif]-->\n      \n<!--[if (mso)|(IE)]><td align=\"center\" width=\"600\" style=\"width: 600px;padding: 0px;border-top: 0px solid transparent;border-left: 0px solid transparent;border-right: 0px solid transparent;border-bottom: 0px solid transparent;\" valign=\"top\"><![endif]-->\n<div class=\"email-col email-col-100\" style=\"max-width: 320px;min-width: 600px;display: table-cell;vertical-align: top;\">\n  <div style=\"width: 100% !important;\">\n  <!--[if (!mso)&(!IE)]><!--><div style=\"padding: 0px;border-top: 0px solid transparent;border-left: 0px solid transparent;border-right: 0px solid transparent;border-bottom: 0px solid transparent;\"><!--<![endif]-->\n  \n<table id=\"u_content_text_12\" class=\"u_content_text\" style=\"font-family:\'Montserrat\',sans-serif;\" role=\"presentation\" cellpadding=\"0\" cellspacing=\"0\" width=\"100%\" border=\"0\">\n  <tbody>\n    <tr>\n      <td style=\"overflow-wrap:break-word;word-break:break-word;padding:15px;font-family:\'Montserrat\',sans-serif;\" align=\"left\">\n        \n  <div style=\"color: #fa9302; line-height: 130%; text-align: center; word-wrap: break-word;\">\n    <div><span style=\"font-size: 36px; line-height: 46.8px;\">NEED MORE INFORMATION?</span></div>\n  </div>\n\n      </td>\n    </tr>\n  </tbody>\n</table>\n\n<table id=\"u_content_text_13\" class=\"u_content_text\" style=\"font-family:\'Montserrat\',sans-serif;\" role=\"presentation\" cellpadding=\"0\" cellspacing=\"0\" width=\"100%\" border=\"0\">\n  <tbody>\n    <tr>\n      <td style=\"overflow-wrap:break-word;word-break:break-word;padding:10px;font-family:\'Montserrat\',sans-serif;\" align=\"left\">\n        \n  <div style=\"color: #4f4f4f; line-height: 120%; text-align: center; word-wrap: break-word;\">\n    <div><span style=\"font-size: 20px; line-height: 24px;\">Subscribe to get updates.</span></div>\n  </div>\n\n      </td>\n    </tr>\n  </tbody>\n</table>\n\n<table id=\"u_content_button_4\" class=\"u_content_button\" style=\"font-family:\'Montserrat\',sans-serif;\" role=\"presentation\" cellpadding=\"0\" cellspacing=\"0\" width=\"100%\" border=\"0\">\n  <tbody>\n    <tr>\n      <td style=\"overflow-wrap:break-word;word-break:break-word;padding:20px;font-family:\'Montserrat\',sans-serif;\" align=\"left\">\n        \n<div align=\"center\">\n  <!--[if mso]><table width=\"100%\" cellpadding=\"0\" cellspacing=\"0\" border=\"0\" style=\"border-spacing: 0; border-collapse: collapse; mso-table-lspace:0pt; mso-table-rspace:0pt;font-family:\'Montserrat\',sans-serif;\"><tr><td style=\"font-family:\'Montserrat\',sans-serif;\" align=\"center\"><v:roundrect xmlns:v=\"urn:schemas-microsoft-com:vml\" xmlns:w=\"urn:schemas-microsoft-com:office:word\" href=\"\" style=\"height:52px; v-text-anchor:middle; width:214px;\" arcsize=\"71%\" stroke=\"f\" fillcolor=\"#6eba79\"><w:anchorlock/><center style=\"color:#FFF;font-family:\'Montserrat\',sans-serif;\"><![endif]-->\n    <a href=\"\" target=\"_blank\" style=\"display: inline-block;font-family:\'Montserrat\',sans-serif;text-decoration: none;-webkit-text-size-adjust: none;text-align: center;color: #FFF; background-color: #6eba79; border-radius: 37px; -webkit-border-radius: 37px; -moz-border-radius: 37px; width: auto; padding: 10px 20px; mso-border-alt: none;\">\n      <span style=\"line-height:160%;\"><span style=\"font-size: 20px; line-height: 32px;\">SUBSCRIBE NOW</span></span>\n    </a>\n  <!--[if mso]></center></v:roundrect></td></tr></table><![endif]-->\n</div>\n\n      </td>\n    </tr>\n  </tbody>\n</table>\n\n  <!--[if (!mso)&(!IE)]><!--></div><!--<![endif]-->\n  </div>\n</div>\n<!--[if (mso)|(IE)]></td><![endif]-->\n      <!--[if (mso)|(IE)]></tr></table></td></tr></table><![endif]-->\n    </div>\n  </div>\n</div>\n\n\n\n<div class=\"email-row-container\" style=\"padding: 30px;background-color: #f0f0f0\">\n  <div style=\"Margin: 0 auto;min-width: 320px;max-width: 600px;overflow-wrap: break-word;word-wrap: break-word;word-break: break-word;background-color: transparent;\" class=\"email-row\">\n    <div style=\"border-collapse: collapse;display: table;width: 100%;background-color: transparent;\">\n      <!--[if (mso)|(IE)]><table width=\"100%\" cellpadding=\"0\" cellspacing=\"0\" border=\"0\"><tr><td style=\"padding: 30px;background-color: #f0f0f0;\" align=\"center\"><table cellpadding=\"0\" cellspacing=\"0\" border=\"0\" style=\"width:600px;\"><tr style=\"background-color: transparent;\"><![endif]-->\n      \n<!--[if (mso)|(IE)]><td align=\"center\" width=\"600\" style=\"width: 600px;padding: 0px;border-top: 0px solid transparent;border-left: 0px solid transparent;border-right: 0px solid transparent;border-bottom: 0px solid transparent;\" valign=\"top\"><![endif]-->\n<div class=\"email-col email-col-100\" style=\"max-width: 320px;min-width: 600px;display: table-cell;vertical-align: top;\">\n  <div style=\"width: 100% !important;\">\n  <!--[if (!mso)&(!IE)]><!--><div style=\"padding: 0px;border-top: 0px solid transparent;border-left: 0px solid transparent;border-right: 0px solid transparent;border-bottom: 0px solid transparent;\"><!--<![endif]-->\n  \n<table id=\"u_content_text_14\" class=\"u_content_text\" style=\"font-family:\'Montserrat\',sans-serif;\" role=\"presentation\" cellpadding=\"0\" cellspacing=\"0\" width=\"100%\" border=\"0\">\n  <tbody>\n    <tr>\n      <td style=\"overflow-wrap:break-word;word-break:break-word;padding:20px;font-family:\'Montserrat\',sans-serif;\" align=\"left\">\n        \n  <div style=\"color: #000; line-height: 120%; text-align: left; word-wrap: break-word;\">\n    <div style=\"font-family: arial, helvetica, sans-serif;\"><span style=\"font-size: 12px; color: #999999; line-height: 14.4px;\">You received this email because you signed up for .</span></div>\n<div style=\"font-family: arial, helvetica, sans-serif;\">&nbsp;</div>\n<div style=\"font-family: arial, helvetica, sans-serif;\"><span style=\"font-size: 12px; color: #999999; line-height: 14.4px;\"></span></div>\n  </div>\n\n      </td>\n    </tr>\n  </tbody>\n</table>\n\n<table id=\"u_content_html_2\" class=\"u_content_html\" style=\"font-family:\'Montserrat\',sans-serif;\" role=\"presentation\" cellpadding=\"0\" cellspacing=\"0\" width=\"100%\" border=\"0\">\n  <tbody>\n    <tr>\n      <td style=\"overflow-wrap:break-word;word-break:break-word;padding:0px;font-family:\'Montserrat\',sans-serif;\" align=\"left\">\n        \n  <div>\n    <span style=\"\n             font-size: 10px;\n             \">\n  Do not want to get any updates from us?\n  <a href=\"/emm-unsubscribe\">Unsubscribe me</a> now!\n</span>\n  </div>\n\n      </td>\n    </tr>\n  </tbody>\n</table>\n\n  <!--[if (!mso)&(!IE)]><!--></div><!--<![endif]-->\n  </div>\n</div>\n<!--[if (mso)|(IE)]></td><![endif]-->\n      <!--[if (mso)|(IE)]></tr></table></td></tr></table><![endif]-->\n    </div>\n  </div>\n</div>\n\n\n    <!--[if (mso)|(IE)]></td></tr></table><![endif]-->\n    </td>\n  </tr>\n  </tbody>\n  </table>\n  <!--[if (mso)|(IE)]></div><![endif]-->\n</body>\n\n</html>\n','{\"counters\":{\"u_content_image\":4,\"u_content_text\":14,\"u_content_divider\":4,\"u_content_button\":4,\"u_column\":14,\"u_row\":11,\"u_content_html\":2},\"body\":{\"rows\":[{\"cells\":[1],\"columns\":[{\"contents\":[{\"type\":\"html\",\"values\":{\"containerPadding\":\"10px\",\"_meta\":{\"htmlID\":\"u_content_html_1\",\"htmlClassNames\":\"u_content_html\"},\"selectable\":true,\"draggable\":true,\"deletable\":true,\"html\":\"<img id=\\\"emm-opened-email-tracking\\\" src=\\\"/\\\" style=\\\"display:none\\\"/>\"}},{\"type\":\"image\",\"values\":{\"containerPadding\":\"10px 10px 20px\",\"_meta\":{\"htmlID\":\"u_content_image_1\",\"htmlClassNames\":\"u_content_image\"},\"selectable\":true,\"draggable\":true,\"deletable\":true,\"src\":{\"url\":\"https://upload.wikimedia.org/wikipedia/vi/1/1d/Logo_%C4%90%E1%BA%A1i_h%E1%BB%8Dc_FPT.png\",\"width\":1200,\"height\":660},\"fullWidth\":false,\"textAlign\":\"center\",\"maxWidth\":\"100%\",\"altText\":\"Image\",\"action\":{\"url\":\"\",\"target\":\"\"}}}],\"values\":{\"_meta\":{\"htmlID\":\"u_column_1\",\"htmlClassNames\":\"u_column\"}}}],\"values\":{\"columns\":false,\"backgroundColor\":\"rgba(255,255,255,0)\",\"columnsBackgroundColor\":\"rgba(255,255,255,0)\",\"backgroundImage\":{\"url\":\"\",\"fullWidth\":true,\"repeat\":false,\"center\":false,\"cover\":false},\"padding\":\"10px\",\"hideDesktop\":false,\"hideMobile\":false,\"noStackMobile\":false,\"_meta\":{\"htmlID\":\"u_row_1\",\"htmlClassNames\":\"u_row\"},\"selectable\":true,\"draggable\":true,\"deletable\":true}},{\"cells\":[1],\"columns\":[{\"contents\":[{\"type\":\"text\",\"values\":{\"containerPadding\":\"10px\",\"_meta\":{\"htmlID\":\"u_content_text_2\",\"htmlClassNames\":\"u_content_text\"},\"selectable\":true,\"draggable\":true,\"deletable\":true,\"color\":\"#000\",\"textAlign\":\"center\",\"lineHeight\":\"120%\",\"linkStyle\":{\"inherit\":true,\"linkColor\":\"#0000ee\",\"linkHoverColor\":\"#0000ee\",\"linkUnderline\":true,\"linkHoverUnderline\":true},\"text\":\"<div><span style=\\\"color: #6fbb7b; font-family: Pacifico, cursive; font-size: 58px; text-align: center; line-height: 69.6px;\\\">Default Email</span></div>\"}},{\"type\":\"divider\",\"values\":{\"containerPadding\":\"20px\",\"_meta\":{\"htmlID\":\"u_content_divider_1\",\"htmlClassNames\":\"u_content_divider\"},\"selectable\":true,\"draggable\":true,\"deletable\":true,\"width\":\"100%\",\"border\":{\"borderTopWidth\":\"1px\",\"borderTopStyle\":\"solid\",\"borderTopColor\":\"#CCC\"},\"textAlign\":\"center\"}}],\"values\":{\"_meta\":{\"htmlID\":\"u_column_2\",\"htmlClassNames\":\"u_column\"}}}],\"values\":{\"columns\":false,\"backgroundColor\":\"rgba(255,255,255,0)\",\"columnsBackgroundColor\":\"rgba(255,255,255,0)\",\"backgroundImage\":{\"url\":\"\",\"fullWidth\":true,\"repeat\":false,\"center\":false,\"cover\":false},\"padding\":\"10px\",\"hideDesktop\":false,\"hideMobile\":false,\"noStackMobile\":false,\"_meta\":{\"htmlID\":\"u_row_2\",\"htmlClassNames\":\"u_row\"},\"selectable\":true,\"draggable\":true,\"deletable\":true}},{\"cells\":[1],\"columns\":[{\"contents\":[{\"type\":\"text\",\"values\":{\"containerPadding\":\"20px\",\"_meta\":{\"htmlID\":\"u_content_text_5\",\"htmlClassNames\":\"u_content_text\"},\"selectable\":true,\"draggable\":true,\"deletable\":true,\"color\":\"#000\",\"textAlign\":\"left\",\"lineHeight\":\"120%\",\"linkStyle\":{\"inherit\":true,\"linkColor\":\"#0000ee\",\"linkHoverColor\":\"#0000ee\",\"linkUnderline\":true,\"linkHoverUnderline\":true},\"text\":\"<div><strong><span style=\\\"font-size: 30px; font-family: Montserrat, sans-serif; color: #2790d2; line-height: 36px;\\\">Upcoming Events:</span></strong></div>\"}}],\"values\":{\"_meta\":{\"htmlID\":\"u_column_3\",\"htmlClassNames\":\"u_column\"}}}],\"values\":{\"columns\":false,\"backgroundColor\":\"rgba(255,255,255,0)\",\"columnsBackgroundColor\":\"rgba(255,255,255,0)\",\"backgroundImage\":{\"url\":\"\",\"fullWidth\":true,\"repeat\":false,\"center\":false,\"cover\":false},\"padding\":\"0px\",\"hideDesktop\":false,\"hideMobile\":false,\"noStackMobile\":false,\"_meta\":{\"htmlID\":\"u_row_3\",\"htmlClassNames\":\"u_row\"},\"selectable\":true,\"draggable\":true,\"deletable\":true}},{\"cells\":[1,2],\"columns\":[{\"contents\":[{\"type\":\"image\",\"values\":{\"containerPadding\":\"0px\",\"_meta\":{\"htmlID\":\"u_content_image_2\",\"htmlClassNames\":\"u_content_image\"},\"selectable\":true,\"draggable\":true,\"deletable\":true,\"src\":{\"url\":\"https://a.mailmunch.co/user_data/landing_pages/1500313461528-1.png\",\"width\":500,\"height\":500},\"fullWidth\":true,\"textAlign\":\"center\",\"maxWidth\":\"100%\",\"altText\":\"Image\",\"action\":{\"url\":\"\",\"target\":\"\"}}}],\"values\":{\"_meta\":{\"htmlID\":\"u_column_4\",\"htmlClassNames\":\"u_column\"}}},{\"contents\":[{\"type\":\"text\",\"values\":{\"containerPadding\":\"10px 15px 8px\",\"_meta\":{\"htmlID\":\"u_content_text_6\",\"htmlClassNames\":\"u_content_text\"},\"selectable\":true,\"draggable\":true,\"deletable\":true,\"color\":\"#6eba79\",\"textAlign\":\"left\",\"lineHeight\":\"160%\",\"linkStyle\":{\"inherit\":true,\"linkColor\":\"#0000ee\",\"linkHoverColor\":\"#0000ee\",\"linkUnderline\":true,\"linkHoverUnderline\":true},\"text\":\"<div><span style=\\\"font-size: 20px; line-height: 32px;\\\">JET SKI RIDE</span></div>\"}},{\"type\":\"text\",\"values\":{\"containerPadding\":\"10px 15px\",\"_meta\":{\"htmlID\":\"u_content_text_7\",\"htmlClassNames\":\"u_content_text\"},\"selectable\":true,\"draggable\":true,\"deletable\":true,\"color\":\"#4f4f4f\",\"textAlign\":\"left\",\"lineHeight\":\"150%\",\"linkStyle\":{\"inherit\":true,\"linkColor\":\"#0000ee\",\"linkHoverColor\":\"#0000ee\",\"linkUnderline\":true,\"linkHoverUnderline\":true},\"text\":\"<div>Lorem ipsum dolor sit amet, consectetur adipiscing elit, sed do eiusmod tempor incididunt ut labore et dolore magna aliqua. Ut enim ad minim veniam, quis nostrud exercitation.</div>\"}},{\"type\":\"button\",\"values\":{\"containerPadding\":\"5px 15px\",\"_meta\":{\"htmlID\":\"u_content_button_1\",\"htmlClassNames\":\"u_content_button\"},\"selectable\":true,\"draggable\":true,\"deletable\":true,\"href\":{\"url\":\"/emm-clicked-email-tracking\",\"target\":\"_self\"},\"buttonColors\":{\"color\":\"#FFF\",\"backgroundColor\":\"#fa9302\",\"hoverColor\":\"#cf7a04\",\"hoverBackgroundColor\":\"#3AAEE0\"},\"textAlign\":\"left\",\"lineHeight\":\"120%\",\"border\":{},\"borderRadius\":\"20px\",\"padding\":\"10px 20px\",\"calculatedHeight\":37,\"calculatedWidth\":134,\"text\":\"ORDER NOW<br />\"}}],\"values\":{\"_meta\":{\"htmlID\":\"u_column_5\",\"htmlClassNames\":\"u_column\"}}}],\"values\":{\"columns\":false,\"backgroundColor\":\"rgba(255,255,255,0)\",\"columnsBackgroundColor\":\"rgba(255,255,255,0)\",\"backgroundImage\":{\"url\":\"\",\"fullWidth\":true,\"repeat\":false,\"center\":false,\"cover\":false},\"padding\":\"10px\",\"hideDesktop\":false,\"hideMobile\":false,\"noStackMobile\":false,\"_meta\":{\"htmlID\":\"u_row_4\",\"htmlClassNames\":\"u_row\"},\"selectable\":true,\"draggable\":true,\"deletable\":true}},{\"cells\":[1],\"columns\":[{\"contents\":[{\"type\":\"divider\",\"values\":{\"containerPadding\":\"1px 20px 5px\",\"_meta\":{\"htmlID\":\"u_content_divider_2\",\"htmlClassNames\":\"u_content_divider\"},\"selectable\":true,\"draggable\":true,\"deletable\":true,\"width\":\"100%\",\"border\":{\"borderTopWidth\":\"1px\",\"borderTopStyle\":\"solid\",\"borderTopColor\":\"#CCC\"},\"textAlign\":\"center\"}}],\"values\":{\"_meta\":{\"htmlID\":\"u_column_6\",\"htmlClassNames\":\"u_column\"}}}],\"values\":{\"columns\":false,\"backgroundColor\":\"rgba(255,255,255,0)\",\"columnsBackgroundColor\":\"rgba(255,255,255,0)\",\"backgroundImage\":{\"url\":\"\",\"fullWidth\":true,\"repeat\":false,\"center\":false,\"cover\":false},\"padding\":\"0px\",\"hideDesktop\":false,\"hideMobile\":false,\"noStackMobile\":false,\"_meta\":{\"htmlID\":\"u_row_5\",\"htmlClassNames\":\"u_row\"},\"selectable\":true,\"draggable\":true,\"deletable\":true}},{\"cells\":[2,1],\"columns\":[{\"contents\":[{\"type\":\"text\",\"values\":{\"containerPadding\":\"10px 15px 8px\",\"_meta\":{\"htmlID\":\"u_content_text_8\",\"htmlClassNames\":\"u_content_text\"},\"selectable\":true,\"draggable\":true,\"deletable\":true,\"color\":\"#6eba79\",\"textAlign\":\"left\",\"lineHeight\":\"160%\",\"linkStyle\":{\"inherit\":true,\"linkColor\":\"#0000ee\",\"linkHoverColor\":\"#0000ee\",\"linkUnderline\":true,\"linkHoverUnderline\":true},\"text\":\"<div><span style=\\\"font-size: 20px; line-height: 32px;\\\">BOAT RIDE</span></div>\"}},{\"type\":\"text\",\"values\":{\"containerPadding\":\"10px 15px\",\"_meta\":{\"htmlID\":\"u_content_text_9\",\"htmlClassNames\":\"u_content_text\"},\"selectable\":true,\"draggable\":true,\"deletable\":true,\"color\":\"#4f4f4f\",\"textAlign\":\"left\",\"lineHeight\":\"150%\",\"linkStyle\":{\"inherit\":true,\"linkColor\":\"#0000ee\",\"linkHoverColor\":\"#0000ee\",\"linkUnderline\":true,\"linkHoverUnderline\":true},\"text\":\"<div>Lorem ipsum dolor sit amet, consectetur adipiscing elit, sed do eiusmod tempor incididunt ut labore et dolore magna aliqua. Ut enim ad minim veniam, quis nostrud exercitation</div>\"}},{\"type\":\"button\",\"values\":{\"containerPadding\":\"5px 15px\",\"_meta\":{\"htmlID\":\"u_content_button_2\",\"htmlClassNames\":\"u_content_button\"},\"selectable\":true,\"draggable\":true,\"deletable\":true,\"href\":\"\",\"buttonColors\":{\"color\":\"#FFF\",\"backgroundColor\":\"#fa9302\",\"hoverColor\":\"#cf7a04\",\"hoverBackgroundColor\":\"#3AAEE0\"},\"textAlign\":\"left\",\"lineHeight\":\"120%\",\"border\":{},\"borderRadius\":\"20px\",\"padding\":\"10px 20px\",\"calculatedHeight\":36,\"calculatedWidth\":132,\"text\":\"ORDER NOW<br />\"}}],\"values\":{\"_meta\":{\"htmlID\":\"u_column_7\",\"htmlClassNames\":\"u_column\"}}},{\"contents\":[{\"type\":\"image\",\"values\":{\"containerPadding\":\"0px\",\"_meta\":{\"htmlID\":\"u_content_image_3\",\"htmlClassNames\":\"u_content_image\"},\"selectable\":true,\"draggable\":true,\"deletable\":true,\"src\":{\"url\":\"https://a.mailmunch.co/user_data/landing_pages/1500313783372-2.png\",\"width\":500,\"height\":500},\"fullWidth\":true,\"textAlign\":\"center\",\"maxWidth\":\"100%\",\"altText\":\"Image\",\"action\":{\"url\":\"\",\"target\":\"\"}}}],\"values\":{\"_meta\":{\"htmlID\":\"u_column_8\",\"htmlClassNames\":\"u_column\"}}}],\"values\":{\"columns\":false,\"backgroundColor\":\"rgba(255,255,255,0)\",\"columnsBackgroundColor\":\"rgba(255,255,255,0)\",\"backgroundImage\":{\"url\":\"\",\"fullWidth\":true,\"repeat\":false,\"center\":false,\"cover\":false},\"padding\":\"10px\",\"hideDesktop\":false,\"hideMobile\":false,\"noStackMobile\":false,\"_meta\":{\"htmlID\":\"u_row_6\",\"htmlClassNames\":\"u_row\"},\"selectable\":true,\"draggable\":true,\"deletable\":true}},{\"cells\":[1],\"columns\":[{\"contents\":[{\"type\":\"divider\",\"values\":{\"containerPadding\":\"1px 20px 5px\",\"_meta\":{\"htmlID\":\"u_content_divider_3\",\"htmlClassNames\":\"u_content_divider\"},\"selectable\":true,\"draggable\":true,\"deletable\":true,\"width\":\"100%\",\"border\":{\"borderTopWidth\":\"1px\",\"borderTopStyle\":\"solid\",\"borderTopColor\":\"#CCC\"},\"textAlign\":\"center\"}}],\"values\":{\"_meta\":{\"htmlID\":\"u_column_9\",\"htmlClassNames\":\"u_column\"}}}],\"values\":{\"columns\":false,\"backgroundColor\":\"rgba(255,255,255,0)\",\"columnsBackgroundColor\":\"rgba(255,255,255,0)\",\"backgroundImage\":{\"url\":\"\",\"fullWidth\":true,\"repeat\":false,\"center\":false,\"cover\":false},\"padding\":\"0px\",\"hideDesktop\":false,\"hideMobile\":false,\"noStackMobile\":false,\"_meta\":{\"htmlID\":\"u_row_7\",\"htmlClassNames\":\"u_row\"},\"selectable\":true,\"draggable\":true,\"deletable\":true}},{\"cells\":[1],\"columns\":[{\"contents\":[{\"type\":\"divider\",\"values\":{\"containerPadding\":\"1px 20px 5px\",\"_meta\":{\"htmlID\":\"u_content_divider_4\",\"htmlClassNames\":\"u_content_divider\"},\"selectable\":true,\"draggable\":true,\"deletable\":true,\"width\":\"100%\",\"border\":{\"borderTopWidth\":\"1px\",\"borderTopStyle\":\"solid\",\"borderTopColor\":\"#CCC\"},\"textAlign\":\"center\"}}],\"values\":{\"_meta\":{\"htmlID\":\"u_column_12\",\"htmlClassNames\":\"u_column\"}}}],\"values\":{\"columns\":false,\"backgroundColor\":\"rgba(255,255,255,0)\",\"columnsBackgroundColor\":\"rgba(255,255,255,0)\",\"backgroundImage\":{\"url\":\"\",\"fullWidth\":true,\"repeat\":false,\"center\":false,\"cover\":false},\"padding\":\"0px\",\"hideDesktop\":false,\"hideMobile\":false,\"noStackMobile\":false,\"_meta\":{\"htmlID\":\"u_row_9\",\"htmlClassNames\":\"u_row\"},\"selectable\":true,\"draggable\":true,\"deletable\":true}},{\"cells\":[1],\"columns\":[{\"contents\":[{\"type\":\"text\",\"values\":{\"containerPadding\":\"15px\",\"_meta\":{\"htmlID\":\"u_content_text_12\",\"htmlClassNames\":\"u_content_text\"},\"selectable\":true,\"draggable\":true,\"deletable\":true,\"color\":\"#fa9302\",\"textAlign\":\"center\",\"lineHeight\":\"130%\",\"linkStyle\":{\"inherit\":true,\"linkColor\":\"#0000ee\",\"linkHoverColor\":\"#0000ee\",\"linkUnderline\":true,\"linkHoverUnderline\":true},\"text\":\"<div><span style=\\\"font-size: 36px; line-height: 46.8px;\\\">NEED MORE INFORMATION?</span></div>\"}},{\"type\":\"text\",\"values\":{\"containerPadding\":\"10px\",\"_meta\":{\"htmlID\":\"u_content_text_13\",\"htmlClassNames\":\"u_content_text\"},\"selectable\":true,\"draggable\":true,\"deletable\":true,\"color\":\"#4f4f4f\",\"textAlign\":\"center\",\"lineHeight\":\"120%\",\"linkStyle\":{\"inherit\":true,\"linkColor\":\"#0000ee\",\"linkHoverColor\":\"#0000ee\",\"linkUnderline\":true,\"linkHoverUnderline\":true},\"text\":\"<div><span style=\\\"font-size: 20px; line-height: 24px;\\\">Subscribe to get updates.</span></div>\"}},{\"type\":\"button\",\"values\":{\"containerPadding\":\"20px\",\"_meta\":{\"htmlID\":\"u_content_button_4\",\"htmlClassNames\":\"u_content_button\"},\"selectable\":true,\"draggable\":true,\"deletable\":true,\"href\":\"\",\"buttonColors\":{\"color\":\"#FFF\",\"backgroundColor\":\"#6eba79\",\"hoverColor\":\"#58a864\",\"hoverBackgroundColor\":\"#3AAEE0\"},\"textAlign\":\"center\",\"lineHeight\":\"160%\",\"border\":{},\"borderRadius\":\"37px\",\"padding\":\"10px 20px\",\"calculatedHeight\":52,\"calculatedWidth\":214,\"text\":\"<span style=\\\"font-size: 20px; line-height: 32px;\\\">SUBSCRIBE NOW</span>\"}}],\"values\":{\"_meta\":{\"htmlID\":\"u_column_13\",\"htmlClassNames\":\"u_column\"}}}],\"values\":{\"columns\":false,\"backgroundColor\":\"rgba(255,255,255,0)\",\"columnsBackgroundColor\":\"rgba(255,255,255,0)\",\"backgroundImage\":{\"url\":\"\",\"fullWidth\":true,\"repeat\":false,\"center\":false,\"cover\":false},\"padding\":\"10px\",\"hideDesktop\":false,\"hideMobile\":false,\"noStackMobile\":false,\"_meta\":{\"htmlID\":\"u_row_10\",\"htmlClassNames\":\"u_row\"},\"selectable\":true,\"draggable\":true,\"deletable\":true}},{\"cells\":[1],\"columns\":[{\"contents\":[{\"type\":\"text\",\"values\":{\"containerPadding\":\"20px\",\"_meta\":{\"htmlID\":\"u_content_text_14\",\"htmlClassNames\":\"u_content_text\"},\"selectable\":false,\"draggable\":false,\"deletable\":false,\"color\":\"#000\",\"textAlign\":\"left\",\"lineHeight\":\"120%\",\"linkStyle\":{\"inherit\":true,\"linkColor\":\"#0000ee\",\"linkHoverColor\":\"#0000ee\",\"linkUnderline\":true,\"linkHoverUnderline\":true},\"text\":\"<div style=\\\"font-family: arial, helvetica, sans-serif;\\\"><span style=\\\"font-size: 12px; color: #999999; line-height: 14.4px;\\\">You received this email because you signed up for .</span></div>\\n<div style=\\\"font-family: arial, helvetica, sans-serif;\\\">&nbsp;</div>\\n<div style=\\\"font-family: arial, helvetica, sans-serif;\\\"><span style=\\\"font-size: 12px; color: #999999; line-height: 14.4px;\\\"></span></div>\"}},{\"type\":\"html\",\"values\":{\"containerPadding\":\"0px\",\"_meta\":{\"htmlID\":\"u_content_html_2\",\"htmlClassNames\":\"u_content_html\"},\"selectable\":true,\"draggable\":true,\"deletable\":true,\"html\":\"<span style=\\\"\\n             font-size: 10px;\\n             \\\">\\n  Do not want to get any updates from us?\\n  <a href=\\\"/emm-unsubscribe\\\">Unsubscribe me</a> now!\\n</span>\"}}],\"values\":{\"_meta\":{\"htmlID\":\"u_column_14\",\"htmlClassNames\":\"u_column\"}}}],\"values\":{\"columns\":false,\"backgroundColor\":\"#f0f0f0\",\"columnsBackgroundColor\":\"rgba(255,255,255,0)\",\"backgroundImage\":{\"url\":\"\",\"fullWidth\":true,\"repeat\":false,\"center\":false,\"cover\":false},\"padding\":\"30px\",\"hideDesktop\":false,\"hideMobile\":false,\"noStackMobile\":false,\"_meta\":{\"htmlID\":\"u_row_11\",\"htmlClassNames\":\"u_row\"},\"selectable\":false,\"draggable\":false,\"deletable\":false}}],\"values\":{\"backgroundColor\":\"#ffffff\",\"backgroundImage\":{\"url\":\"\",\"fullWidth\":true,\"repeat\":false,\"center\":true,\"cover\":false},\"contentWidth\":\"600px\",\"fontFamily\":{\"label\":\"Montserrat\",\"value\":\"\'Montserrat\',sans-serif\",\"type\":\"google\",\"weights\":\"400,700\"},\"linkStyle\":{\"body\":true,\"linkColor\":\"#0000ee\",\"linkHoverColor\":\"#0000ee\",\"linkUnderline\":true,\"linkHoverUnderline\":true},\"_meta\":{\"htmlID\":\"u_body\",\"htmlClassNames\":\"u_body\"}}}}'),('7061cf20-182b-11ea-abbe-4f6cb6560974','Unsubscribe','\n<!DOCTYPE HTML PUBLIC \"-//W3C//DTD XHTML 1.0 Transitional //EN\" \"http://www.w3.org/TR/xhtml1/DTD/xhtml1-transitional.dtd\">\n<html xmlns=\"http://www.w3.org/1999/xhtml\" xmlns:v=\"urn:schemas-microsoft-com:vml\" xmlns:o=\"urn:schemas-microsoft-com:office:office\">\n<head>\n<!--[if gte mso 9]>\n<xml>\n  <o:OfficeDocumentSettings>\n    <o:AllowPNG/>\n    <o:PixelsPerInch>96</o:PixelsPerInch>\n  </o:OfficeDocumentSettings>\n</xml>\n<![endif]-->\n  <meta http-equiv=\"Content-Type\" content=\"text/html; charset=UTF-8\">\n  <meta name=\"viewport\" content=\"width=device-width, initial-scale=1.0\">\n  <meta name=\"x-apple-disable-message-reformatting\">\n  <!--[if !mso]><!--><meta http-equiv=\"X-UA-Compatible\" content=\"IE=edge\"><!--<![endif]-->\n  <title></title>\n  \n    <style type=\"text/css\">\n      a { color: #0000ee; text-decoration: underline; }\nbody {\n  margin: 0;\n  padding: 0;\n}\n\ntable, tr, td {\n  vertical-align: top;\n  border-collapse: collapse;\n}\n\np, ul {\n  margin: 0;\n}\n\n.ie-container table, .mso-container table {\n  table-layout: fixed;\n}\n\n* {\n  line-height: inherit;\n}\n\na[x-apple-data-detectors=true] {\n  color: inherit !important;\n  text-decoration: none !important;\n}\n\n.ExternalClass, .ExternalClass p, .ExternalClass span, .ExternalClass font, .ExternalClass td, .ExternalClass div {\n  line-height: 100%;\n}\n\n[owa] .email-row .email-col {\n  display: table-cell;\n  float: none !important;\n  vertical-align: top;\n}\n\n.ie-container .email-col-100, .ie-container .email-row, [owa] .email-col-100, [owa] .email-row { width: 600px !important; }\n.ie-container .email-col-17, [owa] .email-col-17 { width: 102.00000000000001px !important; }\n.ie-container .email-col-25, [owa] .email-col-25 { width: 150px !important; }\n.ie-container .email-col-33, [owa] .email-col-33 { width: 198px !important; }\n.ie-container .email-col-50, [owa] .email-col-50 { width: 300px !important; }\n.ie-container .email-col-67, [owa] .email-col-67 { width: 402px !important; }\n\n@media only screen and (min-width: 620px) {\n  .email-row { width: 600px !important; }\n  .email-row .email-col { vertical-align: top; }\n  .email-row .email-col-100 { width: 600px !important; }\n  .email-row .email-col-67 { width: 402px !important; }\n  .email-row .email-col-50 { width: 300px !important; }\n  .email-row .email-col-33 { width: 198px !important; }\n  .email-row .email-col-25 { width: 150px !important; }\n  .email-row .email-col-17 { width: 102.00000000000001px !important; }\n}\n\n@media (max-width: 620px) {\n  .email-row-container {\n    padding-left: 0px !important;\n    padding-right: 0px !important;\n  }\n  .email-row .email-col {\n    min-width: 320px !important;\n    max-width: 100% !important;\n    display: block !important;\n  }\n  .email-row { width: calc(100% - 40px) !important; }\n  .email-col { width: 100% !important; }\n  .email-col > div { margin: 0 auto; }\n  .no-stack .email-col { min-width: 0 !important; display: table-cell !important; }\n  .no-stack .email-col-50 { width: 50% !important; }\n  .no-stack .email-col-33 { width: 33% !important; }\n  .no-stack .email-col-67 { width: 67% !important; }\n  .no-stack .email-col-25 { width: 25% !important; }\n  .no-stack .email-col-17 { width: 17% !important; }\n}\n\n@media (max-width: 480px) {\n  .hide-mobile {\n    display: none !important;\n    max-height: 0px;\n    overflow: hidden;\n  }\n}\n\n@media (min-width: 980px) {\n  .hide-desktop {\n    display: none !important;\n    max-height: none !important;\n  }\n}\n\n    </style>\n  \n  \n<!--[if mso]>\n<style type=\"text/css\">\n  ul li {\n    list-style:disc inside;\n    mso-special-format:bullet;\n  }\n</style>\n<![endif]-->\n\n<!--[if !mso]><!--><link href=\"https://fonts.googleapis.com/css?family=Montserrat:400,700\" rel=\"stylesheet\" type=\"text/css\">\n<style type=\"text/css\">\n  @import url(\'https://fonts.googleapis.com/css?family=Montserrat:400,700\');\n</style><!--<![endif]-->\n\n</head>\n\n<body class=\"clean-body\" style=\"margin: 0;padding: 0;-webkit-text-size-adjust: 100%;background-color: #ffffff\">\n  <!--[if IE]><div class=\"ie-container\"><![endif]-->\n  <!--[if mso]><div class=\"mso-container\"><![endif]-->\n  <table class=\"nl-container\" style=\"border-collapse: collapse;table-layout: fixed;border-spacing: 0;mso-table-lspace: 0pt;mso-table-rspace: 0pt;vertical-align: top;min-width: 320px;Margin: 0 auto;background-color: #ffffff;width:100%\" cellpadding=\"0\" cellspacing=\"0\">\n  <tbody>\n  <tr style=\"vertical-align: top\">\n    <td style=\"word-break: break-word;border-collapse: collapse !important;vertical-align: top\">\n    <!--[if (mso)|(IE)]><table width=\"100%\" cellpadding=\"0\" cellspacing=\"0\" border=\"0\"><tr><td align=\"center\" style=\"background-color: #ffffff;\"><![endif]-->\n    \n\n<div class=\"email-row-container\" style=\"padding: 10px;background-color: rgba(255,255,255,0)\">\n  <div style=\"Margin: 0 auto;min-width: 320px;max-width: 600px;overflow-wrap: break-word;word-wrap: break-word;word-break: break-word;background-color: transparent;\" class=\"email-row\">\n    <div style=\"border-collapse: collapse;display: table;width: 100%;background-color: transparent;\">\n      <!--[if (mso)|(IE)]><table width=\"100%\" cellpadding=\"0\" cellspacing=\"0\" border=\"0\"><tr><td style=\"padding: 10px;background-color: rgba(255,255,255,0);\" align=\"center\"><table cellpadding=\"0\" cellspacing=\"0\" border=\"0\" style=\"width:600px;\"><tr style=\"background-color: transparent;\"><![endif]-->\n      \n<!--[if (mso)|(IE)]><td align=\"center\" width=\"600\" style=\"width: 600px;padding: 0px;border-top: 0px solid transparent;border-left: 0px solid transparent;border-right: 0px solid transparent;border-bottom: 0px solid transparent;\" valign=\"top\"><![endif]-->\n<div class=\"email-col email-col-100\" style=\"max-width: 320px;min-width: 600px;display: table-cell;vertical-align: top;\">\n  <div style=\"width: 100% !important;\">\n  <!--[if (!mso)&(!IE)]><!--><div style=\"padding: 0px;border-top: 0px solid transparent;border-left: 0px solid transparent;border-right: 0px solid transparent;border-bottom: 0px solid transparent;\"><!--<![endif]-->\n  \n<table id=\"u_content_html_1\" class=\"u_content_html\" style=\"font-family:\'Montserrat\',sans-serif;\" role=\"presentation\" cellpadding=\"0\" cellspacing=\"0\" width=\"100%\" border=\"0\">\n  <tbody>\n    <tr>\n      <td style=\"overflow-wrap:break-word;word-break:break-word;padding:10px;font-family:\'Montserrat\',sans-serif;\" align=\"left\">\n        \n  <div>\n    <img id=\"emm-opened-email-tracking\" src=\"/\" style=\"display:none\"/>\n  </div>\n\n      </td>\n    </tr>\n  </tbody>\n</table>\n\n<table id=\"u_content_image_1\" class=\"u_content_image\" style=\"font-family:\'Montserrat\',sans-serif;\" role=\"presentation\" cellpadding=\"0\" cellspacing=\"0\" width=\"100%\" border=\"0\">\n  <tbody>\n    <tr>\n      <td style=\"overflow-wrap:break-word;word-break:break-word;padding:10px 10px 20px;font-family:\'Montserrat\',sans-serif;\" align=\"left\">\n        \n<table width=\"100%\" cellpadding=\"0\" cellspacing=\"0\" border=\"0\">\n  <tr>\n    <td style=\"padding-right: 0px;padding-left: 0px;\" align=\"center\">\n      \n      <img align=\"center\" border=\"0\" src=\"https://upload.wikimedia.org/wikipedia/vi/1/1d/Logo_%C4%90%E1%BA%A1i_h%E1%BB%8Dc_FPT.png\" alt=\"Image\" title=\"Image\" style=\"outline: none;text-decoration: none;-ms-interpolation-mode: bicubic;clear: both;display: block !important;border: none;height: auto;float: none;width: 100%;max-width: 580px;\" width=\"580\"/>\n      \n    </td>\n  </tr>\n</table>\n\n      </td>\n    </tr>\n  </tbody>\n</table>\n\n  <!--[if (!mso)&(!IE)]><!--></div><!--<![endif]-->\n  </div>\n</div>\n<!--[if (mso)|(IE)]></td><![endif]-->\n      <!--[if (mso)|(IE)]></tr></table></td></tr></table><![endif]-->\n    </div>\n  </div>\n</div>\n\n\n\n<div class=\"email-row-container\" style=\"padding: 10px;background-color: rgba(255,255,255,0)\">\n  <div style=\"Margin: 0 auto;min-width: 320px;max-width: 600px;overflow-wrap: break-word;word-wrap: break-word;word-break: break-word;background-color: transparent;\" class=\"email-row\">\n    <div style=\"border-collapse: collapse;display: table;width: 100%;background-color: transparent;\">\n      <!--[if (mso)|(IE)]><table width=\"100%\" cellpadding=\"0\" cellspacing=\"0\" border=\"0\"><tr><td style=\"padding: 10px;background-color: rgba(255,255,255,0);\" align=\"center\"><table cellpadding=\"0\" cellspacing=\"0\" border=\"0\" style=\"width:600px;\"><tr style=\"background-color: transparent;\"><![endif]-->\n      \n<!--[if (mso)|(IE)]><td align=\"center\" width=\"600\" style=\"width: 600px;padding: 0px;border-top: 0px solid transparent;border-left: 0px solid transparent;border-right: 0px solid transparent;border-bottom: 0px solid transparent;\" valign=\"top\"><![endif]-->\n<div class=\"email-col email-col-100\" style=\"max-width: 320px;min-width: 600px;display: table-cell;vertical-align: top;\">\n  <div style=\"width: 100% !important;\">\n  <!--[if (!mso)&(!IE)]><!--><div style=\"padding: 0px;border-top: 0px solid transparent;border-left: 0px solid transparent;border-right: 0px solid transparent;border-bottom: 0px solid transparent;\"><!--<![endif]-->\n  \n<table id=\"u_content_text_2\" class=\"u_content_text\" style=\"font-family:\'Montserrat\',sans-serif;\" role=\"presentation\" cellpadding=\"0\" cellspacing=\"0\" width=\"100%\" border=\"0\">\n  <tbody>\n    <tr>\n      <td style=\"overflow-wrap:break-word;word-break:break-word;padding:10px;font-family:\'Montserrat\',sans-serif;\" align=\"left\">\n        \n  <div style=\"color: #000; line-height: 120%; text-align: center; word-wrap: break-word;\">\n    <div><span style=\"color: #6fbb7b; font-family: \'comic sans ms\', sans-serif; font-size: 58px; text-align: center; line-height: 69.6px;\">Unsubscribe</span></div>\n  </div>\n\n      </td>\n    </tr>\n  </tbody>\n</table>\n\n<table id=\"u_content_divider_1\" class=\"u_content_divider\" style=\"font-family:\'Montserrat\',sans-serif;\" role=\"presentation\" cellpadding=\"0\" cellspacing=\"0\" width=\"100%\" border=\"0\">\n  <tbody>\n    <tr>\n      <td style=\"overflow-wrap:break-word;word-break:break-word;padding:20px;font-family:\'Montserrat\',sans-serif;\" align=\"left\">\n        \n  <table height=\"0px\" align=\"center\" border=\"0\" cellpadding=\"0\" cellspacing=\"0\" width=\"100%\" style=\"border-collapse: collapse;table-layout: fixed;border-spacing: 0;mso-table-lspace: 0pt;mso-table-rspace: 0pt;vertical-align: top;border-top: 1px solid #CCC;-ms-text-size-adjust: 100%;-webkit-text-size-adjust: 100%\">\n    <tbody>\n      <tr style=\"vertical-align: top\">\n        <td style=\"word-break: break-word;border-collapse: collapse !important;vertical-align: top;font-size: 0px;line-height: 0px;mso-line-height-rule: exactly;-ms-text-size-adjust: 100%;-webkit-text-size-adjust: 100%\">\n          <span>&#160;</span>\n        </td>\n      </tr>\n    </tbody>\n  </table>\n\n      </td>\n    </tr>\n  </tbody>\n</table>\n\n  <!--[if (!mso)&(!IE)]><!--></div><!--<![endif]-->\n  </div>\n</div>\n<!--[if (mso)|(IE)]></td><![endif]-->\n      <!--[if (mso)|(IE)]></tr></table></td></tr></table><![endif]-->\n    </div>\n  </div>\n</div>\n\n\n\n<div class=\"email-row-container\" style=\"padding: 0px;background-color: rgba(255,255,255,0)\">\n  <div style=\"Margin: 0 auto;min-width: 320px;max-width: 600px;overflow-wrap: break-word;word-wrap: break-word;word-break: break-word;background-color: transparent;\" class=\"email-row\">\n    <div style=\"border-collapse: collapse;display: table;width: 100%;background-color: transparent;\">\n      <!--[if (mso)|(IE)]><table width=\"100%\" cellpadding=\"0\" cellspacing=\"0\" border=\"0\"><tr><td style=\"padding: 0px;background-color: rgba(255,255,255,0);\" align=\"center\"><table cellpadding=\"0\" cellspacing=\"0\" border=\"0\" style=\"width:600px;\"><tr style=\"background-color: transparent;\"><![endif]-->\n      \n<!--[if (mso)|(IE)]><td align=\"center\" width=\"600\" style=\"width: 600px;padding: 0px;border-top: 0px solid transparent;border-left: 0px solid transparent;border-right: 0px solid transparent;border-bottom: 0px solid transparent;\" valign=\"top\"><![endif]-->\n<div class=\"email-col email-col-100\" style=\"max-width: 320px;min-width: 600px;display: table-cell;vertical-align: top;\">\n  <div style=\"width: 100% !important;\">\n  <!--[if (!mso)&(!IE)]><!--><div style=\"padding: 0px;border-top: 0px solid transparent;border-left: 0px solid transparent;border-right: 0px solid transparent;border-bottom: 0px solid transparent;\"><!--<![endif]-->\n  \n<table id=\"u_content_text_5\" class=\"u_content_text\" style=\"font-family:\'Montserrat\',sans-serif;\" role=\"presentation\" cellpadding=\"0\" cellspacing=\"0\" width=\"100%\" border=\"0\">\n  <tbody>\n    <tr>\n      <td style=\"overflow-wrap:break-word;word-break:break-word;padding:20px;font-family:\'Montserrat\',sans-serif;\" align=\"left\">\n        \n  <div style=\"color: #000; line-height: 120%; text-align: left; word-wrap: break-word;\">\n    <div><strong><span style=\"font-size: 30px; font-family: Montserrat, sans-serif; color: #2790d2; line-height: 36px;\">Upcoming Events:</span></strong></div>\n  </div>\n\n      </td>\n    </tr>\n  </tbody>\n</table>\n\n  <!--[if (!mso)&(!IE)]><!--></div><!--<![endif]-->\n  </div>\n</div>\n<!--[if (mso)|(IE)]></td><![endif]-->\n      <!--[if (mso)|(IE)]></tr></table></td></tr></table><![endif]-->\n    </div>\n  </div>\n</div>\n\n\n\n<div class=\"email-row-container\" style=\"padding: 10px;background-color: rgba(255,255,255,0)\">\n  <div style=\"Margin: 0 auto;min-width: 320px;max-width: 600px;overflow-wrap: break-word;word-wrap: break-word;word-break: break-word;background-color: transparent;\" class=\"email-row\">\n    <div style=\"border-collapse: collapse;display: table;width: 100%;background-color: transparent;\">\n      <!--[if (mso)|(IE)]><table width=\"100%\" cellpadding=\"0\" cellspacing=\"0\" border=\"0\"><tr><td style=\"padding: 10px;background-color: rgba(255,255,255,0);\" align=\"center\"><table cellpadding=\"0\" cellspacing=\"0\" border=\"0\" style=\"width:600px;\"><tr style=\"background-color: transparent;\"><![endif]-->\n      \n<!--[if (mso)|(IE)]><td align=\"center\" width=\"200\" style=\"width: 200px;padding: 0px;border-top: 0px solid transparent;border-left: 0px solid transparent;border-right: 0px solid transparent;border-bottom: 0px solid transparent;\" valign=\"top\"><![endif]-->\n<div class=\"email-col email-col-33\" style=\"max-width: 320px;min-width: 200px;display: table-cell;vertical-align: top;\">\n  <div style=\"width: 100% !important;\">\n  <!--[if (!mso)&(!IE)]><!--><div style=\"padding: 0px;border-top: 0px solid transparent;border-left: 0px solid transparent;border-right: 0px solid transparent;border-bottom: 0px solid transparent;\"><!--<![endif]-->\n  \n<table id=\"u_content_image_2\" class=\"u_content_image\" style=\"font-family:\'Montserrat\',sans-serif;\" role=\"presentation\" cellpadding=\"0\" cellspacing=\"0\" width=\"100%\" border=\"0\">\n  <tbody>\n    <tr>\n      <td style=\"overflow-wrap:break-word;word-break:break-word;padding:0px;font-family:\'Montserrat\',sans-serif;\" align=\"left\">\n        \n<table width=\"100%\" cellpadding=\"0\" cellspacing=\"0\" border=\"0\">\n  <tr>\n    <td style=\"padding-right: 0px;padding-left: 0px;\" align=\"center\">\n      \n      <img align=\"center\" border=\"0\" src=\"https://a.mailmunch.co/user_data/landing_pages/1500313461528-1.png\" alt=\"Image\" title=\"Image\" style=\"outline: none;text-decoration: none;-ms-interpolation-mode: bicubic;clear: both;display: block !important;border: none;height: auto;float: none;width: 100%;max-width: 200px;\" width=\"200\" class=\"fullwidth\"/>\n      \n    </td>\n  </tr>\n</table>\n\n      </td>\n    </tr>\n  </tbody>\n</table>\n\n  <!--[if (!mso)&(!IE)]><!--></div><!--<![endif]-->\n  </div>\n</div>\n<!--[if (mso)|(IE)]></td><![endif]-->\n<!--[if (mso)|(IE)]><td align=\"center\" width=\"400\" style=\"width: 400px;padding: 0px;border-top: 0px solid transparent;border-left: 0px solid transparent;border-right: 0px solid transparent;border-bottom: 0px solid transparent;\" valign=\"top\"><![endif]-->\n<div class=\"email-col email-col-67\" style=\"max-width: 320px;min-width: 400px;display: table-cell;vertical-align: top;\">\n  <div style=\"width: 100% !important;\">\n  <!--[if (!mso)&(!IE)]><!--><div style=\"padding: 0px;border-top: 0px solid transparent;border-left: 0px solid transparent;border-right: 0px solid transparent;border-bottom: 0px solid transparent;\"><!--<![endif]-->\n  \n<table id=\"u_content_text_6\" class=\"u_content_text\" style=\"font-family:\'Montserrat\',sans-serif;\" role=\"presentation\" cellpadding=\"0\" cellspacing=\"0\" width=\"100%\" border=\"0\">\n  <tbody>\n    <tr>\n      <td style=\"overflow-wrap:break-word;word-break:break-word;padding:10px 15px 8px;font-family:\'Montserrat\',sans-serif;\" align=\"left\">\n        \n  <div style=\"color: #6eba79; line-height: 160%; text-align: left; word-wrap: break-word;\">\n    <div><span style=\"font-size: 20px; line-height: 32px;\">JET SKI RIDE</span></div>\n  </div>\n\n      </td>\n    </tr>\n  </tbody>\n</table>\n\n<table id=\"u_content_text_7\" class=\"u_content_text\" style=\"font-family:\'Montserrat\',sans-serif;\" role=\"presentation\" cellpadding=\"0\" cellspacing=\"0\" width=\"100%\" border=\"0\">\n  <tbody>\n    <tr>\n      <td style=\"overflow-wrap:break-word;word-break:break-word;padding:10px 15px;font-family:\'Montserrat\',sans-serif;\" align=\"left\">\n        \n  <div style=\"color: #4f4f4f; line-height: 150%; text-align: left; word-wrap: break-word;\">\n    <div>Lorem ipsum dolor sit amet, consectetur adipiscing elit, sed do eiusmod tempor incididunt ut labore et dolore magna aliqua. Ut enim ad minim veniam, quis nostrud exercitation.</div>\n  </div>\n\n      </td>\n    </tr>\n  </tbody>\n</table>\n\n<table id=\"u_content_button_1\" class=\"u_content_button\" style=\"font-family:\'Montserrat\',sans-serif;\" role=\"presentation\" cellpadding=\"0\" cellspacing=\"0\" width=\"100%\" border=\"0\">\n  <tbody>\n    <tr>\n      <td style=\"overflow-wrap:break-word;word-break:break-word;padding:5px 15px;font-family:\'Montserrat\',sans-serif;\" align=\"left\">\n        \n<div align=\"left\">\n  <!--[if mso]><table width=\"100%\" cellpadding=\"0\" cellspacing=\"0\" border=\"0\" style=\"border-spacing: 0; border-collapse: collapse; mso-table-lspace:0pt; mso-table-rspace:0pt;font-family:\'Montserrat\',sans-serif;\"><tr><td style=\"font-family:\'Montserrat\',sans-serif;\" align=\"left\"><v:roundrect xmlns:v=\"urn:schemas-microsoft-com:vml\" xmlns:w=\"urn:schemas-microsoft-com:office:word\" href=\"/emm-clicked-email-tracking\" style=\"height:37px; v-text-anchor:middle; width:134px;\" arcsize=\"54%\" stroke=\"f\" fillcolor=\"#fa9302\"><w:anchorlock/><center style=\"color:#FFF;font-family:\'Montserrat\',sans-serif;\"><![endif]-->\n    <a href=\"/emm-clicked-email-tracking\" target=\"_self\" style=\"display: inline-block;font-family:\'Montserrat\',sans-serif;text-decoration: none;-webkit-text-size-adjust: none;text-align: center;color: #FFF; background-color: #fa9302; border-radius: 20px; -webkit-border-radius: 20px; -moz-border-radius: 20px; width: auto; padding: 10px 20px; mso-border-alt: none;\">\n      <span style=\"line-height:120%;\">ORDER NOW<br /></span>\n    </a>\n  <!--[if mso]></center></v:roundrect></td></tr></table><![endif]-->\n</div>\n\n      </td>\n    </tr>\n  </tbody>\n</table>\n\n  <!--[if (!mso)&(!IE)]><!--></div><!--<![endif]-->\n  </div>\n</div>\n<!--[if (mso)|(IE)]></td><![endif]-->\n      <!--[if (mso)|(IE)]></tr></table></td></tr></table><![endif]-->\n    </div>\n  </div>\n</div>\n\n\n\n<div class=\"email-row-container\" style=\"padding: 0px;background-color: rgba(255,255,255,0)\">\n  <div style=\"Margin: 0 auto;min-width: 320px;max-width: 600px;overflow-wrap: break-word;word-wrap: break-word;word-break: break-word;background-color: transparent;\" class=\"email-row\">\n    <div style=\"border-collapse: collapse;display: table;width: 100%;background-color: transparent;\">\n      <!--[if (mso)|(IE)]><table width=\"100%\" cellpadding=\"0\" cellspacing=\"0\" border=\"0\"><tr><td style=\"padding: 0px;background-color: rgba(255,255,255,0);\" align=\"center\"><table cellpadding=\"0\" cellspacing=\"0\" border=\"0\" style=\"width:600px;\"><tr style=\"background-color: transparent;\"><![endif]-->\n      \n<!--[if (mso)|(IE)]><td align=\"center\" width=\"600\" style=\"width: 600px;padding: 0px;border-top: 0px solid transparent;border-left: 0px solid transparent;border-right: 0px solid transparent;border-bottom: 0px solid transparent;\" valign=\"top\"><![endif]-->\n<div class=\"email-col email-col-100\" style=\"max-width: 320px;min-width: 600px;display: table-cell;vertical-align: top;\">\n  <div style=\"width: 100% !important;\">\n  <!--[if (!mso)&(!IE)]><!--><div style=\"padding: 0px;border-top: 0px solid transparent;border-left: 0px solid transparent;border-right: 0px solid transparent;border-bottom: 0px solid transparent;\"><!--<![endif]-->\n  \n<table id=\"u_content_divider_2\" class=\"u_content_divider\" style=\"font-family:\'Montserrat\',sans-serif;\" role=\"presentation\" cellpadding=\"0\" cellspacing=\"0\" width=\"100%\" border=\"0\">\n  <tbody>\n    <tr>\n      <td style=\"overflow-wrap:break-word;word-break:break-word;padding:1px 20px 5px;font-family:\'Montserrat\',sans-serif;\" align=\"left\">\n        \n  <table height=\"0px\" align=\"center\" border=\"0\" cellpadding=\"0\" cellspacing=\"0\" width=\"100%\" style=\"border-collapse: collapse;table-layout: fixed;border-spacing: 0;mso-table-lspace: 0pt;mso-table-rspace: 0pt;vertical-align: top;border-top: 1px solid #CCC;-ms-text-size-adjust: 100%;-webkit-text-size-adjust: 100%\">\n    <tbody>\n      <tr style=\"vertical-align: top\">\n        <td style=\"word-break: break-word;border-collapse: collapse !important;vertical-align: top;font-size: 0px;line-height: 0px;mso-line-height-rule: exactly;-ms-text-size-adjust: 100%;-webkit-text-size-adjust: 100%\">\n          <span>&#160;</span>\n        </td>\n      </tr>\n    </tbody>\n  </table>\n\n      </td>\n    </tr>\n  </tbody>\n</table>\n\n  <!--[if (!mso)&(!IE)]><!--></div><!--<![endif]-->\n  </div>\n</div>\n<!--[if (mso)|(IE)]></td><![endif]-->\n      <!--[if (mso)|(IE)]></tr></table></td></tr></table><![endif]-->\n    </div>\n  </div>\n</div>\n\n\n\n<div class=\"email-row-container\" style=\"padding: 10px;background-color: rgba(255,255,255,0)\">\n  <div style=\"Margin: 0 auto;min-width: 320px;max-width: 600px;overflow-wrap: break-word;word-wrap: break-word;word-break: break-word;background-color: transparent;\" class=\"email-row\">\n    <div style=\"border-collapse: collapse;display: table;width: 100%;background-color: transparent;\">\n      <!--[if (mso)|(IE)]><table width=\"100%\" cellpadding=\"0\" cellspacing=\"0\" border=\"0\"><tr><td style=\"padding: 10px;background-color: rgba(255,255,255,0);\" align=\"center\"><table cellpadding=\"0\" cellspacing=\"0\" border=\"0\" style=\"width:600px;\"><tr style=\"background-color: transparent;\"><![endif]-->\n      \n<!--[if (mso)|(IE)]><td align=\"center\" width=\"400\" style=\"width: 400px;padding: 0px;border-top: 0px solid transparent;border-left: 0px solid transparent;border-right: 0px solid transparent;border-bottom: 0px solid transparent;\" valign=\"top\"><![endif]-->\n<div class=\"email-col email-col-67\" style=\"max-width: 320px;min-width: 400px;display: table-cell;vertical-align: top;\">\n  <div style=\"width: 100% !important;\">\n  <!--[if (!mso)&(!IE)]><!--><div style=\"padding: 0px;border-top: 0px solid transparent;border-left: 0px solid transparent;border-right: 0px solid transparent;border-bottom: 0px solid transparent;\"><!--<![endif]-->\n  \n<table id=\"u_content_text_8\" class=\"u_content_text\" style=\"font-family:\'Montserrat\',sans-serif;\" role=\"presentation\" cellpadding=\"0\" cellspacing=\"0\" width=\"100%\" border=\"0\">\n  <tbody>\n    <tr>\n      <td style=\"overflow-wrap:break-word;word-break:break-word;padding:10px 15px 8px;font-family:\'Montserrat\',sans-serif;\" align=\"left\">\n        \n  <div style=\"color: #6eba79; line-height: 160%; text-align: left; word-wrap: break-word;\">\n    <div><span style=\"font-size: 20px; line-height: 32px;\">BOAT RIDE</span></div>\n  </div>\n\n      </td>\n    </tr>\n  </tbody>\n</table>\n\n<table id=\"u_content_text_9\" class=\"u_content_text\" style=\"font-family:\'Montserrat\',sans-serif;\" role=\"presentation\" cellpadding=\"0\" cellspacing=\"0\" width=\"100%\" border=\"0\">\n  <tbody>\n    <tr>\n      <td style=\"overflow-wrap:break-word;word-break:break-word;padding:10px 15px;font-family:\'Montserrat\',sans-serif;\" align=\"left\">\n        \n  <div style=\"color: #4f4f4f; line-height: 150%; text-align: left; word-wrap: break-word;\">\n    <div>Lorem ipsum dolor sit amet, consectetur adipiscing elit, sed do eiusmod tempor incididunt ut labore et dolore magna aliqua. Ut enim ad minim veniam, quis nostrud exercitation</div>\n  </div>\n\n      </td>\n    </tr>\n  </tbody>\n</table>\n\n<table id=\"u_content_button_2\" class=\"u_content_button\" style=\"font-family:\'Montserrat\',sans-serif;\" role=\"presentation\" cellpadding=\"0\" cellspacing=\"0\" width=\"100%\" border=\"0\">\n  <tbody>\n    <tr>\n      <td style=\"overflow-wrap:break-word;word-break:break-word;padding:5px 15px;font-family:\'Montserrat\',sans-serif;\" align=\"left\">\n        \n<div align=\"left\">\n  <!--[if mso]><table width=\"100%\" cellpadding=\"0\" cellspacing=\"0\" border=\"0\" style=\"border-spacing: 0; border-collapse: collapse; mso-table-lspace:0pt; mso-table-rspace:0pt;font-family:\'Montserrat\',sans-serif;\"><tr><td style=\"font-family:\'Montserrat\',sans-serif;\" align=\"left\"><v:roundrect xmlns:v=\"urn:schemas-microsoft-com:vml\" xmlns:w=\"urn:schemas-microsoft-com:office:word\" href=\"\" style=\"height:36px; v-text-anchor:middle; width:132px;\" arcsize=\"55.5%\" stroke=\"f\" fillcolor=\"#fa9302\"><w:anchorlock/><center style=\"color:#FFF;font-family:\'Montserrat\',sans-serif;\"><![endif]-->\n    <a href=\"\" target=\"_blank\" style=\"display: inline-block;font-family:\'Montserrat\',sans-serif;text-decoration: none;-webkit-text-size-adjust: none;text-align: center;color: #FFF; background-color: #fa9302; border-radius: 20px; -webkit-border-radius: 20px; -moz-border-radius: 20px; width: auto; padding: 10px 20px; mso-border-alt: none;\">\n      <span style=\"line-height:120%;\">ORDER NOW<br /></span>\n    </a>\n  <!--[if mso]></center></v:roundrect></td></tr></table><![endif]-->\n</div>\n\n      </td>\n    </tr>\n  </tbody>\n</table>\n\n  <!--[if (!mso)&(!IE)]><!--></div><!--<![endif]-->\n  </div>\n</div>\n<!--[if (mso)|(IE)]></td><![endif]-->\n<!--[if (mso)|(IE)]><td align=\"center\" width=\"200\" style=\"width: 200px;padding: 0px;border-top: 0px solid transparent;border-left: 0px solid transparent;border-right: 0px solid transparent;border-bottom: 0px solid transparent;\" valign=\"top\"><![endif]-->\n<div class=\"email-col email-col-33\" style=\"max-width: 320px;min-width: 200px;display: table-cell;vertical-align: top;\">\n  <div style=\"width: 100% !important;\">\n  <!--[if (!mso)&(!IE)]><!--><div style=\"padding: 0px;border-top: 0px solid transparent;border-left: 0px solid transparent;border-right: 0px solid transparent;border-bottom: 0px solid transparent;\"><!--<![endif]-->\n  \n<table id=\"u_content_image_3\" class=\"u_content_image\" style=\"font-family:\'Montserrat\',sans-serif;\" role=\"presentation\" cellpadding=\"0\" cellspacing=\"0\" width=\"100%\" border=\"0\">\n  <tbody>\n    <tr>\n      <td style=\"overflow-wrap:break-word;word-break:break-word;padding:0px;font-family:\'Montserrat\',sans-serif;\" align=\"left\">\n        \n<table width=\"100%\" cellpadding=\"0\" cellspacing=\"0\" border=\"0\">\n  <tr>\n    <td style=\"padding-right: 0px;padding-left: 0px;\" align=\"center\">\n      \n      <img align=\"center\" border=\"0\" src=\"https://a.mailmunch.co/user_data/landing_pages/1500313783372-2.png\" alt=\"Image\" title=\"Image\" style=\"outline: none;text-decoration: none;-ms-interpolation-mode: bicubic;clear: both;display: block !important;border: none;height: auto;float: none;width: 100%;max-width: 200px;\" width=\"200\" class=\"fullwidth\"/>\n      \n    </td>\n  </tr>\n</table>\n\n      </td>\n    </tr>\n  </tbody>\n</table>\n\n  <!--[if (!mso)&(!IE)]><!--></div><!--<![endif]-->\n  </div>\n</div>\n<!--[if (mso)|(IE)]></td><![endif]-->\n      <!--[if (mso)|(IE)]></tr></table></td></tr></table><![endif]-->\n    </div>\n  </div>\n</div>\n\n\n\n<div class=\"email-row-container\" style=\"padding: 0px;background-color: rgba(255,255,255,0)\">\n  <div style=\"Margin: 0 auto;min-width: 320px;max-width: 600px;overflow-wrap: break-word;word-wrap: break-word;word-break: break-word;background-color: transparent;\" class=\"email-row\">\n    <div style=\"border-collapse: collapse;display: table;width: 100%;background-color: transparent;\">\n      <!--[if (mso)|(IE)]><table width=\"100%\" cellpadding=\"0\" cellspacing=\"0\" border=\"0\"><tr><td style=\"padding: 0px;background-color: rgba(255,255,255,0);\" align=\"center\"><table cellpadding=\"0\" cellspacing=\"0\" border=\"0\" style=\"width:600px;\"><tr style=\"background-color: transparent;\"><![endif]-->\n      \n<!--[if (mso)|(IE)]><td align=\"center\" width=\"600\" style=\"width: 600px;padding: 0px;border-top: 0px solid transparent;border-left: 0px solid transparent;border-right: 0px solid transparent;border-bottom: 0px solid transparent;\" valign=\"top\"><![endif]-->\n<div class=\"email-col email-col-100\" style=\"max-width: 320px;min-width: 600px;display: table-cell;vertical-align: top;\">\n  <div style=\"width: 100% !important;\">\n  <!--[if (!mso)&(!IE)]><!--><div style=\"padding: 0px;border-top: 0px solid transparent;border-left: 0px solid transparent;border-right: 0px solid transparent;border-bottom: 0px solid transparent;\"><!--<![endif]-->\n  \n<table id=\"u_content_divider_3\" class=\"u_content_divider\" style=\"font-family:\'Montserrat\',sans-serif;\" role=\"presentation\" cellpadding=\"0\" cellspacing=\"0\" width=\"100%\" border=\"0\">\n  <tbody>\n    <tr>\n      <td style=\"overflow-wrap:break-word;word-break:break-word;padding:1px 20px 5px;font-family:\'Montserrat\',sans-serif;\" align=\"left\">\n        \n  <table height=\"0px\" align=\"center\" border=\"0\" cellpadding=\"0\" cellspacing=\"0\" width=\"100%\" style=\"border-collapse: collapse;table-layout: fixed;border-spacing: 0;mso-table-lspace: 0pt;mso-table-rspace: 0pt;vertical-align: top;border-top: 1px solid #CCC;-ms-text-size-adjust: 100%;-webkit-text-size-adjust: 100%\">\n    <tbody>\n      <tr style=\"vertical-align: top\">\n        <td style=\"word-break: break-word;border-collapse: collapse !important;vertical-align: top;font-size: 0px;line-height: 0px;mso-line-height-rule: exactly;-ms-text-size-adjust: 100%;-webkit-text-size-adjust: 100%\">\n          <span>&#160;</span>\n        </td>\n      </tr>\n    </tbody>\n  </table>\n\n      </td>\n    </tr>\n  </tbody>\n</table>\n\n  <!--[if (!mso)&(!IE)]><!--></div><!--<![endif]-->\n  </div>\n</div>\n<!--[if (mso)|(IE)]></td><![endif]-->\n      <!--[if (mso)|(IE)]></tr></table></td></tr></table><![endif]-->\n    </div>\n  </div>\n</div>\n\n\n\n<div class=\"email-row-container\" style=\"padding: 0px;background-color: rgba(255,255,255,0)\">\n  <div style=\"Margin: 0 auto;min-width: 320px;max-width: 600px;overflow-wrap: break-word;word-wrap: break-word;word-break: break-word;background-color: transparent;\" class=\"email-row\">\n    <div style=\"border-collapse: collapse;display: table;width: 100%;background-color: transparent;\">\n      <!--[if (mso)|(IE)]><table width=\"100%\" cellpadding=\"0\" cellspacing=\"0\" border=\"0\"><tr><td style=\"padding: 0px;background-color: rgba(255,255,255,0);\" align=\"center\"><table cellpadding=\"0\" cellspacing=\"0\" border=\"0\" style=\"width:600px;\"><tr style=\"background-color: transparent;\"><![endif]-->\n      \n<!--[if (mso)|(IE)]><td align=\"center\" width=\"600\" style=\"width: 600px;padding: 0px;border-top: 0px solid transparent;border-left: 0px solid transparent;border-right: 0px solid transparent;border-bottom: 0px solid transparent;\" valign=\"top\"><![endif]-->\n<div class=\"email-col email-col-100\" style=\"max-width: 320px;min-width: 600px;display: table-cell;vertical-align: top;\">\n  <div style=\"width: 100% !important;\">\n  <!--[if (!mso)&(!IE)]><!--><div style=\"padding: 0px;border-top: 0px solid transparent;border-left: 0px solid transparent;border-right: 0px solid transparent;border-bottom: 0px solid transparent;\"><!--<![endif]-->\n  \n<table id=\"u_content_divider_4\" class=\"u_content_divider\" style=\"font-family:\'Montserrat\',sans-serif;\" role=\"presentation\" cellpadding=\"0\" cellspacing=\"0\" width=\"100%\" border=\"0\">\n  <tbody>\n    <tr>\n      <td style=\"overflow-wrap:break-word;word-break:break-word;padding:1px 20px 5px;font-family:\'Montserrat\',sans-serif;\" align=\"left\">\n        \n  <table height=\"0px\" align=\"center\" border=\"0\" cellpadding=\"0\" cellspacing=\"0\" width=\"100%\" style=\"border-collapse: collapse;table-layout: fixed;border-spacing: 0;mso-table-lspace: 0pt;mso-table-rspace: 0pt;vertical-align: top;border-top: 1px solid #CCC;-ms-text-size-adjust: 100%;-webkit-text-size-adjust: 100%\">\n    <tbody>\n      <tr style=\"vertical-align: top\">\n        <td style=\"word-break: break-word;border-collapse: collapse !important;vertical-align: top;font-size: 0px;line-height: 0px;mso-line-height-rule: exactly;-ms-text-size-adjust: 100%;-webkit-text-size-adjust: 100%\">\n          <span>&#160;</span>\n        </td>\n      </tr>\n    </tbody>\n  </table>\n\n      </td>\n    </tr>\n  </tbody>\n</table>\n\n  <!--[if (!mso)&(!IE)]><!--></div><!--<![endif]-->\n  </div>\n</div>\n<!--[if (mso)|(IE)]></td><![endif]-->\n      <!--[if (mso)|(IE)]></tr></table></td></tr></table><![endif]-->\n    </div>\n  </div>\n</div>\n\n\n\n<div class=\"email-row-container\" style=\"padding: 10px;background-color: rgba(255,255,255,0)\">\n  <div style=\"Margin: 0 auto;min-width: 320px;max-width: 600px;overflow-wrap: break-word;word-wrap: break-word;word-break: break-word;background-color: transparent;\" class=\"email-row\">\n    <div style=\"border-collapse: collapse;display: table;width: 100%;background-color: transparent;\">\n      <!--[if (mso)|(IE)]><table width=\"100%\" cellpadding=\"0\" cellspacing=\"0\" border=\"0\"><tr><td style=\"padding: 10px;background-color: rgba(255,255,255,0);\" align=\"center\"><table cellpadding=\"0\" cellspacing=\"0\" border=\"0\" style=\"width:600px;\"><tr style=\"background-color: transparent;\"><![endif]-->\n      \n<!--[if (mso)|(IE)]><td align=\"center\" width=\"600\" style=\"width: 600px;padding: 0px;border-top: 0px solid transparent;border-left: 0px solid transparent;border-right: 0px solid transparent;border-bottom: 0px solid transparent;\" valign=\"top\"><![endif]-->\n<div class=\"email-col email-col-100\" style=\"max-width: 320px;min-width: 600px;display: table-cell;vertical-align: top;\">\n  <div style=\"width: 100% !important;\">\n  <!--[if (!mso)&(!IE)]><!--><div style=\"padding: 0px;border-top: 0px solid transparent;border-left: 0px solid transparent;border-right: 0px solid transparent;border-bottom: 0px solid transparent;\"><!--<![endif]-->\n  \n<table id=\"u_content_text_12\" class=\"u_content_text\" style=\"font-family:\'Montserrat\',sans-serif;\" role=\"presentation\" cellpadding=\"0\" cellspacing=\"0\" width=\"100%\" border=\"0\">\n  <tbody>\n    <tr>\n      <td style=\"overflow-wrap:break-word;word-break:break-word;padding:15px;font-family:\'Montserrat\',sans-serif;\" align=\"left\">\n        \n  <div style=\"color: #fa9302; line-height: 130%; text-align: center; word-wrap: break-word;\">\n    <div><span style=\"font-size: 36px; line-height: 46.8px;\">NEED MORE INFORMATION?</span></div>\n  </div>\n\n      </td>\n    </tr>\n  </tbody>\n</table>\n\n<table id=\"u_content_text_13\" class=\"u_content_text\" style=\"font-family:\'Montserrat\',sans-serif;\" role=\"presentation\" cellpadding=\"0\" cellspacing=\"0\" width=\"100%\" border=\"0\">\n  <tbody>\n    <tr>\n      <td style=\"overflow-wrap:break-word;word-break:break-word;padding:10px;font-family:\'Montserrat\',sans-serif;\" align=\"left\">\n        \n  <div style=\"color: #4f4f4f; line-height: 120%; text-align: center; word-wrap: break-word;\">\n    <div><span style=\"font-size: 20px; line-height: 24px;\">Subscribe to get updates.</span></div>\n  </div>\n\n      </td>\n    </tr>\n  </tbody>\n</table>\n\n<table id=\"u_content_button_4\" class=\"u_content_button\" style=\"font-family:\'Montserrat\',sans-serif;\" role=\"presentation\" cellpadding=\"0\" cellspacing=\"0\" width=\"100%\" border=\"0\">\n  <tbody>\n    <tr>\n      <td style=\"overflow-wrap:break-word;word-break:break-word;padding:20px;font-family:\'Montserrat\',sans-serif;\" align=\"left\">\n        \n<div align=\"center\">\n  <!--[if mso]><table width=\"100%\" cellpadding=\"0\" cellspacing=\"0\" border=\"0\" style=\"border-spacing: 0; border-collapse: collapse; mso-table-lspace:0pt; mso-table-rspace:0pt;font-family:\'Montserrat\',sans-serif;\"><tr><td style=\"font-family:\'Montserrat\',sans-serif;\" align=\"center\"><v:roundrect xmlns:v=\"urn:schemas-microsoft-com:vml\" xmlns:w=\"urn:schemas-microsoft-com:office:word\" href=\"\" style=\"height:52px; v-text-anchor:middle; width:214px;\" arcsize=\"71%\" stroke=\"f\" fillcolor=\"#6eba79\"><w:anchorlock/><center style=\"color:#FFF;font-family:\'Montserrat\',sans-serif;\"><![endif]-->\n    <a href=\"\" target=\"_blank\" style=\"display: inline-block;font-family:\'Montserrat\',sans-serif;text-decoration: none;-webkit-text-size-adjust: none;text-align: center;color: #FFF; background-color: #6eba79; border-radius: 37px; -webkit-border-radius: 37px; -moz-border-radius: 37px; width: auto; padding: 10px 20px; mso-border-alt: none;\">\n      <span style=\"line-height:160%;\"><span style=\"font-size: 20px; line-height: 32px;\">SUBSCRIBE NOW</span></span>\n    </a>\n  <!--[if mso]></center></v:roundrect></td></tr></table><![endif]-->\n</div>\n\n      </td>\n    </tr>\n  </tbody>\n</table>\n\n  <!--[if (!mso)&(!IE)]><!--></div><!--<![endif]-->\n  </div>\n</div>\n<!--[if (mso)|(IE)]></td><![endif]-->\n      <!--[if (mso)|(IE)]></tr></table></td></tr></table><![endif]-->\n    </div>\n  </div>\n</div>\n\n\n\n<div class=\"email-row-container\" style=\"padding: 30px;background-color: #f0f0f0\">\n  <div style=\"Margin: 0 auto;min-width: 320px;max-width: 600px;overflow-wrap: break-word;word-wrap: break-word;word-break: break-word;background-color: transparent;\" class=\"email-row\">\n    <div style=\"border-collapse: collapse;display: table;width: 100%;background-color: transparent;\">\n      <!--[if (mso)|(IE)]><table width=\"100%\" cellpadding=\"0\" cellspacing=\"0\" border=\"0\"><tr><td style=\"padding: 30px;background-color: #f0f0f0;\" align=\"center\"><table cellpadding=\"0\" cellspacing=\"0\" border=\"0\" style=\"width:600px;\"><tr style=\"background-color: transparent;\"><![endif]-->\n      \n<!--[if (mso)|(IE)]><td align=\"center\" width=\"600\" style=\"width: 600px;padding: 0px;border-top: 0px solid transparent;border-left: 0px solid transparent;border-right: 0px solid transparent;border-bottom: 0px solid transparent;\" valign=\"top\"><![endif]-->\n<div class=\"email-col email-col-100\" style=\"max-width: 320px;min-width: 600px;display: table-cell;vertical-align: top;\">\n  <div style=\"width: 100% !important;\">\n  <!--[if (!mso)&(!IE)]><!--><div style=\"padding: 0px;border-top: 0px solid transparent;border-left: 0px solid transparent;border-right: 0px solid transparent;border-bottom: 0px solid transparent;\"><!--<![endif]-->\n  \n<table id=\"u_content_text_14\" class=\"u_content_text\" style=\"font-family:\'Montserrat\',sans-serif;\" role=\"presentation\" cellpadding=\"0\" cellspacing=\"0\" width=\"100%\" border=\"0\">\n  <tbody>\n    <tr>\n      <td style=\"overflow-wrap:break-word;word-break:break-word;padding:20px;font-family:\'Montserrat\',sans-serif;\" align=\"left\">\n        \n  <div style=\"color: #000; line-height: 120%; text-align: left; word-wrap: break-word;\">\n    <div style=\"font-family: arial, helvetica, sans-serif;\"><span style=\"font-size: 12px; color: #999999; line-height: 14.4px;\">You received this email because you signed up for .</span></div>\n<div style=\"font-family: arial, helvetica, sans-serif;\">&nbsp;</div>\n<div style=\"font-family: arial, helvetica, sans-serif;\"><span style=\"font-size: 12px; color: #999999; line-height: 14.4px;\"></span></div>\n  </div>\n\n      </td>\n    </tr>\n  </tbody>\n</table>\n\n<table id=\"u_content_html_2\" class=\"u_content_html\" style=\"font-family:\'Montserrat\',sans-serif;\" role=\"presentation\" cellpadding=\"0\" cellspacing=\"0\" width=\"100%\" border=\"0\">\n  <tbody>\n    <tr>\n      <td style=\"overflow-wrap:break-word;word-break:break-word;padding:0px;font-family:\'Montserrat\',sans-serif;\" align=\"left\">\n        \n  <div>\n    <span style=\"\n             font-size: 10px;\n             \">\n  Do not want to get any updates from us?\n  <a href=\"/emm-unsubscribe\">Unsubscribe me</a> now!\n</span>\n  </div>\n\n      </td>\n    </tr>\n  </tbody>\n</table>\n\n  <!--[if (!mso)&(!IE)]><!--></div><!--<![endif]-->\n  </div>\n</div>\n<!--[if (mso)|(IE)]></td><![endif]-->\n      <!--[if (mso)|(IE)]></tr></table></td></tr></table><![endif]-->\n    </div>\n  </div>\n</div>\n\n\n    <!--[if (mso)|(IE)]></td></tr></table><![endif]-->\n    </td>\n  </tr>\n  </tbody>\n  </table>\n  <!--[if (mso)|(IE)]></div><![endif]-->\n</body>\n\n</html>\n','{\"counters\":{\"u_content_image\":4,\"u_content_text\":14,\"u_content_divider\":4,\"u_content_button\":4,\"u_column\":14,\"u_row\":11,\"u_content_html\":2},\"body\":{\"rows\":[{\"cells\":[1],\"columns\":[{\"contents\":[{\"type\":\"html\",\"values\":{\"containerPadding\":\"10px\",\"_meta\":{\"htmlID\":\"u_content_html_1\",\"htmlClassNames\":\"u_content_html\"},\"selectable\":true,\"draggable\":true,\"deletable\":true,\"html\":\"<img id=\\\"emm-opened-email-tracking\\\" src=\\\"/\\\" style=\\\"display:none\\\"/>\"}},{\"type\":\"image\",\"values\":{\"containerPadding\":\"10px 10px 20px\",\"_meta\":{\"htmlID\":\"u_content_image_1\",\"htmlClassNames\":\"u_content_image\"},\"selectable\":true,\"draggable\":true,\"deletable\":true,\"src\":{\"url\":\"https://upload.wikimedia.org/wikipedia/vi/1/1d/Logo_%C4%90%E1%BA%A1i_h%E1%BB%8Dc_FPT.png\",\"width\":1200,\"height\":660},\"fullWidth\":false,\"textAlign\":\"center\",\"maxWidth\":\"100%\",\"altText\":\"Image\",\"action\":{\"url\":\"\",\"target\":\"\"}}}],\"values\":{\"_meta\":{\"htmlID\":\"u_column_1\",\"htmlClassNames\":\"u_column\"}}}],\"values\":{\"columns\":false,\"backgroundColor\":\"rgba(255,255,255,0)\",\"columnsBackgroundColor\":\"rgba(255,255,255,0)\",\"backgroundImage\":{\"url\":\"\",\"fullWidth\":true,\"repeat\":false,\"center\":false,\"cover\":false},\"padding\":\"10px\",\"hideDesktop\":false,\"hideMobile\":false,\"noStackMobile\":false,\"_meta\":{\"htmlID\":\"u_row_1\",\"htmlClassNames\":\"u_row\"},\"selectable\":true,\"draggable\":true,\"deletable\":true}},{\"cells\":[1],\"columns\":[{\"contents\":[{\"type\":\"text\",\"values\":{\"containerPadding\":\"10px\",\"_meta\":{\"htmlID\":\"u_content_text_2\",\"htmlClassNames\":\"u_content_text\"},\"selectable\":true,\"draggable\":true,\"deletable\":true,\"color\":\"#000\",\"textAlign\":\"center\",\"lineHeight\":\"120%\",\"linkStyle\":{\"inherit\":true,\"linkColor\":\"#0000ee\",\"linkHoverColor\":\"#0000ee\",\"linkUnderline\":true,\"linkHoverUnderline\":true},\"text\":\"<div><span style=\\\"color: #6fbb7b; font-family: \'comic sans ms\', sans-serif; font-size: 58px; text-align: center; line-height: 69.6px;\\\">Unsubscribe</span></div>\"}},{\"type\":\"divider\",\"values\":{\"containerPadding\":\"20px\",\"_meta\":{\"htmlID\":\"u_content_divider_1\",\"htmlClassNames\":\"u_content_divider\"},\"selectable\":true,\"draggable\":true,\"deletable\":true,\"width\":\"100%\",\"border\":{\"borderTopWidth\":\"1px\",\"borderTopStyle\":\"solid\",\"borderTopColor\":\"#CCC\"},\"textAlign\":\"center\"}}],\"values\":{\"_meta\":{\"htmlID\":\"u_column_2\",\"htmlClassNames\":\"u_column\"}}}],\"values\":{\"columns\":false,\"backgroundColor\":\"rgba(255,255,255,0)\",\"columnsBackgroundColor\":\"rgba(255,255,255,0)\",\"backgroundImage\":{\"url\":\"\",\"fullWidth\":true,\"repeat\":false,\"center\":false,\"cover\":false},\"padding\":\"10px\",\"hideDesktop\":false,\"hideMobile\":false,\"noStackMobile\":false,\"_meta\":{\"htmlID\":\"u_row_2\",\"htmlClassNames\":\"u_row\"},\"selectable\":true,\"draggable\":true,\"deletable\":true}},{\"cells\":[1],\"columns\":[{\"contents\":[{\"type\":\"text\",\"values\":{\"containerPadding\":\"20px\",\"_meta\":{\"htmlID\":\"u_content_text_5\",\"htmlClassNames\":\"u_content_text\"},\"selectable\":true,\"draggable\":true,\"deletable\":true,\"color\":\"#000\",\"textAlign\":\"left\",\"lineHeight\":\"120%\",\"linkStyle\":{\"inherit\":true,\"linkColor\":\"#0000ee\",\"linkHoverColor\":\"#0000ee\",\"linkUnderline\":true,\"linkHoverUnderline\":true},\"text\":\"<div><strong><span style=\\\"font-size: 30px; font-family: Montserrat, sans-serif; color: #2790d2; line-height: 36px;\\\">Upcoming Events:</span></strong></div>\"}}],\"values\":{\"_meta\":{\"htmlID\":\"u_column_3\",\"htmlClassNames\":\"u_column\"}}}],\"values\":{\"columns\":false,\"backgroundColor\":\"rgba(255,255,255,0)\",\"columnsBackgroundColor\":\"rgba(255,255,255,0)\",\"backgroundImage\":{\"url\":\"\",\"fullWidth\":true,\"repeat\":false,\"center\":false,\"cover\":false},\"padding\":\"0px\",\"hideDesktop\":false,\"hideMobile\":false,\"noStackMobile\":false,\"_meta\":{\"htmlID\":\"u_row_3\",\"htmlClassNames\":\"u_row\"},\"selectable\":true,\"draggable\":true,\"deletable\":true}},{\"cells\":[1,2],\"columns\":[{\"contents\":[{\"type\":\"image\",\"values\":{\"containerPadding\":\"0px\",\"_meta\":{\"htmlID\":\"u_content_image_2\",\"htmlClassNames\":\"u_content_image\"},\"selectable\":true,\"draggable\":true,\"deletable\":true,\"src\":{\"url\":\"https://a.mailmunch.co/user_data/landing_pages/1500313461528-1.png\",\"width\":500,\"height\":500},\"fullWidth\":true,\"textAlign\":\"center\",\"maxWidth\":\"100%\",\"altText\":\"Image\",\"action\":{\"url\":\"\",\"target\":\"\"}}}],\"values\":{\"_meta\":{\"htmlID\":\"u_column_4\",\"htmlClassNames\":\"u_column\"}}},{\"contents\":[{\"type\":\"text\",\"values\":{\"containerPadding\":\"10px 15px 8px\",\"_meta\":{\"htmlID\":\"u_content_text_6\",\"htmlClassNames\":\"u_content_text\"},\"selectable\":true,\"draggable\":true,\"deletable\":true,\"color\":\"#6eba79\",\"textAlign\":\"left\",\"lineHeight\":\"160%\",\"linkStyle\":{\"inherit\":true,\"linkColor\":\"#0000ee\",\"linkHoverColor\":\"#0000ee\",\"linkUnderline\":true,\"linkHoverUnderline\":true},\"text\":\"<div><span style=\\\"font-size: 20px; line-height: 32px;\\\">JET SKI RIDE</span></div>\"}},{\"type\":\"text\",\"values\":{\"containerPadding\":\"10px 15px\",\"_meta\":{\"htmlID\":\"u_content_text_7\",\"htmlClassNames\":\"u_content_text\"},\"selectable\":true,\"draggable\":true,\"deletable\":true,\"color\":\"#4f4f4f\",\"textAlign\":\"left\",\"lineHeight\":\"150%\",\"linkStyle\":{\"inherit\":true,\"linkColor\":\"#0000ee\",\"linkHoverColor\":\"#0000ee\",\"linkUnderline\":true,\"linkHoverUnderline\":true},\"text\":\"<div>Lorem ipsum dolor sit amet, consectetur adipiscing elit, sed do eiusmod tempor incididunt ut labore et dolore magna aliqua. Ut enim ad minim veniam, quis nostrud exercitation.</div>\"}},{\"type\":\"button\",\"values\":{\"containerPadding\":\"5px 15px\",\"_meta\":{\"htmlID\":\"u_content_button_1\",\"htmlClassNames\":\"u_content_button\"},\"selectable\":true,\"draggable\":true,\"deletable\":true,\"href\":{\"url\":\"/emm-clicked-email-tracking\",\"target\":\"_self\"},\"buttonColors\":{\"color\":\"#FFF\",\"backgroundColor\":\"#fa9302\",\"hoverColor\":\"#cf7a04\",\"hoverBackgroundColor\":\"#3AAEE0\"},\"textAlign\":\"left\",\"lineHeight\":\"120%\",\"border\":{},\"borderRadius\":\"20px\",\"padding\":\"10px 20px\",\"calculatedHeight\":37,\"calculatedWidth\":134,\"text\":\"ORDER NOW<br />\"}}],\"values\":{\"_meta\":{\"htmlID\":\"u_column_5\",\"htmlClassNames\":\"u_column\"}}}],\"values\":{\"columns\":false,\"backgroundColor\":\"rgba(255,255,255,0)\",\"columnsBackgroundColor\":\"rgba(255,255,255,0)\",\"backgroundImage\":{\"url\":\"\",\"fullWidth\":true,\"repeat\":false,\"center\":false,\"cover\":false},\"padding\":\"10px\",\"hideDesktop\":false,\"hideMobile\":false,\"noStackMobile\":false,\"_meta\":{\"htmlID\":\"u_row_4\",\"htmlClassNames\":\"u_row\"},\"selectable\":true,\"draggable\":true,\"deletable\":true}},{\"cells\":[1],\"columns\":[{\"contents\":[{\"type\":\"divider\",\"values\":{\"containerPadding\":\"1px 20px 5px\",\"_meta\":{\"htmlID\":\"u_content_divider_2\",\"htmlClassNames\":\"u_content_divider\"},\"selectable\":true,\"draggable\":true,\"deletable\":true,\"width\":\"100%\",\"border\":{\"borderTopWidth\":\"1px\",\"borderTopStyle\":\"solid\",\"borderTopColor\":\"#CCC\"},\"textAlign\":\"center\"}}],\"values\":{\"_meta\":{\"htmlID\":\"u_column_6\",\"htmlClassNames\":\"u_column\"}}}],\"values\":{\"columns\":false,\"backgroundColor\":\"rgba(255,255,255,0)\",\"columnsBackgroundColor\":\"rgba(255,255,255,0)\",\"backgroundImage\":{\"url\":\"\",\"fullWidth\":true,\"repeat\":false,\"center\":false,\"cover\":false},\"padding\":\"0px\",\"hideDesktop\":false,\"hideMobile\":false,\"noStackMobile\":false,\"_meta\":{\"htmlID\":\"u_row_5\",\"htmlClassNames\":\"u_row\"},\"selectable\":true,\"draggable\":true,\"deletable\":true}},{\"cells\":[2,1],\"columns\":[{\"contents\":[{\"type\":\"text\",\"values\":{\"containerPadding\":\"10px 15px 8px\",\"_meta\":{\"htmlID\":\"u_content_text_8\",\"htmlClassNames\":\"u_content_text\"},\"selectable\":true,\"draggable\":true,\"deletable\":true,\"color\":\"#6eba79\",\"textAlign\":\"left\",\"lineHeight\":\"160%\",\"linkStyle\":{\"inherit\":true,\"linkColor\":\"#0000ee\",\"linkHoverColor\":\"#0000ee\",\"linkUnderline\":true,\"linkHoverUnderline\":true},\"text\":\"<div><span style=\\\"font-size: 20px; line-height: 32px;\\\">BOAT RIDE</span></div>\"}},{\"type\":\"text\",\"values\":{\"containerPadding\":\"10px 15px\",\"_meta\":{\"htmlID\":\"u_content_text_9\",\"htmlClassNames\":\"u_content_text\"},\"selectable\":true,\"draggable\":true,\"deletable\":true,\"color\":\"#4f4f4f\",\"textAlign\":\"left\",\"lineHeight\":\"150%\",\"linkStyle\":{\"inherit\":true,\"linkColor\":\"#0000ee\",\"linkHoverColor\":\"#0000ee\",\"linkUnderline\":true,\"linkHoverUnderline\":true},\"text\":\"<div>Lorem ipsum dolor sit amet, consectetur adipiscing elit, sed do eiusmod tempor incididunt ut labore et dolore magna aliqua. Ut enim ad minim veniam, quis nostrud exercitation</div>\"}},{\"type\":\"button\",\"values\":{\"containerPadding\":\"5px 15px\",\"_meta\":{\"htmlID\":\"u_content_button_2\",\"htmlClassNames\":\"u_content_button\"},\"selectable\":true,\"draggable\":true,\"deletable\":true,\"href\":\"\",\"buttonColors\":{\"color\":\"#FFF\",\"backgroundColor\":\"#fa9302\",\"hoverColor\":\"#cf7a04\",\"hoverBackgroundColor\":\"#3AAEE0\"},\"textAlign\":\"left\",\"lineHeight\":\"120%\",\"border\":{},\"borderRadius\":\"20px\",\"padding\":\"10px 20px\",\"calculatedHeight\":36,\"calculatedWidth\":132,\"text\":\"ORDER NOW<br />\"}}],\"values\":{\"_meta\":{\"htmlID\":\"u_column_7\",\"htmlClassNames\":\"u_column\"}}},{\"contents\":[{\"type\":\"image\",\"values\":{\"containerPadding\":\"0px\",\"_meta\":{\"htmlID\":\"u_content_image_3\",\"htmlClassNames\":\"u_content_image\"},\"selectable\":true,\"draggable\":true,\"deletable\":true,\"src\":{\"url\":\"https://a.mailmunch.co/user_data/landing_pages/1500313783372-2.png\",\"width\":500,\"height\":500},\"fullWidth\":true,\"textAlign\":\"center\",\"maxWidth\":\"100%\",\"altText\":\"Image\",\"action\":{\"url\":\"\",\"target\":\"\"}}}],\"values\":{\"_meta\":{\"htmlID\":\"u_column_8\",\"htmlClassNames\":\"u_column\"}}}],\"values\":{\"columns\":false,\"backgroundColor\":\"rgba(255,255,255,0)\",\"columnsBackgroundColor\":\"rgba(255,255,255,0)\",\"backgroundImage\":{\"url\":\"\",\"fullWidth\":true,\"repeat\":false,\"center\":false,\"cover\":false},\"padding\":\"10px\",\"hideDesktop\":false,\"hideMobile\":false,\"noStackMobile\":false,\"_meta\":{\"htmlID\":\"u_row_6\",\"htmlClassNames\":\"u_row\"},\"selectable\":true,\"draggable\":true,\"deletable\":true}},{\"cells\":[1],\"columns\":[{\"contents\":[{\"type\":\"divider\",\"values\":{\"containerPadding\":\"1px 20px 5px\",\"_meta\":{\"htmlID\":\"u_content_divider_3\",\"htmlClassNames\":\"u_content_divider\"},\"selectable\":true,\"draggable\":true,\"deletable\":true,\"width\":\"100%\",\"border\":{\"borderTopWidth\":\"1px\",\"borderTopStyle\":\"solid\",\"borderTopColor\":\"#CCC\"},\"textAlign\":\"center\"}}],\"values\":{\"_meta\":{\"htmlID\":\"u_column_9\",\"htmlClassNames\":\"u_column\"}}}],\"values\":{\"columns\":false,\"backgroundColor\":\"rgba(255,255,255,0)\",\"columnsBackgroundColor\":\"rgba(255,255,255,0)\",\"backgroundImage\":{\"url\":\"\",\"fullWidth\":true,\"repeat\":false,\"center\":false,\"cover\":false},\"padding\":\"0px\",\"hideDesktop\":false,\"hideMobile\":false,\"noStackMobile\":false,\"_meta\":{\"htmlID\":\"u_row_7\",\"htmlClassNames\":\"u_row\"},\"selectable\":true,\"draggable\":true,\"deletable\":true}},{\"cells\":[1],\"columns\":[{\"contents\":[{\"type\":\"divider\",\"values\":{\"containerPadding\":\"1px 20px 5px\",\"_meta\":{\"htmlID\":\"u_content_divider_4\",\"htmlClassNames\":\"u_content_divider\"},\"selectable\":true,\"draggable\":true,\"deletable\":true,\"width\":\"100%\",\"border\":{\"borderTopWidth\":\"1px\",\"borderTopStyle\":\"solid\",\"borderTopColor\":\"#CCC\"},\"textAlign\":\"center\"}}],\"values\":{\"_meta\":{\"htmlID\":\"u_column_12\",\"htmlClassNames\":\"u_column\"}}}],\"values\":{\"columns\":false,\"backgroundColor\":\"rgba(255,255,255,0)\",\"columnsBackgroundColor\":\"rgba(255,255,255,0)\",\"backgroundImage\":{\"url\":\"\",\"fullWidth\":true,\"repeat\":false,\"center\":false,\"cover\":false},\"padding\":\"0px\",\"hideDesktop\":false,\"hideMobile\":false,\"noStackMobile\":false,\"_meta\":{\"htmlID\":\"u_row_9\",\"htmlClassNames\":\"u_row\"},\"selectable\":true,\"draggable\":true,\"deletable\":true}},{\"cells\":[1],\"columns\":[{\"contents\":[{\"type\":\"text\",\"values\":{\"containerPadding\":\"15px\",\"_meta\":{\"htmlID\":\"u_content_text_12\",\"htmlClassNames\":\"u_content_text\"},\"selectable\":true,\"draggable\":true,\"deletable\":true,\"color\":\"#fa9302\",\"textAlign\":\"center\",\"lineHeight\":\"130%\",\"linkStyle\":{\"inherit\":true,\"linkColor\":\"#0000ee\",\"linkHoverColor\":\"#0000ee\",\"linkUnderline\":true,\"linkHoverUnderline\":true},\"text\":\"<div><span style=\\\"font-size: 36px; line-height: 46.8px;\\\">NEED MORE INFORMATION?</span></div>\"}},{\"type\":\"text\",\"values\":{\"containerPadding\":\"10px\",\"_meta\":{\"htmlID\":\"u_content_text_13\",\"htmlClassNames\":\"u_content_text\"},\"selectable\":true,\"draggable\":true,\"deletable\":true,\"color\":\"#4f4f4f\",\"textAlign\":\"center\",\"lineHeight\":\"120%\",\"linkStyle\":{\"inherit\":true,\"linkColor\":\"#0000ee\",\"linkHoverColor\":\"#0000ee\",\"linkUnderline\":true,\"linkHoverUnderline\":true},\"text\":\"<div><span style=\\\"font-size: 20px; line-height: 24px;\\\">Subscribe to get updates.</span></div>\"}},{\"type\":\"button\",\"values\":{\"containerPadding\":\"20px\",\"_meta\":{\"htmlID\":\"u_content_button_4\",\"htmlClassNames\":\"u_content_button\"},\"selectable\":true,\"draggable\":true,\"deletable\":true,\"href\":\"\",\"buttonColors\":{\"color\":\"#FFF\",\"backgroundColor\":\"#6eba79\",\"hoverColor\":\"#58a864\",\"hoverBackgroundColor\":\"#3AAEE0\"},\"textAlign\":\"center\",\"lineHeight\":\"160%\",\"border\":{},\"borderRadius\":\"37px\",\"padding\":\"10px 20px\",\"calculatedHeight\":52,\"calculatedWidth\":214,\"text\":\"<span style=\\\"font-size: 20px; line-height: 32px;\\\">SUBSCRIBE NOW</span>\"}}],\"values\":{\"_meta\":{\"htmlID\":\"u_column_13\",\"htmlClassNames\":\"u_column\"}}}],\"values\":{\"columns\":false,\"backgroundColor\":\"rgba(255,255,255,0)\",\"columnsBackgroundColor\":\"rgba(255,255,255,0)\",\"backgroundImage\":{\"url\":\"\",\"fullWidth\":true,\"repeat\":false,\"center\":false,\"cover\":false},\"padding\":\"10px\",\"hideDesktop\":false,\"hideMobile\":false,\"noStackMobile\":false,\"_meta\":{\"htmlID\":\"u_row_10\",\"htmlClassNames\":\"u_row\"},\"selectable\":true,\"draggable\":true,\"deletable\":true}},{\"cells\":[1],\"columns\":[{\"contents\":[{\"type\":\"text\",\"values\":{\"containerPadding\":\"20px\",\"_meta\":{\"htmlID\":\"u_content_text_14\",\"htmlClassNames\":\"u_content_text\"},\"selectable\":false,\"draggable\":false,\"deletable\":false,\"color\":\"#000\",\"textAlign\":\"left\",\"lineHeight\":\"120%\",\"linkStyle\":{\"inherit\":true,\"linkColor\":\"#0000ee\",\"linkHoverColor\":\"#0000ee\",\"linkUnderline\":true,\"linkHoverUnderline\":true},\"text\":\"<div style=\\\"font-family: arial, helvetica, sans-serif;\\\"><span style=\\\"font-size: 12px; color: #999999; line-height: 14.4px;\\\">You received this email because you signed up for .</span></div>\\n<div style=\\\"font-family: arial, helvetica, sans-serif;\\\">&nbsp;</div>\\n<div style=\\\"font-family: arial, helvetica, sans-serif;\\\"><span style=\\\"font-size: 12px; color: #999999; line-height: 14.4px;\\\"></span></div>\"}},{\"type\":\"html\",\"values\":{\"containerPadding\":\"0px\",\"_meta\":{\"htmlID\":\"u_content_html_2\",\"htmlClassNames\":\"u_content_html\"},\"selectable\":true,\"draggable\":true,\"deletable\":true,\"html\":\"<span style=\\\"\\n             font-size: 10px;\\n             \\\">\\n  Do not want to get any updates from us?\\n  <a href=\\\"/emm-unsubscribe\\\">Unsubscribe me</a> now!\\n</span>\"}}],\"values\":{\"_meta\":{\"htmlID\":\"u_column_14\",\"htmlClassNames\":\"u_column\"}}}],\"values\":{\"columns\":false,\"backgroundColor\":\"#f0f0f0\",\"columnsBackgroundColor\":\"rgba(255,255,255,0)\",\"backgroundImage\":{\"url\":\"\",\"fullWidth\":true,\"repeat\":false,\"center\":false,\"cover\":false},\"padding\":\"30px\",\"hideDesktop\":false,\"hideMobile\":false,\"noStackMobile\":false,\"_meta\":{\"htmlID\":\"u_row_11\",\"htmlClassNames\":\"u_row\"},\"selectable\":false,\"draggable\":false,\"deletable\":false}}],\"values\":{\"backgroundColor\":\"#ffffff\",\"backgroundImage\":{\"url\":\"\",\"fullWidth\":true,\"repeat\":false,\"center\":true,\"cover\":false},\"contentWidth\":\"600px\",\"fontFamily\":{\"label\":\"Montserrat\",\"value\":\"\'Montserrat\',sans-serif\",\"type\":\"google\",\"weights\":\"400,700\"},\"linkStyle\":{\"body\":true,\"linkColor\":\"#0000ee\",\"linkHoverColor\":\"#0000ee\",\"linkUnderline\":true,\"linkHoverUnderline\":true},\"_meta\":{\"htmlID\":\"u_body\",\"htmlClassNames\":\"u_body\"}}}}');
/*!40000 ALTER TABLE `EmailTemplate` ENABLE KEYS */;
UNLOCK TABLES;

--
-- Table structure for table `Email_Subscriber`
--

DROP TABLE IF EXISTS `Email_Subscriber`;
/*!40101 SET @saved_cs_client     = @@character_set_client */;
/*!50503 SET character_set_client = utf8mb4 */;
CREATE TABLE `Email_Subscriber` (
  `subscriber_id` char(36) NOT NULL,
  `email_id` char(36) NOT NULL,
  `has_opened_email` tinyint(1) NOT NULL DEFAULT '0',
  `has_clicked_url` tinyint(1) NOT NULL DEFAULT '0',
  `is_bounced` tinyint(1) NOT NULL DEFAULT '0',
  `is_sent` tinyint(1) NOT NULL DEFAULT '0',
  `is_tracking_click` tinyint(1) NOT NULL DEFAULT '0',
  `is_tracking_open` tinyint(1) NOT NULL DEFAULT '0',
  PRIMARY KEY (`subscriber_id`,`email_id`),
  KEY `FK_Email_Audience_EmailID` (`email_id`),
  KEY `FK_Email_Audience_AudienceID` (`subscriber_id`),
  CONSTRAINT `FK_Email_Subscriber_has_EmailID` FOREIGN KEY (`email_id`) REFERENCES `Email` (`id`) ON DELETE NO ACTION ON UPDATE NO ACTION,
  CONSTRAINT `FK_Email_Subscriber_has_SubscriberID` FOREIGN KEY (`subscriber_id`) REFERENCES `Subscriber` (`id`) ON DELETE CASCADE ON UPDATE NO ACTION
) ENGINE=InnoDB DEFAULT CHARSET=utf8;
/*!40101 SET character_set_client = @saved_cs_client */;

--
-- Dumping data for table `Email_Subscriber`
--
-- ORDER BY:  `subscriber_id`,`email_id`

LOCK TABLES `Email_Subscriber` WRITE;
/*!40000 ALTER TABLE `Email_Subscriber` DISABLE KEYS */;
/*!40000 ALTER TABLE `Email_Subscriber` ENABLE KEYS */;
UNLOCK TABLES;

--
-- Table structure for table `Filter`
--

DROP TABLE IF EXISTS `Filter`;
/*!40101 SET @saved_cs_client     = @@character_set_client */;
/*!50503 SET character_set_client = utf8mb4 */;
CREATE TABLE `Filter` (
  `id` char(36) NOT NULL,
  `value` varchar(255) NOT NULL,
  `filter_field_id` char(36) NOT NULL,
  `filter_expression_id` char(36) NOT NULL,
  PRIMARY KEY (`id`),
  KEY `FK_Filter_has_Field` (`filter_field_id`),
  KEY `FK_Filter_has_Expression` (`filter_expression_id`),
  CONSTRAINT `FK_Filter_has_Field` FOREIGN KEY (`filter_field_id`) REFERENCES `FilterField` (`id`) ON DELETE NO ACTION ON UPDATE NO ACTION,
  CONSTRAINT `FK_Filter_has_Expression` FOREIGN KEY (`filter_expression_id`) REFERENCES `FilterExpression` (`id`) ON DELETE NO ACTION ON UPDATE NO ACTION
) ENGINE=InnoDB DEFAULT CHARSET=utf8;
/*!40101 SET character_set_client = @saved_cs_client */;

--
-- Dumping data for table `Filter`
--
-- ORDER BY:  `id`

LOCK TABLES `Filter` WRITE;
/*!40000 ALTER TABLE `Filter` DISABLE KEYS */;
INSERT INTO `Filter` (`id`, `value`, `filter_field_id`, `filter_expression_id`) VALUES ('02fb3dd0-0bd9-11ea-81d3-81b6100dedea','3','676c95b0-7780-4085-b56f-a312fc57cd6d','4a2649da-8246-434a-b536-8a86887a64ad'),('0390e7c0-0bd1-11ea-be1f-c957403d62c3','3','3508a904-ee3d-4823-b392-7c04a1085294','b2fe175b-2598-43da-9999-96fb0ce82aca'),('045012b0-0bc9-11ea-ac62-4981142366a4','2','676c95b0-7780-4085-b56f-a312fc57cd6d','b2fe175b-2598-43da-9999-96fb0ce82aca'),('0c8583d0-0e84-11ea-860a-cba7270a9dc3','1','3508a904-ee3d-4823-b392-7c04a1085294','b2fe175b-2598-43da-9999-96fb0ce82aca'),('0e39d1e0-0bc3-11ea-be8f-e10fe3eb2574','2','676c95b0-7780-4085-b56f-a312fc57cd6d','4a2649da-8246-434a-b536-8a86887a64ad'),('17398910-11b9-11ea-85a0-3b618e150440','1','676c95b0-7780-4085-b56f-a312fc57cd6d','3b7e2232-3a44-4564-bb3a-e2c3d9c2a8ec'),('1747b290-0e87-11ea-891a-b5e6f4da08ab','2','3508a904-ee3d-4823-b392-7c04a1085294','b2fe175b-2598-43da-9999-96fb0ce82aca'),('18bab950-061d-11ea-8777-7dceab78a303','1','676c95b0-7780-4085-b56f-a312fc57cd6d','4a2649da-8246-434a-b536-8a86887a64ad'),('21d6aef0-061c-11ea-a203-391228193963','1','676c95b0-7780-4085-b56f-a312fc57cd6d','4a2649da-8246-434a-b536-8a86887a64ad'),('2d942530-0bd3-11ea-be1f-c957403d62c3','3','f174714c-2bba-46c1-a5d5-55e99f2f5583','b2fe175b-2598-43da-9999-96fb0ce82aca'),('30dd0c70-0bc4-11ea-be8f-e10fe3eb2574','2','676c95b0-7780-4085-b56f-a312fc57cd6d','4a2649da-8246-434a-b536-8a86887a64ad'),('33b0c960-11b8-11ea-9630-29c4d4cb5257','0','676c95b0-7780-4085-b56f-a312fc57cd6d','3b7e2232-3a44-4564-bb3a-e2c3d9c2a8ec'),('3480c680-0626-11ea-86e3-dbb3e7504d58','3','676c95b0-7780-4085-b56f-a312fc57cd6d','b2fe175b-2598-43da-9999-96fb0ce82aca'),('3c51a630-0e83-11ea-9d40-0769689711dc','1','676c95b0-7780-4085-b56f-a312fc57cd6d','3b7e2232-3a44-4564-bb3a-e2c3d9c2a8ec'),('44ac2f00-061b-11ea-b672-451a6c39b765','1','676c95b0-7780-4085-b56f-a312fc57cd6d','4a2649da-8246-434a-b536-8a86887a64ad'),('450b1e80-11b9-11ea-bda7-db6625ba0ada','1','676c95b0-7780-4085-b56f-a312fc57cd6d','3b7e2232-3a44-4564-bb3a-e2c3d9c2a8ec'),('471fca30-0bc5-11ea-a4c9-9394f8104b96','2','3508a904-ee3d-4823-b392-7c04a1085294','4a2649da-8246-434a-b536-8a86887a64ad'),('4f973ea0-0e86-11ea-9c31-a17886d2f9f6','3','3508a904-ee3d-4823-b392-7c04a1085294','b2fe175b-2598-43da-9999-96fb0ce82aca'),('520b18e0-0bd5-11ea-be1f-c957403d62c3','2','3508a904-ee3d-4823-b392-7c04a1085294','4a2649da-8246-434a-b536-8a86887a64ad'),('5574e910-0bdb-11ea-bf65-e31183cf275d','3','f174714c-2bba-46c1-a5d5-55e99f2f5583','4a2649da-8246-434a-b536-8a86887a64ad'),('55bdb770-0e84-11ea-b694-adca6a150466','3','f174714c-2bba-46c1-a5d5-55e99f2f5583','4a2649da-8246-434a-b536-8a86887a64ad'),('5a088990-1721-11ea-bf38-d114c9a65cf1','3','676c95b0-7780-4085-b56f-a312fc57cd6d','3b7e2232-3a44-4564-bb3a-e2c3d9c2a8ec'),('5aa1daf0-0bbe-11ea-bc2e-c3c5ba364285','1','3508a904-ee3d-4823-b392-7c04a1085294','3b7e2232-3a44-4564-bb3a-e2c3d9c2a8ec'),('5b33af20-0bc8-11ea-ac62-4981142366a4','2','3508a904-ee3d-4823-b392-7c04a1085294','b2fe175b-2598-43da-9999-96fb0ce82aca'),('5ff21e30-044c-11ea-ac20-8d733eb7a43d','5ff24540-044c-11ea-ac20-8d733eb7a43d','f174714c-2bba-46c1-a5d5-55e99f2f5583','3b7e2232-3a44-4564-bb3a-e2c3d9c2a8ec'),('61b177e0-0440-11ea-968e-75a10a83c9ad','61b177e1-0440-11ea-968e-75a10a83c9ad','3508a904-ee3d-4823-b392-7c04a1085294','b2fe175b-2598-43da-9999-96fb0ce82aca'),('67bf6970-061c-11ea-8d59-e7a59a172581','1','676c95b0-7780-4085-b56f-a312fc57cd6d','4a2649da-8246-434a-b536-8a86887a64ad'),('6a1d0ba0-0bc6-11ea-ac62-4981142366a4','2','3508a904-ee3d-4823-b392-7c04a1085294','4a2649da-8246-434a-b536-8a86887a64ad'),('6aa26140-0e84-11ea-b694-adca6a150466','3','f174714c-2bba-46c1-a5d5-55e99f2f5583','4a2649da-8246-434a-b536-8a86887a64ad'),('6e0c31e0-044c-11ea-ac20-8d733eb7a43d','6e0c31e1-044c-11ea-ac20-8d733eb7a43d','3508a904-ee3d-4823-b392-7c04a1085294','3b7e2232-3a44-4564-bb3a-e2c3d9c2a8ec'),('6e37c960-0bd9-11ea-98a2-efba05f1f6c8','2','3508a904-ee3d-4823-b392-7c04a1085294','3b7e2232-3a44-4564-bb3a-e2c3d9c2a8ec'),('709c3160-128b-11ea-a354-d144ac7a4391','2','676c95b0-7780-4085-b56f-a312fc57cd6d','3b7e2232-3a44-4564-bb3a-e2c3d9c2a8ec'),('71155a20-0e87-11ea-89df-a3a928457997','3','676c95b0-7780-4085-b56f-a312fc57cd6d','b2fe175b-2598-43da-9999-96fb0ce82aca'),('719afdf0-044c-11ea-ac20-8d733eb7a43d','719afdf1-044c-11ea-ac20-8d733eb7a43d','676c95b0-7780-4085-b56f-a312fc57cd6d','3b7e2232-3a44-4564-bb3a-e2c3d9c2a8ec'),('73ce8e00-11b9-11ea-bda7-db6625ba0ada','0','3508a904-ee3d-4823-b392-7c04a1085294','3b7e2232-3a44-4564-bb3a-e2c3d9c2a8ec'),('77ed5330-0e86-11ea-b18f-d9efeca33dbd','2','3508a904-ee3d-4823-b392-7c04a1085294','3b7e2232-3a44-4564-bb3a-e2c3d9c2a8ec'),('786482d0-0bc4-11ea-be8f-e10fe3eb2574','2','676c95b0-7780-4085-b56f-a312fc57cd6d','4a2649da-8246-434a-b536-8a86887a64ad'),('7b900e50-0bc6-11ea-ac62-4981142366a4','2','676c95b0-7780-4085-b56f-a312fc57cd6d','b2fe175b-2598-43da-9999-96fb0ce82aca'),('7c2a93f0-039f-11ea-b4c0-d984ea7e00c9','7c2ae210-039f-11ea-b4c0-d984ea7e00c9','676c95b0-7780-4085-b56f-a312fc57cd6d','4a2649da-8246-434a-b536-8a86887a64ad'),('851dbfa0-0e85-11ea-8c8f-f7fca777e5c8','1','3508a904-ee3d-4823-b392-7c04a1085294','b2fe175b-2598-43da-9999-96fb0ce82aca'),('8c945f20-0e83-11ea-a6cd-c91a3f43b3f6','2','676c95b0-7780-4085-b56f-a312fc57cd6d','3b7e2232-3a44-4564-bb3a-e2c3d9c2a8ec'),('918d3530-0440-11ea-a14e-0db266fffd95','918d5c40-0440-11ea-a14e-0db266fffd95','3508a904-ee3d-4823-b392-7c04a1085294','b2fe175b-2598-43da-9999-96fb0ce82aca'),('9a106c80-061c-11ea-b1d3-b3848489dcad','1','676c95b0-7780-4085-b56f-a312fc57cd6d','4a2649da-8246-434a-b536-8a86887a64ad'),('9d9e7ec0-0bce-11ea-be1f-c957403d62c3','2','f174714c-2bba-46c1-a5d5-55e99f2f5583','4a2649da-8246-434a-b536-8a86887a64ad'),('a2a9b1f0-0589-11ea-8427-0f31618256e7','3','676c95b0-7780-4085-b56f-a312fc57cd6d','b2fe175b-2598-43da-9999-96fb0ce82aca'),('a31aacd0-0bd7-11ea-be1f-c957403d62c3','3','676c95b0-7780-4085-b56f-a312fc57cd6d','4a2649da-8246-434a-b536-8a86887a64ad'),('a71d1690-0616-11ea-b992-69c15e91792a','1','676c95b0-7780-4085-b56f-a312fc57cd6d','4a2649da-8246-434a-b536-8a86887a64ad'),('a73f8f40-0440-11ea-a14e-0db266fffd95','a73f8f41-0440-11ea-a14e-0db266fffd95','3508a904-ee3d-4823-b392-7c04a1085294','b2fe175b-2598-43da-9999-96fb0ce82aca'),('a8bc6b40-0440-11ea-a14e-0db266fffd95','a8bc6b41-0440-11ea-a14e-0db266fffd95','f174714c-2bba-46c1-a5d5-55e99f2f5583','3b7e2232-3a44-4564-bb3a-e2c3d9c2a8ec'),('a9e17fc0-043f-11ea-968e-75a10a83c9ad','a9e1a6d0-043f-11ea-968e-75a10a83c9ad','3508a904-ee3d-4823-b392-7c04a1085294','3b7e2232-3a44-4564-bb3a-e2c3d9c2a8ec'),('afc03fc0-0e86-11ea-a025-455f7da904dc','2','3508a904-ee3d-4823-b392-7c04a1085294','4a2649da-8246-434a-b536-8a86887a64ad'),('b05ec620-0bc7-11ea-ac62-4981142366a4','2','3508a904-ee3d-4823-b392-7c04a1085294','3b7e2232-3a44-4564-bb3a-e2c3d9c2a8ec'),('b6802950-0bda-11ea-bf65-e31183cf275d','3','676c95b0-7780-4085-b56f-a312fc57cd6d','4a2649da-8246-434a-b536-8a86887a64ad'),('b6963ba0-0bd5-11ea-be1f-c957403d62c3','2','676c95b0-7780-4085-b56f-a312fc57cd6d','4a2649da-8246-434a-b536-8a86887a64ad'),('b7ea2a50-0bbe-11ea-bc2e-c3c5ba364285','1','3508a904-ee3d-4823-b392-7c04a1085294','3b7e2232-3a44-4564-bb3a-e2c3d9c2a8ec'),('b9d60e20-03a2-11ea-8968-b5da15135f7a','b9d63530-03a2-11ea-8968-b5da15135f7a','676c95b0-7780-4085-b56f-a312fc57cd6d','4a2649da-8246-434a-b536-8a86887a64ad'),('bd92a870-0bdb-11ea-bf65-e31183cf275d','1','676c95b0-7780-4085-b56f-a312fc57cd6d','3b7e2232-3a44-4564-bb3a-e2c3d9c2a8ec'),('c05f1850-061c-11ea-8777-7dceab78a303','1','676c95b0-7780-4085-b56f-a312fc57cd6d','4a2649da-8246-434a-b536-8a86887a64ad'),('c2a9cec0-0bc6-11ea-ac62-4981142366a4','2','676c95b0-7780-4085-b56f-a312fc57cd6d','b2fe175b-2598-43da-9999-96fb0ce82aca'),('c6b12300-0bc2-11ea-be8f-e10fe3eb2574','2','676c95b0-7780-4085-b56f-a312fc57cd6d','4a2649da-8246-434a-b536-8a86887a64ad'),('cf89ba20-0bd9-11ea-bf65-e31183cf275d','3','676c95b0-7780-4085-b56f-a312fc57cd6d','4a2649da-8246-434a-b536-8a86887a64ad'),('cfa93490-0bcf-11ea-be1f-c957403d62c3','3','676c95b0-7780-4085-b56f-a312fc57cd6d','4a2649da-8246-434a-b536-8a86887a64ad'),('d61befe0-043e-11ea-9b03-e9dba755c401','d61befe1-043e-11ea-9b03-e9dba755c401','676c95b0-7780-4085-b56f-a312fc57cd6d','3b7e2232-3a44-4564-bb3a-e2c3d9c2a8ec'),('d72707c0-0e85-11ea-96f9-3701c763bc6e','2','3508a904-ee3d-4823-b392-7c04a1085294','b2fe175b-2598-43da-9999-96fb0ce82aca'),('d7adb370-043e-11ea-9b03-e9dba755c401','d7adb371-043e-11ea-9b03-e9dba755c401','f174714c-2bba-46c1-a5d5-55e99f2f5583','4a2649da-8246-434a-b536-8a86887a64ad'),('e6ab20d0-0e87-11ea-a145-df9c3095b372','1','3508a904-ee3d-4823-b392-7c04a1085294','b2fe175b-2598-43da-9999-96fb0ce82aca'),('e7555410-0bd5-11ea-be1f-c957403d62c3','1','3508a904-ee3d-4823-b392-7c04a1085294','b2fe175b-2598-43da-9999-96fb0ce82aca'),('eb46fc10-043f-11ea-968e-75a10a83c9ad','eb46fc11-043f-11ea-968e-75a10a83c9ad','3508a904-ee3d-4823-b392-7c04a1085294','b2fe175b-2598-43da-9999-96fb0ce82aca'),('ec1db9f0-0bc7-11ea-ac62-4981142366a4','2','3508a904-ee3d-4823-b392-7c04a1085294','b2fe175b-2598-43da-9999-96fb0ce82aca'),('ecd62690-044a-11ea-95d0-47fd494da26f','ecd62691-044a-11ea-95d0-47fd494da26f','676c95b0-7780-4085-b56f-a312fc57cd6d','b2fe175b-2598-43da-9999-96fb0ce82aca'),('ed621d70-044b-11ea-ab2a-e394f82a0e87','ed624480-044b-11ea-ab2a-e394f82a0e87','f174714c-2bba-46c1-a5d5-55e99f2f5583','3b7e2232-3a44-4564-bb3a-e2c3d9c2a8ec'),('ee16e3f0-044a-11ea-95d0-47fd494da26f','ee16e3f1-044a-11ea-95d0-47fd494da26f','3508a904-ee3d-4823-b392-7c04a1085294','4a2649da-8246-434a-b536-8a86887a64ad'),('ee5eb600-0bd7-11ea-be1f-c957403d62c3','1','3508a904-ee3d-4823-b392-7c04a1085294','3b7e2232-3a44-4564-bb3a-e2c3d9c2a8ec'),('ee935430-0bcf-11ea-be1f-c957403d62c3','3','676c95b0-7780-4085-b56f-a312fc57cd6d','b2fe175b-2598-43da-9999-96fb0ce82aca'),('eeb0e490-044b-11ea-ab2a-e394f82a0e87','eeb0e491-044b-11ea-ab2a-e394f82a0e87','3508a904-ee3d-4823-b392-7c04a1085294','3b7e2232-3a44-4564-bb3a-e2c3d9c2a8ec'),('eeda7050-0bc4-11ea-a4c9-9394f8104b96','2','3508a904-ee3d-4823-b392-7c04a1085294','4a2649da-8246-434a-b536-8a86887a64ad'),('ef347030-0e82-11ea-82e9-afd259bd1c88','2','676c95b0-7780-4085-b56f-a312fc57cd6d','4a2649da-8246-434a-b536-8a86887a64ad'),('ef6f2b80-044b-11ea-ab2a-e394f82a0e87','ef6f2b81-044b-11ea-ab2a-e394f82a0e87','676c95b0-7780-4085-b56f-a312fc57cd6d','3b7e2232-3a44-4564-bb3a-e2c3d9c2a8ec');
/*!40000 ALTER TABLE `Filter` ENABLE KEYS */;
UNLOCK TABLES;

--
-- Table structure for table `FilterExpression`
--

DROP TABLE IF EXISTS `FilterExpression`;
/*!40101 SET @saved_cs_client     = @@character_set_client */;
/*!50503 SET character_set_client = utf8mb4 */;
CREATE TABLE `FilterExpression` (
  `id` char(36) NOT NULL,
  `value` varchar(100) NOT NULL,
  PRIMARY KEY (`id`),
  UNIQUE KEY `value` (`value`)
) ENGINE=InnoDB DEFAULT CHARSET=utf8;
/*!40101 SET character_set_client = @saved_cs_client */;

--
-- Dumping data for table `FilterExpression`
--
-- ORDER BY:  `id`

LOCK TABLES `FilterExpression` WRITE;
/*!40000 ALTER TABLE `FilterExpression` DISABLE KEYS */;
INSERT INTO `FilterExpression` (`id`, `value`) VALUES ('3b7e2232-3a44-4564-bb3a-e2c3d9c2a8ec','greater than'),('4a2649da-8246-434a-b536-8a86887a64ad','less than'),('b2fe175b-2598-43da-9999-96fb0ce82aca','equals'),('mm2649da-8246-434a-b536-8a86887a64rr','not equals'),('y42649da-8246-434a-b536-8a86887a64rt','contains');
/*!40000 ALTER TABLE `FilterExpression` ENABLE KEYS */;
UNLOCK TABLES;

--
-- Table structure for table `FilterField`
--

DROP TABLE IF EXISTS `FilterField`;
/*!40101 SET @saved_cs_client     = @@character_set_client */;
/*!50503 SET character_set_client = utf8mb4 */;
CREATE TABLE `FilterField` (
  `id` char(36) NOT NULL,
  `name` varchar(100) NOT NULL,
  PRIMARY KEY (`id`),
  UNIQUE KEY `name` (`name`)
) ENGINE=InnoDB DEFAULT CHARSET=utf8;
/*!40101 SET character_set_client = @saved_cs_client */;

--
-- Dumping data for table `FilterField`
--
-- ORDER BY:  `id`

LOCK TABLES `FilterField` WRITE;
/*!40000 ALTER TABLE `FilterField` DISABLE KEYS */;
INSERT INTO `FilterField` (`id`, `name`) VALUES ('3508a904-ee3d-4823-b392-7c04a1085294','TotalOrder'),('676c95b0-7780-4085-b56f-a312fc57cd6d','CancelLedOrderTimes'),('9095cc78-3def-46b7-b6cd-1bc899df5c20','LastName'),('f174714c-2bba-46c1-a5d5-55e99f2f5583','TotalSpent'),('g174714c-2bba-44c1-a5d5-55e99f2r5593','EmailAddress'),('h174714c-2bba-44c1-a5d5-55e99f2r0594','FirstName');
/*!40000 ALTER TABLE `FilterField` ENABLE KEYS */;
UNLOCK TABLES;

--
-- Table structure for table `FilterField_CriterionType`
--

DROP TABLE IF EXISTS `FilterField_CriterionType`;
/*!40101 SET @saved_cs_client     = @@character_set_client */;
/*!50503 SET character_set_client = utf8mb4 */;
CREATE TABLE `FilterField_CriterionType` (
  `criterion_type_id` char(36) NOT NULL,
  `filter_field_id` char(36) NOT NULL,
  PRIMARY KEY (`criterion_type_id`,`filter_field_id`),
  KEY `FK_FilterField_CriterionType_FilterFieldID` (`filter_field_id`),
  KEY `FK_FilterField_CriterionType_CriterionTypeID` (`criterion_type_id`),
  CONSTRAINT `FK_FilterField_CriterionType_CriterionTypeID` FOREIGN KEY (`criterion_type_id`) REFERENCES `CriterionType` (`id`) ON DELETE NO ACTION ON UPDATE NO ACTION,
  CONSTRAINT `FK_FilterField_CriterionType_FilterFieldID` FOREIGN KEY (`filter_field_id`) REFERENCES `FilterField` (`id`) ON DELETE NO ACTION ON UPDATE NO ACTION
) ENGINE=InnoDB DEFAULT CHARSET=utf8;
/*!40101 SET character_set_client = @saved_cs_client */;

--
-- Dumping data for table `FilterField_CriterionType`
--
-- ORDER BY:  `criterion_type_id`,`filter_field_id`

LOCK TABLES `FilterField_CriterionType` WRITE;
/*!40000 ALTER TABLE `FilterField_CriterionType` DISABLE KEYS */;
INSERT INTO `FilterField_CriterionType` (`criterion_type_id`, `filter_field_id`) VALUES ('fee67a7c-cbf5-4deb-abd3-33add96c35f7','3508a904-ee3d-4823-b392-7c04a1085294'),('fee67a7c-cbf5-4deb-abd3-33add96c35f7','676c95b0-7780-4085-b56f-a312fc57cd6d'),('fee67a7c-cbf5-4deb-abd3-33add96c35f7','f174714c-2bba-46c1-a5d5-55e99f2f5583'),('fee67a7c-cbf5-4deb-abd3-33add96c35f8','9095cc78-3def-46b7-b6cd-1bc899df5c20'),('fee67a7c-cbf5-4deb-abd3-33add96c35f8','g174714c-2bba-44c1-a5d5-55e99f2r5593'),('fee67a7c-cbf5-4deb-abd3-33add96c35f8','h174714c-2bba-44c1-a5d5-55e99f2r0594');
/*!40000 ALTER TABLE `FilterField_CriterionType` ENABLE KEYS */;
UNLOCK TABLES;

--
-- Table structure for table `FilterField_FilterExpression`
--

DROP TABLE IF EXISTS `FilterField_FilterExpression`;
/*!40101 SET @saved_cs_client     = @@character_set_client */;
/*!50503 SET character_set_client = utf8mb4 */;
CREATE TABLE `FilterField_FilterExpression` (
  `expression_id` char(36) NOT NULL,
  `field_id` char(36) NOT NULL,
  PRIMARY KEY (`expression_id`,`field_id`),
  KEY `FK_FilterField_FilterExpression_FilterFieldID` (`field_id`),
  KEY `FK_FiltterField_FilterExpression_FilterExpressionID` (`expression_id`),
  CONSTRAINT `FK_FilterField_FilterExpression_FilterExpressionID` FOREIGN KEY (`expression_id`) REFERENCES `FilterExpression` (`id`) ON DELETE NO ACTION ON UPDATE NO ACTION,
  CONSTRAINT `FK_FilterField_FilterExpression_FilterFieldID` FOREIGN KEY (`field_id`) REFERENCES `FilterField` (`id`) ON DELETE NO ACTION ON UPDATE NO ACTION
) ENGINE=InnoDB DEFAULT CHARSET=utf8;
/*!40101 SET character_set_client = @saved_cs_client */;

--
-- Dumping data for table `FilterField_FilterExpression`
--
-- ORDER BY:  `expression_id`,`field_id`

LOCK TABLES `FilterField_FilterExpression` WRITE;
/*!40000 ALTER TABLE `FilterField_FilterExpression` DISABLE KEYS */;
INSERT INTO `FilterField_FilterExpression` (`expression_id`, `field_id`) VALUES ('3b7e2232-3a44-4564-bb3a-e2c3d9c2a8ec','3508a904-ee3d-4823-b392-7c04a1085294'),('3b7e2232-3a44-4564-bb3a-e2c3d9c2a8ec','676c95b0-7780-4085-b56f-a312fc57cd6d'),('3b7e2232-3a44-4564-bb3a-e2c3d9c2a8ec','f174714c-2bba-46c1-a5d5-55e99f2f5583'),('4a2649da-8246-434a-b536-8a86887a64ad','3508a904-ee3d-4823-b392-7c04a1085294'),('4a2649da-8246-434a-b536-8a86887a64ad','676c95b0-7780-4085-b56f-a312fc57cd6d'),('4a2649da-8246-434a-b536-8a86887a64ad','f174714c-2bba-46c1-a5d5-55e99f2f5583'),('b2fe175b-2598-43da-9999-96fb0ce82aca','3508a904-ee3d-4823-b392-7c04a1085294'),('b2fe175b-2598-43da-9999-96fb0ce82aca','676c95b0-7780-4085-b56f-a312fc57cd6d'),('b2fe175b-2598-43da-9999-96fb0ce82aca','9095cc78-3def-46b7-b6cd-1bc899df5c20'),('b2fe175b-2598-43da-9999-96fb0ce82aca','f174714c-2bba-46c1-a5d5-55e99f2f5583'),('b2fe175b-2598-43da-9999-96fb0ce82aca','g174714c-2bba-44c1-a5d5-55e99f2r5593'),('b2fe175b-2598-43da-9999-96fb0ce82aca','h174714c-2bba-44c1-a5d5-55e99f2r0594'),('mm2649da-8246-434a-b536-8a86887a64rr','9095cc78-3def-46b7-b6cd-1bc899df5c20'),('mm2649da-8246-434a-b536-8a86887a64rr','g174714c-2bba-44c1-a5d5-55e99f2r5593'),('mm2649da-8246-434a-b536-8a86887a64rr','h174714c-2bba-44c1-a5d5-55e99f2r0594'),('y42649da-8246-434a-b536-8a86887a64rt','9095cc78-3def-46b7-b6cd-1bc899df5c20'),('y42649da-8246-434a-b536-8a86887a64rt','g174714c-2bba-44c1-a5d5-55e99f2r5593'),('y42649da-8246-434a-b536-8a86887a64rt','h174714c-2bba-44c1-a5d5-55e99f2r0594');
/*!40000 ALTER TABLE `FilterField_FilterExpression` ENABLE KEYS */;
UNLOCK TABLES;

--
-- Table structure for table `Role`
--

DROP TABLE IF EXISTS `Role`;
/*!40101 SET @saved_cs_client     = @@character_set_client */;
/*!50503 SET character_set_client = utf8mb4 */;
CREATE TABLE `Role` (
  `id` char(36) NOT NULL,
  `name` varchar(100) NOT NULL,
  PRIMARY KEY (`id`),
  UNIQUE KEY `name_UNIQUE` (`name`)
) ENGINE=InnoDB DEFAULT CHARSET=utf8;
/*!40101 SET character_set_client = @saved_cs_client */;

--
-- Dumping data for table `Role`
--
-- ORDER BY:  `id`

LOCK TABLES `Role` WRITE;
/*!40000 ALTER TABLE `Role` DISABLE KEYS */;
INSERT INTO `Role` (`id`, `name`) VALUES ('d02e63f4-dc98-42b7-ac1a-6c01229510df','SysAdmin'),('ecb017ee-8cd4-49d3-b73b-424bab2c6422','StoreOwner');
/*!40000 ALTER TABLE `Role` ENABLE KEYS */;
UNLOCK TABLES;

--
-- Table structure for table `Step`
--

DROP TABLE IF EXISTS `Step`;
/*!40101 SET @saved_cs_client     = @@character_set_client */;
/*!50503 SET character_set_client = utf8mb4 */;
CREATE TABLE `Step` (
  `id` char(36) NOT NULL,
  `start_duration` int(11) NOT NULL DEFAULT '0',
  `type_id` char(36) NOT NULL,
  PRIMARY KEY (`id`),
  KEY `FK_Step_has_Type_idx` (`type_id`),
  CONSTRAINT `FK_Step_has_Type` FOREIGN KEY (`type_id`) REFERENCES `StepType` (`id`) ON DELETE NO ACTION ON UPDATE NO ACTION
) ENGINE=InnoDB DEFAULT CHARSET=utf8;
/*!40101 SET character_set_client = @saved_cs_client */;

--
-- Dumping data for table `Step`
--
-- ORDER BY:  `id`

LOCK TABLES `Step` WRITE;
/*!40000 ALTER TABLE `Step` DISABLE KEYS */;
/*!40000 ALTER TABLE `Step` ENABLE KEYS */;
UNLOCK TABLES;

--
-- Table structure for table `StepType`
--

DROP TABLE IF EXISTS `StepType`;
/*!40101 SET @saved_cs_client     = @@character_set_client */;
/*!50503 SET character_set_client = utf8mb4 */;
CREATE TABLE `StepType` (
  `id` char(36) NOT NULL,
  `name` varchar(50) NOT NULL,
  PRIMARY KEY (`id`),
  UNIQUE KEY `name_UNIQUE` (`name`)
) ENGINE=InnoDB DEFAULT CHARSET=utf8;
/*!40101 SET character_set_client = @saved_cs_client */;

--
-- Dumping data for table `StepType`
--
-- ORDER BY:  `id`

LOCK TABLES `StepType` WRITE;
/*!40000 ALTER TABLE `StepType` DISABLE KEYS */;
INSERT INTO `StepType` (`id`, `name`) VALUES ('f22c1d0b-e1d4-4836-a693-d5a88e4705d4','Condition'),('ffc65803-68fb-4b2c-94f9-97e239bd93a8','Action');
/*!40000 ALTER TABLE `StepType` ENABLE KEYS */;
UNLOCK TABLES;

--
-- Table structure for table `Subscriber`
--

DROP TABLE IF EXISTS `Subscriber`;
/*!40101 SET @saved_cs_client     = @@character_set_client */;
/*!50503 SET character_set_client = utf8mb4 */;
CREATE TABLE `Subscriber` (
  `id` char(36) NOT NULL,
  `email` varchar(255) NOT NULL,
  `first_name` varchar(100) NOT NULL,
  `last_name` varchar(100) NOT NULL,
  `last_modified_date` timestamp NULL DEFAULT CURRENT_TIMESTAMP,
  `type_id` char(36) NOT NULL,
  `account_id` char(36) NOT NULL,
  `status_id` char(36) NOT NULL,
  `total_spent` float DEFAULT '0',
  `orders_count` int(11) DEFAULT '0',
  `cancelled_order_times` int(11) DEFAULT '0',
  `shopify_id` varchar(255) DEFAULT NULL,
  PRIMARY KEY (`id`),
  UNIQUE KEY `shopify_id_UNIQUE` (`shopify_id`),
  KEY `FK_Subscriber_has_Status_idx` (`status_id`),
  KEY `FK_Subscriber_belongs_to_Account` (`account_id`),
  KEY `FK_Subscriber_has_Type_idx` (`type_id`),
  CONSTRAINT `FK_Subscriber_belongs_to_Account` FOREIGN KEY (`account_id`) REFERENCES `Account` (`id`) ON DELETE NO ACTION ON UPDATE NO ACTION,
  CONSTRAINT `FK_Subscriber_has_Type` FOREIGN KEY (`type_id`) REFERENCES `SubscriberType` (`id`) ON DELETE NO ACTION ON UPDATE NO ACTION,
  CONSTRAINT `FK_Subscriber_has_Status` FOREIGN KEY (`status_id`) REFERENCES `SubscriberActivationStatus` (`id`) ON DELETE NO ACTION ON UPDATE NO ACTION
) ENGINE=InnoDB DEFAULT CHARSET=utf8;
/*!40101 SET character_set_client = @saved_cs_client */;

--
-- Dumping data for table `Subscriber`
--
-- ORDER BY:  `id`

LOCK TABLES `Subscriber` WRITE;
/*!40000 ALTER TABLE `Subscriber` DISABLE KEYS */;
INSERT INTO `Subscriber` (`id`, `email`, `first_name`, `last_name`, `last_modified_date`, `type_id`, `account_id`, `status_id`, `total_spent`, `orders_count`, `cancelled_order_times`, `shopify_id`) VALUES ('07457850-054f-11ea-8b8c-bf962ccf09b0','abc@abc.com','','test','2019-11-12 13:19:17','fb12ceae-c62a-4e99-aeae-ce2fbe83535c','9a2a1f40-025c-11ea-bc8e-b9b5910cd4e5','265a7fbf-6c76-49fd-9491-67de8d589fc3',0,0,0,'gid://shopify/Subscriber/2152545714210'),('07461490-054f-11ea-8b8c-bf962ccf09b0','vinhnqse63033@fpt.edu.vn','Test B','B','2019-11-12 13:19:17','af49580e-5d02-4390-9958-ee00d0f1f6ee','9a2a1f40-025c-11ea-bc8e-b9b5910cd4e5','265a7fbf-6c76-49fd-9491-67de8d589fc3',74,2,1,'gid://shopify/Subscriber/2295086546978'),('0746fef0-054f-11ea-8b8c-bf962ccf09b0','nekosama9x@gmail.com','','','2019-11-12 13:19:17','fb12ceae-c62a-4e99-aeae-ce2fbe83535c','9a2a1f40-025c-11ea-bc8e-b9b5910cd4e5','265a7fbf-6c76-49fd-9491-67de8d589fc3',0,0,0,'gid://shopify/Subscriber/2299371061282'),('07479b30-054f-11ea-8b8c-bf962ccf09b0','vinh.q.ng1994@gmail.com','Test C','C','2019-11-12 13:19:17','af49580e-5d02-4390-9958-ee00d0f1f6ee','9a2a1f40-025c-11ea-bc8e-b9b5910cd4e5','265a7fbf-6c76-49fd-9491-67de8d589fc3',86,1,0,'gid://shopify/Subscriber/2299371290658'),('086e67f0-054f-11ea-8b8c-bf962ccf09b0','johnnguyen12181994@gmail.com','Test','A','2019-11-12 13:19:19','af49580e-5d02-4390-9958-ee00d0f1f6ee','9a2a1f40-025c-11ea-bc8e-b9b5910cd4e5','265a7fbf-6c76-49fd-9491-67de8d589fc3',17,1,0,'gid://shopify/Subscriber/2295077273634'),('1dc5ad50-09bb-11ea-9274-edc9d0b6c283','hah@gmail.com','123','312','2019-11-18 04:23:05','fb12ceae-c62a-4e99-aeae-ce2fbe83535c','c9f3edb0-f694-11e9-b5bf-3ba2fcda0117','265a7fbf-6c76-49fd-9491-67de8d589fc3',2,2,2,NULL),('2','kaka@gmail.com','ko','ka','2019-11-28 14:36:14','af49580e-5d02-4390-9958-ee00d0f1f6ee','c9f3edb0-f694-11e9-b5bf-3ba2fcda0117','265a7fbf-6c76-49fd-9491-67de8d589fc3',1,1,1,NULL),('21015a90-1272-11ea-95c7-e5e1411dda59','sonnguye@gmail.com','son','nguyen','2019-11-29 06:33:17','af49580e-5d02-4390-9958-ee00d0f1f6ee','c9f3edb0-f694-11e9-b5bf-3ba2fcda0117','265a7fbf-6c76-49fd-9491-67de8d589fc3',12,12,11,NULL),('231415a0-09b9-11ea-80a7-0d269c554b36','fu@gmail.com','f','u','2019-11-18 04:08:54','fb12ceae-c62a-4e99-aeae-ce2fbe83535c','c9f3edb0-f694-11e9-b5bf-3ba2fcda0117','9ebb516a-c16d-469d-bee9-8c5c11afe1b9',1,1,1,NULL),('3a19e9d0-0bbe-11ea-bc2e-c3c5ba364285','linh@gmail.com','linh','tinh','2019-11-20 17:50:23','af49580e-5d02-4390-9958-ee00d0f1f6ee','c9f3edb0-f694-11e9-b5bf-3ba2fcda0117','265a7fbf-6c76-49fd-9491-67de8d589fc3',0,0,0,NULL),('47c8cab0-1a87-11ea-8697-0f460c479463','abc@yahoo.com','ya','hooo','2019-12-09 13:24:51','fb12ceae-c62a-4e99-aeae-ce2fbe83535c','c9f3edb0-f694-11e9-b5bf-3ba2fcda0117','265a7fbf-6c76-49fd-9491-67de8d589fc3',0,0,0,NULL),('4ec2e850-f935-11e9-a067-6fe7d76e0799','alo@gmail.com','Minh','Nhua','2019-10-28 03:44:58','fb12ceae-c62a-4e99-aeae-ce2fbe83535c','c9f3edb0-f694-11e9-b5bf-3ba2fcda0117','9ebb516a-c16d-469d-bee9-8c5c11afe1b9',1,1,1,NULL),('51425f20-09bb-11ea-9b39-0f08f3327628','halo@gmail.com','Son','Nguyen','2019-11-18 04:24:31','af49580e-5d02-4390-9958-ee00d0f1f6ee','c9f3edb0-f694-11e9-b5bf-3ba2fcda0117','9ebb516a-c16d-469d-bee9-8c5c11afe1b9',0,0,0,NULL),('556e2fe0-fb54-11e9-ab68-bdf94e858810','manola@gmail.com','minh','nguyen','2019-10-30 20:32:04','fb12ceae-c62a-4e99-aeae-ce2fbe83535c','5a4ce720-fa39-11e9-9b2f-67ef4eefbdce','265a7fbf-6c76-49fd-9491-67de8d589fc3',2,2,2,NULL),('5be4c320-09b9-11ea-8e62-93a681afbf85','fu@gmail.com','f','u','2019-11-18 04:10:30','fb12ceae-c62a-4e99-aeae-ce2fbe83535c','c9f3edb0-f694-11e9-b5bf-3ba2fcda0117','9ebb516a-c16d-469d-bee9-8c5c11afe1b9',1,1,1,NULL),('5ca18da0-1a87-11ea-8697-0f460c479463','abc@google.com','kinh','nguyet','2019-12-09 13:25:26','fb12ceae-c62a-4e99-aeae-ce2fbe83535c','c9f3edb0-f694-11e9-b5bf-3ba2fcda0117','265a7fbf-6c76-49fd-9491-67de8d589fc3',0,0,0,NULL),('6df97280-0a05-11ea-9d38-9b33b88226f9','ndacsang@gmail.com','Dac Sang','Nguyen Danh','2019-11-18 13:15:02','af49580e-5d02-4390-9958-ee00d0f1f6ee','9a2a1f40-025c-11ea-bc8e-b9b5910cd4e5','265a7fbf-6c76-49fd-9491-67de8d589fc3',0,0,0,'gid://shopify/Customer/2681396494370'),('77172060-0794-11ea-a89e-5ff58f72d78a','nguyencongson163@gmail.com','Son','Nguyen','2019-11-15 10:41:22','af49580e-5d02-4390-9958-ee00d0f1f6ee','c9f3edb0-f694-11e9-b5bf-3ba2fcda0117','265a7fbf-6c76-49fd-9491-67de8d589fc3',0,0,0,NULL),('83af8060-fe70-11e9-8144-6ba5f99ffbb4','tuyam@gmail.com','tuy','am','2019-11-03 19:31:21','fb12ceae-c62a-4e99-aeae-ce2fbe83535c','c9f3edb0-f694-11e9-b5bf-3ba2fcda0117','9ebb516a-c16d-469d-bee9-8c5c11afe1b9',0,0,0,NULL),('8ba641b0-09b9-11ea-875d-75db85c8fcea','fu111@gmail.com','f111','u111','2019-11-18 04:11:50','fb12ceae-c62a-4e99-aeae-ce2fbe83535c','c9f3edb0-f694-11e9-b5bf-3ba2fcda0117','9ebb516a-c16d-469d-bee9-8c5c11afe1b9',1,1,1,NULL),('8ff3f090-1a86-11ea-8697-0f460c479463','quangvinh.nguyen94@outlook.com','vinh ','nguyen','2019-12-09 13:19:43','af49580e-5d02-4390-9958-ee00d0f1f6ee','c9f3edb0-f694-11e9-b5bf-3ba2fcda0117','9ebb516a-c16d-469d-bee9-8c5c11afe1b9',1,1,1,NULL),('91de5b70-1a86-11ea-8697-0f460c479463','quangvinh.nguyen94@outlook.com','vinh ','nguyen','2019-12-09 13:19:46','af49580e-5d02-4390-9958-ee00d0f1f6ee','c9f3edb0-f694-11e9-b5bf-3ba2fcda0117','9ebb516a-c16d-469d-bee9-8c5c11afe1b9',1,1,1,NULL),('9248b600-1a86-11ea-8697-0f460c479463','quangvinh.nguyen94@outlook.com','vinh ','nguyen','2019-12-09 13:19:46','af49580e-5d02-4390-9958-ee00d0f1f6ee','c9f3edb0-f694-11e9-b5bf-3ba2fcda0117','9ebb516a-c16d-469d-bee9-8c5c11afe1b9',1,1,1,NULL),('926f29c0-1a86-11ea-8697-0f460c479463','quangvinh.nguyen94@outlook.com','vinh ','nguyen','2019-12-09 13:19:47','af49580e-5d02-4390-9958-ee00d0f1f6ee','c9f3edb0-f694-11e9-b5bf-3ba2fcda0117','9ebb516a-c16d-469d-bee9-8c5c11afe1b9',1,1,1,NULL),('9289b6a0-1a86-11ea-8697-0f460c479463','quangvinh.nguyen94@outlook.com','vinh ','nguyen','2019-12-09 13:19:47','af49580e-5d02-4390-9958-ee00d0f1f6ee','c9f3edb0-f694-11e9-b5bf-3ba2fcda0117','9ebb516a-c16d-469d-bee9-8c5c11afe1b9',1,1,1,NULL),('92fe9880-1a86-11ea-8697-0f460c479463','quangvinh.nguyen94@outlook.com','vinh ','nguyen','2019-12-09 13:19:48','af49580e-5d02-4390-9958-ee00d0f1f6ee','c9f3edb0-f694-11e9-b5bf-3ba2fcda0117','265a7fbf-6c76-49fd-9491-67de8d589fc3',1,1,1,NULL),('965a78a0-09ba-11ea-9266-ffea30dc629e','asas@gmail.com','kokoo','okokoko','2019-11-18 04:19:17','fb12ceae-c62a-4e99-aeae-ce2fbe83535c','c9f3edb0-f694-11e9-b5bf-3ba2fcda0117','9ebb516a-c16d-469d-bee9-8c5c11afe1b9',3,3,3,NULL),('9d4ded40-11ee-11ea-aa9c-f1d0a604eb59','kaka@gmail.com','ko','ka','2019-11-28 14:51:52','fb12ceae-c62a-4e99-aeae-ce2fbe83535c','c9f3edb0-f694-11e9-b5bf-3ba2fcda0117','265a7fbf-6c76-49fd-9491-67de8d589fc3',1,1,1,NULL),('9d4ded41-11ee-11ea-aa9c-f1d0a604eb59','kaka@gmail.com','ko','ka','2019-11-28 14:51:52','fb12ceae-c62a-4e99-aeae-ce2fbe83535c','c9f3edb0-f694-11e9-b5bf-3ba2fcda0117','265a7fbf-6c76-49fd-9491-67de8d589fc3',1,1,1,NULL),('9e5b44d0-09ba-11ea-9266-ffea30dc629e','asas@gmail.com','kokoo','okokoko','2019-11-18 04:19:31','fb12ceae-c62a-4e99-aeae-ce2fbe83535c','c9f3edb0-f694-11e9-b5bf-3ba2fcda0117','9ebb516a-c16d-469d-bee9-8c5c11afe1b9',3,3,3,NULL),('b4e2a220-09ba-11ea-9266-ffea30dc629e','asas@gmail.com','kokoo','okokoko','2019-11-18 04:20:09','fb12ceae-c62a-4e99-aeae-ce2fbe83535c','c9f3edb0-f694-11e9-b5bf-3ba2fcda0117','9ebb516a-c16d-469d-bee9-8c5c11afe1b9',3,3,3,NULL),('b8364480-09bb-11ea-9af9-051763449530','sonncse62729@fpt.edu.vn','Son','Nguyen','2019-11-18 04:27:24','fb12ceae-c62a-4e99-aeae-ce2fbe83535c','c9f3edb0-f694-11e9-b5bf-3ba2fcda0117','265a7fbf-6c76-49fd-9491-67de8d589fc3',0,0,0,NULL),('bb2d9d10-1a86-11ea-8697-0f460c479463','vinh.q.ng1994@gmail.com','vinh','nguyen','2019-12-09 13:20:55','af49580e-5d02-4390-9958-ee00d0f1f6ee','c9f3edb0-f694-11e9-b5bf-3ba2fcda0117','265a7fbf-6c76-49fd-9491-67de8d589fc3',2,2,2,NULL),('bc1ed910-f893-11e9-a507-f1a6dbfc62ec','minh@gmail.com','Son','Nguyen','2019-10-27 08:28:21','fb12ceae-c62a-4e99-aeae-ce2fbe83535c','c9f3edb0-f694-11e9-b5bf-3ba2fcda0117','265a7fbf-6c76-49fd-9491-67de8d589fc3',3,33,3,NULL),('c57a6000-09ba-11ea-9266-ffea30dc629e','asas@gmail.com','kokoo','okokoko','2019-11-18 04:20:36','fb12ceae-c62a-4e99-aeae-ce2fbe83535c','c9f3edb0-f694-11e9-b5bf-3ba2fcda0117','9ebb516a-c16d-469d-bee9-8c5c11afe1b9',3,3,3,NULL),('d36409f0-1a86-11ea-8697-0f460c479463','johnnguyen12181994@gmail.com','son','nguyen','2019-12-09 13:21:36','af49580e-5d02-4390-9958-ee00d0f1f6ee','c9f3edb0-f694-11e9-b5bf-3ba2fcda0117','265a7fbf-6c76-49fd-9491-67de8d589fc3',2,2,2,NULL),('d41b57d0-128a-11ea-a354-d144ac7a4391','kaka@gmail.com','ko','ka','2019-11-29 09:30:06','af49580e-5d02-4390-9958-ee00d0f1f6ee','c9f3edb0-f694-11e9-b5bf-3ba2fcda0117','265a7fbf-6c76-49fd-9491-67de8d589fc3',100000,1,0,NULL),('d41bf410-128a-11ea-a354-d144ac7a4391','kaka@gmail.com','ko','ka','2019-11-29 09:30:06','af49580e-5d02-4390-9958-ee00d0f1f6ee','c9f3edb0-f694-11e9-b5bf-3ba2fcda0117','265a7fbf-6c76-49fd-9491-67de8d589fc3',40000,1,0,NULL),('dca0bc70-09ba-11ea-a9e4-c102a6fd2cc1','asas@gmail.com','kokoo','okokoko','2019-11-18 04:21:15','fb12ceae-c62a-4e99-aeae-ce2fbe83535c','c9f3edb0-f694-11e9-b5bf-3ba2fcda0117','265a7fbf-6c76-49fd-9491-67de8d589fc3',3,3,3,NULL),('dd49b0e0-1271-11ea-95c7-e5e1411dda59','demone@gmail.com','de','mo','2019-11-29 06:31:24','fb12ceae-c62a-4e99-aeae-ce2fbe83535c','c9f3edb0-f694-11e9-b5bf-3ba2fcda0117','265a7fbf-6c76-49fd-9491-67de8d589fc3',1,1,1,NULL),('ed9b0aa0-f97d-11e9-bf46-ddba147d707b','cuongdola@gmail.com','cuong','la','2019-10-28 12:24:47','fb12ceae-c62a-4e99-aeae-ce2fbe83535c','c9f3edb0-f694-11e9-b5bf-3ba2fcda0117','265a7fbf-6c76-49fd-9491-67de8d589fc3',4,4,1,NULL),('ef5e1a50-128a-11ea-a354-d144ac7a4391','vinh@gmail.com','vinh','nguyen','2019-11-29 09:30:51','af49580e-5d02-4390-9958-ee00d0f1f6ee','c9f3edb0-f694-11e9-b5bf-3ba2fcda0117','265a7fbf-6c76-49fd-9491-67de8d589fc3',10,1,1,NULL),('f0b56120-1a86-11ea-8697-0f460c479463','quangvinh.nguyen1218@gmail.com','sang','nguyen','2019-12-09 13:22:25','af49580e-5d02-4390-9958-ee00d0f1f6ee','c9f3edb0-f694-11e9-b5bf-3ba2fcda0117','265a7fbf-6c76-49fd-9491-67de8d589fc3',2,2,2,NULL),('f877d770-0a01-11ea-b883-cf140cad525a','vinhnqse63033@fpt.edu.vn','Test B','B','2019-11-18 12:50:16','fb12ceae-c62a-4e99-aeae-ce2fbe83535c','9a2a1f40-025c-11ea-bc8e-b9b5910cd4e5','265a7fbf-6c76-49fd-9491-67de8d589fc3',74,2,1,'gid://shopify/Customer/2295086546978'),('f8bccfb0-0a01-11ea-b883-cf140cad525a','johnnguyen12181994@gmail.com','Test','A','2019-11-18 12:50:17','fb12ceae-c62a-4e99-aeae-ce2fbe83535c','9a2a1f40-025c-11ea-bc8e-b9b5910cd4e5','265a7fbf-6c76-49fd-9491-67de8d589fc3',17,1,0,'gid://shopify/Customer/2295077273634');
/*!40000 ALTER TABLE `Subscriber` ENABLE KEYS */;
UNLOCK TABLES;

--
-- Table structure for table `SubscriberActivationStatus`
--

DROP TABLE IF EXISTS `SubscriberActivationStatus`;
/*!40101 SET @saved_cs_client     = @@character_set_client */;
/*!50503 SET character_set_client = utf8mb4 */;
CREATE TABLE `SubscriberActivationStatus` (
  `id` char(36) NOT NULL,
  `name` varchar(100) NOT NULL,
  PRIMARY KEY (`id`),
  UNIQUE KEY `name_UNIQUE` (`name`)
) ENGINE=InnoDB DEFAULT CHARSET=utf8;
/*!40101 SET character_set_client = @saved_cs_client */;

--
-- Dumping data for table `SubscriberActivationStatus`
--
-- ORDER BY:  `id`

LOCK TABLES `SubscriberActivationStatus` WRITE;
/*!40000 ALTER TABLE `SubscriberActivationStatus` DISABLE KEYS */;
INSERT INTO `SubscriberActivationStatus` (`id`, `name`) VALUES ('265a7fbf-6c76-49fd-9491-67de8d589fc3','Activated'),('9ebb516a-c16d-469d-bee9-8c5c11afe1b9','Deactivated');
/*!40000 ALTER TABLE `SubscriberActivationStatus` ENABLE KEYS */;
UNLOCK TABLES;

--
-- Table structure for table `SubscriberType`
--

DROP TABLE IF EXISTS `SubscriberType`;
/*!40101 SET @saved_cs_client     = @@character_set_client */;
/*!50503 SET character_set_client = utf8mb4 */;
CREATE TABLE `SubscriberType` (
  `id` char(36) NOT NULL,
  `name` varchar(10) NOT NULL,
  PRIMARY KEY (`id`),
  UNIQUE KEY `name_UNIQUE` (`name`)
) ENGINE=InnoDB DEFAULT CHARSET=utf8;
/*!40101 SET character_set_client = @saved_cs_client */;

--
-- Dumping data for table `SubscriberType`
--
-- ORDER BY:  `id`

LOCK TABLES `SubscriberType` WRITE;
/*!40000 ALTER TABLE `SubscriberType` DISABLE KEYS */;
INSERT INTO `SubscriberType` (`id`, `name`) VALUES ('af49580e-5d02-4390-9958-ee00d0f1f6ee','Customer'),('fb12ceae-c62a-4e99-aeae-ce2fbe83535c','Subscriber');
/*!40000 ALTER TABLE `SubscriberType` ENABLE KEYS */;
UNLOCK TABLES;
/*!40103 SET TIME_ZONE=@OLD_TIME_ZONE */;

/*!40101 SET SQL_MODE=@OLD_SQL_MODE */;
/*!40014 SET FOREIGN_KEY_CHECKS=@OLD_FOREIGN_KEY_CHECKS */;
/*!40014 SET UNIQUE_CHECKS=@OLD_UNIQUE_CHECKS */;
/*!40101 SET CHARACTER_SET_CLIENT=@OLD_CHARACTER_SET_CLIENT */;
/*!40101 SET CHARACTER_SET_RESULTS=@OLD_CHARACTER_SET_RESULTS */;
/*!40101 SET COLLATION_CONNECTION=@OLD_COLLATION_CONNECTION */;
/*!40111 SET SQL_NOTES=@OLD_SQL_NOTES */;

-- Dump completed on 2019-12-10 23:25:42
